collection_id,application_id,collection_agent,collection_date,outstanding_amount,collection_status,collection_mode,promise_to_pay_date,settlement_amount,settlement_status,follow_up_count,last_follow_up_date,remarks
COL10001,APP12365,Rajesh Sharma (Internal),2025-12-11,8564.69,Promise to Pay,Legal Notice,2025-12-27,,Pending,2,2025-12-02,Borrower promised to pay ₹8564.69 by 2025-12-27.
COL10002,APP11958,Rajesh Sharma (Internal),2025-12-27,17502.01,Promise to Pay,Tele-calling,2026-01-16,,Pending,4,2025-12-17,Borrower promised to pay ₹17502.01 by 2026-01-16.
COL10003,APP10607,Priya Deshmukh (Internal),2024-11-11,22450.23,Legal Action Initiated,Digital Reminder,,,Rejected,12,2024-11-05,Section 25 / NI Act 138 legal notice issued for persistent loan default.
COL10004,APP12972,Apex Recovery Agency,2024-09-03,14519.54,Promise to Pay,Field Visit,2024-09-17,,Pending,7,2024-09-02,Borrower promised to pay ₹14519.54 by 2024-09-17.
COL10005,APP10446,Meenakshi Sundaram (Legal Agent),2025-06-23,92753.13,Contacted,Legal Notice,,,Pending,2,2025-06-15,Customer contacted via Legal Notice. Payment request sent.
COL10006,APP12537,Meenakshi Sundaram (Legal Agent),2025-01-20,51392.0,Legal Action Initiated,Legal Notice,,,Rejected,5,2025-01-19,Section 25 / NI Act 138 legal notice issued for persistent loan default.
COL10007,APP12761,Anita Roy (Internal),2024-11-14,21713.12,Settled,Digital Reminder,2024-11-06,15056.79,Waived Off,6,2024-11-09,Loan settled at ₹15056.79 under Waived Off arrangement.
COL10008,APP10586,Meenakshi Sundaram (Legal Agent),2025-06-24,22277.55,Legal Action Initiated,Field Visit,,,Rejected,5,2025-06-14,Section 25 / NI Act 138 legal notice issued for persistent loan default.
COL10009,APP11298,Priya Deshmukh (Internal),2025-04-20,26032.92,Contacted,Legal Notice,,,Pending,7,2025-04-16,Customer contacted via Legal Notice. Payment request sent.
COL10010,APP12374,Priya Deshmukh (Internal),2025-07-11,29832.19,Repossession Pending,WhatsApp Bot,,,Pending,11,2025-07-04,Asset recovery team assigned for asset repossession proceedings.
COL10011,APP11708,Apex Recovery Agency,2026-01-20,103909.02,Promise to Pay,Field Visit,2026-02-04,,Pending,7,2026-01-11,Borrower promised to pay ₹103909.02 by 2026-02-04.
COL10012,APP11693,Priya Deshmukh (Internal),2024-09-21,21990.69,Legal Action Initiated,Field Visit,,,Rejected,3,2024-09-11,Section 25 / NI Act 138 legal notice issued for persistent loan default.
COL10013,APP11776,Vanguard Legal & Recovery Services,2025-09-23,31181.09,Contacted,WhatsApp Bot,,,Pending,9,2025-09-19,Customer contacted via WhatsApp Bot. Payment request sent.
COL10014,APP11950,Rajesh Sharma (Internal),2025-05-15,168702.04,Repossession Pending,Tele-calling,,,Pending,2,2025-05-11,Asset recovery team assigned for asset repossession proceedings.
COL10015,APP11099,Vikramaditya Singh (Internal),2025-02-25,127115.69,Contacted,Digital Reminder,,,Pending,9,2025-02-23,Customer contacted via Digital Reminder. Payment request sent.
COL10016,APP12930,Anita Roy (Internal),2025-06-18,122060.34,Repossession Pending,Legal Notice,,,Pending,3,2025-06-10,Asset recovery team assigned for asset repossession proceedings.
COL10017,APP10591,Rajesh Sharma (Internal),2025-06-07,86580.0,Settled,WhatsApp Bot,2025-06-02,78554.32,Full Settlement,5,2025-06-04,Loan settled at ₹78554.32 under Full Settlement arrangement.
COL10018,APP12987,Anita Roy (Internal),2024-10-07,23902.23,Contacted,Digital Reminder,,,Pending,3,2024-09-27,Customer contacted via Digital Reminder. Payment request sent.
COL10019,APP11224,Suresh Kumar (Field Specialist),2025-01-03,49587.46,Settled,Field Visit,2024-12-25,47023.9,Partial Settlement,9,2024-12-31,Loan settled at ₹47023.9 under Partial Settlement arrangement.
COL10020,APP11102,Zenith Financial Recovery,2025-05-13,5548.05,Unreachable,WhatsApp Bot,,,Pending,1,2025-05-04,Borrower unreachable on registered phone number. Escalated to field team.
COL10021,APP10256,Priya Deshmukh (Internal),2024-07-31,7449.25,Promise to Pay,WhatsApp Bot,2024-08-04,,Pending,4,2024-07-30,Borrower promised to pay ₹7449.25 by 2024-08-04.
COL10022,APP11458,Anita Roy (Internal),2025-12-05,12115.75,Promise to Pay,WhatsApp Bot,2025-12-23,,Pending,3,2025-11-26,Borrower promised to pay ₹12115.75 by 2025-12-23.
COL10023,APP11254,Zenith Financial Recovery,2025-05-29,13487.78,Promise to Pay,Digital Reminder,2025-06-15,,Pending,7,2025-05-23,Borrower promised to pay ₹13487.78 by 2025-06-15.
COL10024,APP11238,Anita Roy (Internal),2024-09-20,64680.2,Unreachable,Tele-calling,,,Pending,4,2024-09-17,Borrower unreachable on registered phone number. Escalated to field team.
COL10025,APP11152,Suresh Kumar (Field Specialist),2025-02-11,27234.93,Promise to Pay,Digital Reminder,2025-03-03,,Pending,2,2025-02-04,Borrower promised to pay ₹27234.93 by 2025-03-03.
COL10026,APP10021,Rajesh Sharma (Internal),2025-01-29,99184.58,Contacted,WhatsApp Bot,,,Pending,3,2025-01-23,Customer contacted via WhatsApp Bot. Payment request sent.
COL10027,APP12716,Zenith Financial Recovery,2024-06-03,42770.41,Unreachable,Field Visit,,,Pending,7,2024-05-30,Borrower unreachable on registered phone number. Escalated to field team.
COL10028,APP10509,Apex Recovery Agency,2025-12-22,12447.05,Repossession Pending,Digital Reminder,,,Pending,11,2025-12-15,Asset recovery team assigned for asset repossession proceedings.
COL10029,APP10856,Priya Deshmukh (Internal),2025-12-08,15195.44,Promise to Pay,Legal Notice,2025-12-12,,Pending,1,2025-12-03,Borrower promised to pay ₹15195.44 by 2025-12-12.
COL10030,APP10340,Meenakshi Sundaram (Legal Agent),2024-07-29,23917.36,Legal Action Initiated,Digital Reminder,,,Rejected,9,2024-07-28,Section 25 / NI Act 138 legal notice issued for persistent loan default.
COL10031,APP11773,Anita Roy (Internal),2024-10-01,217076.96,Contacted,WhatsApp Bot,,,Pending,10,2024-09-28,Customer contacted via WhatsApp Bot. Payment request sent.
COL10032,APP10862,Meenakshi Sundaram (Legal Agent),2025-04-20,164580.18,Unreachable,Tele-calling,,,Pending,5,2025-04-17,Borrower unreachable on registered phone number. Escalated to field team.
COL10033,APP10535,Priya Deshmukh (Internal),2025-09-12,20128.77,Unreachable,Legal Notice,,,Pending,6,2025-09-11,Borrower unreachable on registered phone number. Escalated to field team.
COL10034,APP11191,Zenith Financial Recovery,2025-01-05,5477.71,Legal Action Initiated,WhatsApp Bot,,,Rejected,9,2025-01-01,Section 25 / NI Act 138 legal notice issued for persistent loan default.
COL10035,APP11311,Prudence Resolution Services,2025-12-09,48699.54,Promise to Pay,Tele-calling,2025-12-28,,Pending,12,2025-12-05,Borrower promised to pay ₹48699.54 by 2025-12-28.
COL10036,APP12815,Suresh Kumar (Field Specialist),2025-02-26,12728.37,Repossession Pending,Legal Notice,,,Pending,2,2025-02-25,Asset recovery team assigned for asset repossession proceedings.
COL10037,APP11950,Vikramaditya Singh (Internal),2024-12-26,131253.06,Settled,Legal Notice,2024-12-17,101194.29,Waived Off,11,2024-12-16,Loan settled at ₹101194.29 under Waived Off arrangement.
COL10038,APP12149,Anita Roy (Internal),2024-10-12,28989.64,Settled,Digital Reminder,2024-10-05,21876.81,Waived Off,11,2024-10-08,Loan settled at ₹21876.81 under Waived Off arrangement.
COL10039,APP12880,Suresh Kumar (Field Specialist),2024-10-31,139941.26,Contacted,Tele-calling,,,Pending,9,2024-10-31,Customer contacted via Tele-calling. Payment request sent.
COL10040,APP12338,Meenakshi Sundaram (Legal Agent),2025-06-09,127124.68,Promise to Pay,WhatsApp Bot,2025-06-18,,Pending,1,2025-06-04,Borrower promised to pay ₹127124.68 by 2025-06-18.
COL10041,APP10653,Anita Roy (Internal),2024-11-06,74666.24,Legal Action Initiated,Legal Notice,,,Rejected,4,2024-11-04,Section 25 / NI Act 138 legal notice issued for persistent loan default.
COL10042,APP10180,Vanguard Legal & Recovery Services,2025-07-27,30406.49,Promise to Pay,Tele-calling,2025-08-07,,Pending,11,2025-07-24,Borrower promised to pay ₹30406.49 by 2025-08-07.
COL10043,APP11512,Anita Roy (Internal),2025-09-15,143014.61,Contacted,Digital Reminder,,,Pending,6,2025-09-11,Customer contacted via Digital Reminder. Payment request sent.
COL10044,APP10162,Priya Deshmukh (Internal),2024-08-11,11918.49,Repossession Pending,Tele-calling,,,Pending,5,2024-08-06,Asset recovery team assigned for asset repossession proceedings.
COL10045,APP11418,Vanguard Legal & Recovery Services,2025-02-23,134026.98,Settled,WhatsApp Bot,2025-02-14,85501.29,Full Settlement,3,2025-02-14,Loan settled at ₹85501.29 under Full Settlement arrangement.
COL10046,APP11070,Prudence Resolution Services,2025-06-30,79372.19,Unreachable,Legal Notice,,,Pending,10,2025-06-27,Borrower unreachable on registered phone number. Escalated to field team.
COL10047,APP12990,Rajesh Sharma (Internal),2024-12-19,87413.35,Contacted,Digital Reminder,,,Pending,6,2024-12-13,Customer contacted via Digital Reminder. Payment request sent.
COL10048,APP12805,Prudence Resolution Services,2025-04-04,22986.47,Settled,WhatsApp Bot,2025-03-20,16416.11,Partial Settlement,9,2025-03-31,Loan settled at ₹16416.11 under Partial Settlement arrangement.
COL10049,APP11900,Suresh Kumar (Field Specialist),2024-11-26,24846.98,Promise to Pay,Field Visit,2024-12-08,,Pending,10,2024-11-17,Borrower promised to pay ₹24846.98 by 2024-12-08.
COL10050,APP12757,Suresh Kumar (Field Specialist),2026-01-15,14127.19,Settled,Tele-calling,2026-01-05,10660.73,Partial Settlement,10,2026-01-05,Loan settled at ₹10660.73 under Partial Settlement arrangement.
COL10051,APP11255,Suresh Kumar (Field Specialist),2025-11-10,59051.58,Repossession Pending,Digital Reminder,,,Pending,11,2025-10-31,Asset recovery team assigned for asset repossession proceedings.
COL10052,APP11371,Anita Roy (Internal),2024-10-29,15542.69,Repossession Pending,Field Visit,,,Pending,1,2024-10-29,Asset recovery team assigned for asset repossession proceedings.
COL10053,APP11752,Zenith Financial Recovery,2026-01-11,31232.72,Contacted,WhatsApp Bot,,,Pending,4,2026-01-05,Customer contacted via WhatsApp Bot. Payment request sent.
COL10054,APP10601,Vanguard Legal & Recovery Services,2024-09-18,548980.6,Promise to Pay,Field Visit,2024-09-26,,Pending,7,2024-09-15,Borrower promised to pay ₹548980.6 by 2024-09-26.
COL10055,APP12608,Zenith Financial Recovery,2025-09-11,12188.62,Legal Action Initiated,Tele-calling,,,Rejected,3,2025-09-04,Section 25 / NI Act 138 legal notice issued for persistent loan default.
COL10056,APP12968,Suresh Kumar (Field Specialist),2025-10-30,55462.77,Settled,WhatsApp Bot,2025-10-18,47713.48,Full Settlement,7,2025-10-22,Loan settled at ₹47713.48 under Full Settlement arrangement.
COL10057,APP12954,Zenith Financial Recovery,2025-11-16,208344.03,Promise to Pay,Legal Notice,2025-11-26,,Pending,8,2025-11-06,Borrower promised to pay ₹208344.03 by 2025-11-26.
COL10058,APP12143,Zenith Financial Recovery,2025-04-24,192185.83,Repossession Pending,Tele-calling,,,Pending,9,2025-04-23,Asset recovery team assigned for asset repossession proceedings.
COL10059,APP12621,Vikramaditya Singh (Internal),2024-08-05,78952.56,Unreachable,Field Visit,,,Pending,7,2024-07-30,Borrower unreachable on registered phone number. Escalated to field team.
COL10060,APP12270,Suresh Kumar (Field Specialist),2025-07-04,19280.46,Unreachable,Digital Reminder,,,Pending,10,2025-07-04,Borrower unreachable on registered phone number. Escalated to field team.
COL10061,APP10909,Zenith Financial Recovery,2025-08-04,18642.6,Settled,Tele-calling,2025-07-21,14371.21,Full Settlement,9,2025-07-27,Loan settled at ₹14371.21 under Full Settlement arrangement.
COL10062,APP11987,Vanguard Legal & Recovery Services,2025-07-20,29279.36,Contacted,Digital Reminder,,,Pending,12,2025-07-18,Customer contacted via Digital Reminder. Payment request sent.
COL10063,APP10497,Vikramaditya Singh (Internal),2025-12-30,16293.6,Legal Action Initiated,WhatsApp Bot,,,Rejected,11,2025-12-30,Section 25 / NI Act 138 legal notice issued for persistent loan default.
COL10064,APP10066,Vanguard Legal & Recovery Services,2025-05-02,54740.7,Unreachable,Field Visit,,,Pending,4,2025-04-25,Borrower unreachable on registered phone number. Escalated to field team.
COL10065,APP12546,Prudence Resolution Services,2025-02-14,249213.17,Settled,Digital Reminder,2025-02-09,196578.52,Waived Off,2,2025-02-07,Loan settled at ₹196578.52 under Waived Off arrangement.
COL10066,APP10982,Priya Deshmukh (Internal),2025-02-09,76711.99,Repossession Pending,Tele-calling,,,Pending,4,2025-02-09,Asset recovery team assigned for asset repossession proceedings.
COL10067,APP11650,Priya Deshmukh (Internal),2025-01-10,44772.87,Unreachable,Field Visit,,,Pending,8,2025-01-06,Borrower unreachable on registered phone number. Escalated to field team.
COL10068,APP10036,Vikramaditya Singh (Internal),2024-11-15,35182.72,Legal Action Initiated,WhatsApp Bot,,,Rejected,5,2024-11-14,Section 25 / NI Act 138 legal notice issued for persistent loan default.
COL10069,APP12011,Apex Recovery Agency,2024-12-21,145915.54,Repossession Pending,WhatsApp Bot,,,Pending,2,2024-12-12,Asset recovery team assigned for asset repossession proceedings.
COL10070,APP11254,Anita Roy (Internal),2026-01-01,25308.02,Repossession Pending,Legal Notice,,,Pending,1,2025-12-27,Asset recovery team assigned for asset repossession proceedings.
COL10071,APP12507,Vanguard Legal & Recovery Services,2025-08-05,246999.34,Contacted,Legal Notice,,,Pending,8,2025-08-04,Customer contacted via Legal Notice. Payment request sent.
COL10072,APP12699,Prudence Resolution Services,2025-11-17,87989.35,Repossession Pending,Digital Reminder,,,Pending,11,2025-11-13,Asset recovery team assigned for asset repossession proceedings.
COL10073,APP10714,Zenith Financial Recovery,2025-04-27,105634.64,Unreachable,Digital Reminder,,,Pending,4,2025-04-26,Borrower unreachable on registered phone number. Escalated to field team.
COL10074,APP10538,Zenith Financial Recovery,2025-05-11,58076.06,Unreachable,Field Visit,,,Pending,1,2025-05-04,Borrower unreachable on registered phone number. Escalated to field team.
COL10075,APP11463,Vikramaditya Singh (Internal),2025-03-14,79432.52,Promise to Pay,Digital Reminder,2025-04-03,,Pending,10,2025-03-10,Borrower promised to pay ₹79432.52 by 2025-04-03.
COL10076,APP10619,Suresh Kumar (Field Specialist),2025-12-21,20122.39,Contacted,Field Visit,,,Pending,4,2025-12-14,Customer contacted via Field Visit. Payment request sent.
COL10077,APP11587,Zenith Financial Recovery,2025-02-05,72067.47,Contacted,Tele-calling,,,Pending,5,2025-01-26,Customer contacted via Tele-calling. Payment request sent.
COL10078,APP10036,Zenith Financial Recovery,2025-12-16,20211.0,Legal Action Initiated,WhatsApp Bot,,,Rejected,6,2025-12-11,Section 25 / NI Act 138 legal notice issued for persistent loan default.
COL10079,APP11318,Apex Recovery Agency,2025-04-20,27733.79,Settled,Legal Notice,2025-04-13,18740.68,Full Settlement,2,2025-04-12,Loan settled at ₹18740.68 under Full Settlement arrangement.
COL10080,APP11310,Apex Recovery Agency,2024-12-16,104488.72,Legal Action Initiated,WhatsApp Bot,,,Rejected,5,2024-12-13,Section 25 / NI Act 138 legal notice issued for persistent loan default.
COL10081,APP12481,Vikramaditya Singh (Internal),2024-07-17,304097.03,Contacted,Legal Notice,,,Pending,1,2024-07-09,Customer contacted via Legal Notice. Payment request sent.
COL10082,APP10078,Vikramaditya Singh (Internal),2025-09-24,43008.51,Contacted,Digital Reminder,,,Pending,8,2025-09-17,Customer contacted via Digital Reminder. Payment request sent.
COL10083,APP12240,Vikramaditya Singh (Internal),2024-08-06,71767.71,Settled,Tele-calling,2024-07-31,58871.48,Waived Off,7,2024-07-30,Loan settled at ₹58871.48 under Waived Off arrangement.
COL10084,APP10548,Vikramaditya Singh (Internal),2025-02-10,120572.85,Legal Action Initiated,Field Visit,,,Rejected,2,2025-02-02,Section 25 / NI Act 138 legal notice issued for persistent loan default.
COL10085,APP10968,Meenakshi Sundaram (Legal Agent),2025-09-05,4957.03,Legal Action Initiated,WhatsApp Bot,,,Rejected,8,2025-09-01,Section 25 / NI Act 138 legal notice issued for persistent loan default.
COL10086,APP12214,Apex Recovery Agency,2024-09-10,11451.17,Legal Action Initiated,WhatsApp Bot,,,Rejected,4,2024-08-31,Section 25 / NI Act 138 legal notice issued for persistent loan default.
COL10087,APP11292,Apex Recovery Agency,2024-11-08,35590.65,Promise to Pay,Tele-calling,2024-11-25,,Pending,1,2024-11-02,Borrower promised to pay ₹35590.65 by 2024-11-25.
COL10088,APP12793,Apex Recovery Agency,2025-09-08,19127.47,Promise to Pay,Tele-calling,2025-09-18,,Pending,2,2025-08-29,Borrower promised to pay ₹19127.47 by 2025-09-18.
COL10089,APP12883,Meenakshi Sundaram (Legal Agent),2024-10-31,11443.05,Unreachable,Field Visit,,,Pending,5,2024-10-29,Borrower unreachable on registered phone number. Escalated to field team.
COL10090,APP10586,Rajesh Sharma (Internal),2025-03-23,20967.2,Settled,Field Visit,2025-03-11,14811.9,Waived Off,8,2025-03-22,Loan settled at ₹14811.9 under Waived Off arrangement.
COL10091,APP10342,Apex Recovery Agency,2024-07-11,76288.38,Legal Action Initiated,WhatsApp Bot,,,Rejected,7,2024-07-06,Section 25 / NI Act 138 legal notice issued for persistent loan default.
COL10092,APP12555,Rajesh Sharma (Internal),2026-01-11,48094.04,Promise to Pay,Tele-calling,2026-01-22,,Pending,10,2026-01-11,Borrower promised to pay ₹48094.04 by 2026-01-22.
COL10093,APP12021,Vikramaditya Singh (Internal),2024-12-03,34788.1,Legal Action Initiated,Digital Reminder,,,Rejected,10,2024-11-27,Section 25 / NI Act 138 legal notice issued for persistent loan default.
COL10094,APP11800,Anita Roy (Internal),2024-09-16,40585.89,Settled,Digital Reminder,2024-09-05,31389.7,Waived Off,3,2024-09-11,Loan settled at ₹31389.7 under Waived Off arrangement.
COL10095,APP12744,Suresh Kumar (Field Specialist),2024-09-27,141737.89,Unreachable,Tele-calling,,,Pending,7,2024-09-19,Borrower unreachable on registered phone number. Escalated to field team.
COL10096,APP12663,Suresh Kumar (Field Specialist),2025-10-24,74103.35,Unreachable,Digital Reminder,,,Pending,11,2025-10-17,Borrower unreachable on registered phone number. Escalated to field team.
COL10097,APP10702,Priya Deshmukh (Internal),2025-10-10,82973.53,Legal Action Initiated,Legal Notice,,,Rejected,2,2025-10-10,Section 25 / NI Act 138 legal notice issued for persistent loan default.
COL10098,APP11046,Vikramaditya Singh (Internal),2025-01-17,98245.73,Legal Action Initiated,Legal Notice,,,Rejected,2,2025-01-10,Section 25 / NI Act 138 legal notice issued for persistent loan default.
COL10099,APP11166,Vikramaditya Singh (Internal),2025-07-31,31097.68,Repossession Pending,Digital Reminder,,,Pending,8,2025-07-24,Asset recovery team assigned for asset repossession proceedings.
COL10100,APP12173,Zenith Financial Recovery,2025-11-03,28659.73,Promise to Pay,WhatsApp Bot,2025-11-08,,Pending,12,2025-11-01,Borrower promised to pay ₹28659.73 by 2025-11-08.
COL10101,APP11064,Vanguard Legal & Recovery Services,2025-04-02,21643.18,Legal Action Initiated,Legal Notice,,,Rejected,10,2025-03-24,Section 25 / NI Act 138 legal notice issued for persistent loan default.
COL10102,APP10546,Vikramaditya Singh (Internal),2025-12-09,98877.21,Legal Action Initiated,Digital Reminder,,,Rejected,7,2025-12-02,Section 25 / NI Act 138 legal notice issued for persistent loan default.
COL10103,APP10569,Priya Deshmukh (Internal),2025-07-26,37085.15,Legal Action Initiated,Field Visit,,,Rejected,1,2025-07-21,Section 25 / NI Act 138 legal notice issued for persistent loan default.
COL10104,APP10675,Vanguard Legal & Recovery Services,2024-11-03,23564.57,Repossession Pending,Digital Reminder,,,Pending,8,2024-11-03,Asset recovery team assigned for asset repossession proceedings.
COL10105,APP11737,Suresh Kumar (Field Specialist),2025-08-25,48567.55,Settled,WhatsApp Bot,2025-08-13,41421.09,Full Settlement,2,2025-08-17,Loan settled at ₹41421.09 under Full Settlement arrangement.
COL10106,APP11653,Vikramaditya Singh (Internal),2025-07-13,23181.3,Unreachable,Tele-calling,,,Pending,11,2025-07-12,Borrower unreachable on registered phone number. Escalated to field team.
COL10107,APP11815,Suresh Kumar (Field Specialist),2025-10-13,50697.36,Settled,Digital Reminder,2025-09-29,34584.2,Full Settlement,9,2025-10-13,Loan settled at ₹34584.2 under Full Settlement arrangement.
COL10108,APP12077,Priya Deshmukh (Internal),2024-09-11,70660.54,Unreachable,Tele-calling,,,Pending,8,2024-09-09,Borrower unreachable on registered phone number. Escalated to field team.
COL10109,APP12265,Rajesh Sharma (Internal),2025-06-19,167056.83,Settled,Tele-calling,2025-06-11,124326.72,Waived Off,7,2025-06-17,Loan settled at ₹124326.72 under Waived Off arrangement.
COL10110,APP11660,Vikramaditya Singh (Internal),2025-02-02,17291.9,Contacted,Field Visit,,,Pending,8,2025-01-24,Customer contacted via Field Visit. Payment request sent.
COL10111,APP10017,Priya Deshmukh (Internal),2024-06-10,31350.49,Repossession Pending,Digital Reminder,,,Pending,8,2024-06-06,Asset recovery team assigned for asset repossession proceedings.
COL10112,APP11788,Vikramaditya Singh (Internal),2025-04-03,13504.15,Unreachable,Tele-calling,,,Pending,11,2025-03-28,Borrower unreachable on registered phone number. Escalated to field team.
COL10113,APP12555,Zenith Financial Recovery,2024-09-18,49426.64,Promise to Pay,Legal Notice,2024-10-02,,Pending,4,2024-09-12,Borrower promised to pay ₹49426.64 by 2024-10-02.
COL10114,APP11900,Apex Recovery Agency,2024-07-21,22276.42,Repossession Pending,Tele-calling,,,Pending,10,2024-07-14,Asset recovery team assigned for asset repossession proceedings.
COL10115,APP12864,Priya Deshmukh (Internal),2025-02-12,4519.75,Settled,WhatsApp Bot,2025-01-28,3705.68,Full Settlement,11,2025-02-02,Loan settled at ₹3705.68 under Full Settlement arrangement.
COL10116,APP10226,Apex Recovery Agency,2024-09-01,263616.18,Contacted,Digital Reminder,,,Pending,5,2024-08-27,Customer contacted via Digital Reminder. Payment request sent.
COL10117,APP10551,Vikramaditya Singh (Internal),2025-06-10,29696.15,Promise to Pay,Field Visit,2025-06-21,,Pending,9,2025-06-02,Borrower promised to pay ₹29696.15 by 2025-06-21.
COL10118,APP11780,Apex Recovery Agency,2024-09-26,51632.68,Settled,Digital Reminder,2024-09-19,46523.59,Full Settlement,8,2024-09-25,Loan settled at ₹46523.59 under Full Settlement arrangement.
COL10119,APP10584,Suresh Kumar (Field Specialist),2025-12-02,327839.21,Contacted,Legal Notice,,,Pending,2,2025-11-25,Customer contacted via Legal Notice. Payment request sent.
COL10120,APP10550,Apex Recovery Agency,2024-09-19,67657.89,Unreachable,WhatsApp Bot,,,Pending,11,2024-09-16,Borrower unreachable on registered phone number. Escalated to field team.
COL10121,APP12984,Rajesh Sharma (Internal),2024-08-04,11808.44,Legal Action Initiated,WhatsApp Bot,,,Rejected,11,2024-07-28,Section 25 / NI Act 138 legal notice issued for persistent loan default.
COL10122,APP11178,Vanguard Legal & Recovery Services,2025-10-18,26838.63,Promise to Pay,Tele-calling,2025-10-28,,Pending,2,2025-10-17,Borrower promised to pay ₹26838.63 by 2025-10-28.
COL10123,APP11897,Vikramaditya Singh (Internal),2025-12-06,37994.56,Unreachable,Digital Reminder,,,Pending,7,2025-11-27,Borrower unreachable on registered phone number. Escalated to field team.
COL10124,APP11666,Vanguard Legal & Recovery Services,2025-03-14,17482.3,Unreachable,Tele-calling,,,Pending,1,2025-03-09,Borrower unreachable on registered phone number. Escalated to field team.
COL10125,APP11305,Zenith Financial Recovery,2025-06-12,45471.56,Promise to Pay,Digital Reminder,2025-06-26,,Pending,9,2025-06-02,Borrower promised to pay ₹45471.56 by 2025-06-26.
COL10126,APP11073,Vanguard Legal & Recovery Services,2025-09-09,45301.98,Promise to Pay,Legal Notice,2025-09-18,,Pending,2,2025-08-30,Borrower promised to pay ₹45301.98 by 2025-09-18.
COL10127,APP11662,Rajesh Sharma (Internal),2024-12-28,48811.01,Promise to Pay,Legal Notice,2025-01-06,,Pending,2,2024-12-20,Borrower promised to pay ₹48811.01 by 2025-01-06.
COL10128,APP10379,Priya Deshmukh (Internal),2025-03-11,64080.97,Promise to Pay,Legal Notice,2025-03-31,,Pending,3,2025-03-09,Borrower promised to pay ₹64080.97 by 2025-03-31.
COL10129,APP11172,Vikramaditya Singh (Internal),2025-06-02,85841.04,Repossession Pending,Tele-calling,,,Pending,4,2025-05-24,Asset recovery team assigned for asset repossession proceedings.
COL10130,APP10699,Rajesh Sharma (Internal),2025-11-21,46626.27,Settled,Field Visit,2025-11-09,40672.37,Partial Settlement,2,2025-11-20,Loan settled at ₹40672.37 under Partial Settlement arrangement.
COL10131,APP12464,Meenakshi Sundaram (Legal Agent),2024-07-15,39164.29,Unreachable,Tele-calling,,,Pending,12,2024-07-05,Borrower unreachable on registered phone number. Escalated to field team.
COL10132,APP10554,Apex Recovery Agency,2025-10-04,33490.89,Repossession Pending,Digital Reminder,,,Pending,7,2025-09-28,Asset recovery team assigned for asset repossession proceedings.
COL10133,APP11286,Zenith Financial Recovery,2024-10-30,56729.99,Contacted,Digital Reminder,,,Pending,2,2024-10-28,Customer contacted via Digital Reminder. Payment request sent.
COL10134,APP11208,Meenakshi Sundaram (Legal Agent),2025-11-26,321169.87,Legal Action Initiated,WhatsApp Bot,,,Rejected,5,2025-11-19,Section 25 / NI Act 138 legal notice issued for persistent loan default.
COL10135,APP10219,Meenakshi Sundaram (Legal Agent),2025-12-17,233565.6,Contacted,Digital Reminder,,,Pending,12,2025-12-14,Customer contacted via Digital Reminder. Payment request sent.
COL10136,APP10740,Zenith Financial Recovery,2025-07-31,17275.19,Unreachable,Field Visit,,,Pending,12,2025-07-30,Borrower unreachable on registered phone number. Escalated to field team.
COL10137,APP10262,Vanguard Legal & Recovery Services,2025-09-29,34098.36,Repossession Pending,Legal Notice,,,Pending,2,2025-09-28,Asset recovery team assigned for asset repossession proceedings.
COL10138,APP11091,Anita Roy (Internal),2024-10-12,59913.78,Contacted,Digital Reminder,,,Pending,9,2024-10-12,Customer contacted via Digital Reminder. Payment request sent.
COL10139,APP11729,Suresh Kumar (Field Specialist),2025-08-08,14178.29,Repossession Pending,Legal Notice,,,Pending,12,2025-08-08,Asset recovery team assigned for asset repossession proceedings.
COL10140,APP10943,Meenakshi Sundaram (Legal Agent),2024-11-06,59544.46,Settled,Legal Notice,2024-10-29,43023.25,Full Settlement,11,2024-10-30,Loan settled at ₹43023.25 under Full Settlement arrangement.
COL10141,APP11981,Prudence Resolution Services,2025-12-27,531606.45,Settled,Tele-calling,2025-12-12,422552.13,Waived Off,10,2025-12-18,Loan settled at ₹422552.13 under Waived Off arrangement.
COL10142,APP11234,Rajesh Sharma (Internal),2025-05-14,19906.5,Settled,Field Visit,2025-05-07,15889.61,Full Settlement,6,2025-05-14,Loan settled at ₹15889.61 under Full Settlement arrangement.
COL10143,APP12744,Anita Roy (Internal),2025-11-26,311132.75,Repossession Pending,Field Visit,,,Pending,4,2025-11-20,Asset recovery team assigned for asset repossession proceedings.
COL10144,APP10607,Zenith Financial Recovery,2026-01-03,25047.64,Promise to Pay,Legal Notice,2026-01-07,,Pending,10,2026-01-02,Borrower promised to pay ₹25047.64 by 2026-01-07.
COL10145,APP10916,Vikramaditya Singh (Internal),2025-08-09,23560.93,Contacted,WhatsApp Bot,,,Pending,8,2025-07-31,Customer contacted via WhatsApp Bot. Payment request sent.
COL10146,APP12042,Vanguard Legal & Recovery Services,2025-08-15,19580.57,Promise to Pay,Legal Notice,2025-09-02,,Pending,2,2025-08-11,Borrower promised to pay ₹19580.57 by 2025-09-02.
COL10147,APP11012,Apex Recovery Agency,2024-06-08,82949.08,Promise to Pay,Tele-calling,2024-06-17,,Pending,4,2024-06-04,Borrower promised to pay ₹82949.08 by 2024-06-17.
COL10148,APP11029,Apex Recovery Agency,2025-08-15,16334.71,Settled,Legal Notice,2025-08-04,13823.82,Waived Off,3,2025-08-13,Loan settled at ₹13823.82 under Waived Off arrangement.
COL10149,APP10229,Suresh Kumar (Field Specialist),2025-08-21,43434.98,Contacted,Legal Notice,,,Pending,1,2025-08-14,Customer contacted via Legal Notice. Payment request sent.
COL10150,APP10350,Prudence Resolution Services,2025-08-02,66018.69,Unreachable,WhatsApp Bot,,,Pending,5,2025-08-01,Borrower unreachable on registered phone number. Escalated to field team.
COL10151,APP10316,Rajesh Sharma (Internal),2025-06-06,67950.6,Promise to Pay,Legal Notice,2025-06-12,,Pending,2,2025-05-31,Borrower promised to pay ₹67950.6 by 2025-06-12.
COL10152,APP11267,Vanguard Legal & Recovery Services,2025-04-14,74083.07,Unreachable,WhatsApp Bot,,,Pending,12,2025-04-09,Borrower unreachable on registered phone number. Escalated to field team.
COL10153,APP12764,Prudence Resolution Services,2025-11-05,39391.63,Contacted,Field Visit,,,Pending,4,2025-10-31,Customer contacted via Field Visit. Payment request sent.
COL10154,APP12544,Vikramaditya Singh (Internal),2024-11-04,26182.47,Contacted,Field Visit,,,Pending,11,2024-11-03,Customer contacted via Field Visit. Payment request sent.
COL10155,APP10180,Zenith Financial Recovery,2025-12-31,31259.56,Legal Action Initiated,Digital Reminder,,,Rejected,11,2025-12-21,Section 25 / NI Act 138 legal notice issued for persistent loan default.
COL10156,APP11847,Prudence Resolution Services,2025-04-07,6893.16,Unreachable,Field Visit,,,Pending,5,2025-03-29,Borrower unreachable on registered phone number. Escalated to field team.
COL10157,APP10449,Prudence Resolution Services,2024-07-29,14991.24,Contacted,WhatsApp Bot,,,Pending,6,2024-07-25,Customer contacted via WhatsApp Bot. Payment request sent.
COL10158,APP12748,Anita Roy (Internal),2025-12-20,122623.08,Legal Action Initiated,WhatsApp Bot,,,Rejected,12,2025-12-20,Section 25 / NI Act 138 legal notice issued for persistent loan default.
COL10159,APP11738,Meenakshi Sundaram (Legal Agent),2024-08-03,28608.61,Settled,Field Visit,2024-07-24,18009.55,Waived Off,8,2024-08-02,Loan settled at ₹18009.55 under Waived Off arrangement.
COL10160,APP12541,Rajesh Sharma (Internal),2025-11-18,304758.21,Repossession Pending,Field Visit,,,Pending,10,2025-11-16,Asset recovery team assigned for asset repossession proceedings.
COL10161,APP12852,Prudence Resolution Services,2024-07-24,14002.03,Unreachable,Legal Notice,,,Pending,11,2024-07-14,Borrower unreachable on registered phone number. Escalated to field team.
COL10162,APP12511,Anita Roy (Internal),2025-02-14,40760.12,Contacted,Legal Notice,,,Pending,12,2025-02-04,Customer contacted via Legal Notice. Payment request sent.
COL10163,APP10547,Prudence Resolution Services,2025-04-14,19067.29,Legal Action Initiated,Tele-calling,,,Rejected,11,2025-04-04,Section 25 / NI Act 138 legal notice issued for persistent loan default.
COL10164,APP11457,Vikramaditya Singh (Internal),2025-06-21,43419.95,Repossession Pending,WhatsApp Bot,,,Pending,11,2025-06-16,Asset recovery team assigned for asset repossession proceedings.
COL10165,APP10484,Suresh Kumar (Field Specialist),2024-06-19,40024.54,Repossession Pending,Tele-calling,,,Pending,6,2024-06-15,Asset recovery team assigned for asset repossession proceedings.
COL10166,APP11937,Priya Deshmukh (Internal),2024-11-06,75590.96,Unreachable,Legal Notice,,,Pending,2,2024-11-02,Borrower unreachable on registered phone number. Escalated to field team.
COL10167,APP11930,Suresh Kumar (Field Specialist),2025-05-11,128282.17,Repossession Pending,WhatsApp Bot,,,Pending,10,2025-05-09,Asset recovery team assigned for asset repossession proceedings.
COL10168,APP10662,Vikramaditya Singh (Internal),2024-11-17,23912.27,Promise to Pay,Field Visit,2024-11-21,,Pending,12,2024-11-10,Borrower promised to pay ₹23912.27 by 2024-11-21.
COL10169,APP12500,Prudence Resolution Services,2025-09-03,31679.26,Unreachable,Field Visit,,,Pending,4,2025-08-26,Borrower unreachable on registered phone number. Escalated to field team.
COL10170,APP10096,Apex Recovery Agency,2025-08-26,14168.9,Promise to Pay,Digital Reminder,2025-09-10,,Pending,8,2025-08-22,Borrower promised to pay ₹14168.9 by 2025-09-10.
COL10171,APP10174,Suresh Kumar (Field Specialist),2024-10-20,173460.47,Promise to Pay,Digital Reminder,2024-11-07,,Pending,5,2024-10-20,Borrower promised to pay ₹173460.47 by 2024-11-07.
COL10172,APP12746,Suresh Kumar (Field Specialist),2025-03-19,663208.45,Repossession Pending,Tele-calling,,,Pending,2,2025-03-17,Asset recovery team assigned for asset repossession proceedings.
COL10173,APP11987,Zenith Financial Recovery,2025-01-14,44250.62,Promise to Pay,WhatsApp Bot,2025-01-17,,Pending,8,2025-01-09,Borrower promised to pay ₹44250.62 by 2025-01-17.
COL10174,APP10373,Rajesh Sharma (Internal),2024-08-23,19319.16,Legal Action Initiated,Digital Reminder,,,Rejected,6,2024-08-20,Section 25 / NI Act 138 legal notice issued for persistent loan default.
COL10175,APP12803,Prudence Resolution Services,2024-10-19,30804.99,Repossession Pending,Tele-calling,,,Pending,1,2024-10-15,Asset recovery team assigned for asset repossession proceedings.
COL10176,APP11437,Vikramaditya Singh (Internal),2024-06-20,174743.71,Unreachable,Digital Reminder,,,Pending,5,2024-06-17,Borrower unreachable on registered phone number. Escalated to field team.
COL10177,APP10665,Suresh Kumar (Field Specialist),2025-01-30,118403.6,Legal Action Initiated,WhatsApp Bot,,,Rejected,5,2025-01-29,Section 25 / NI Act 138 legal notice issued for persistent loan default.
COL10178,APP10552,Priya Deshmukh (Internal),2024-09-22,208256.44,Repossession Pending,Digital Reminder,,,Pending,8,2024-09-13,Asset recovery team assigned for asset repossession proceedings.
COL10179,APP12922,Rajesh Sharma (Internal),2025-08-14,37459.98,Legal Action Initiated,WhatsApp Bot,,,Rejected,1,2025-08-05,Section 25 / NI Act 138 legal notice issued for persistent loan default.
COL10180,APP10213,Priya Deshmukh (Internal),2025-11-19,42392.95,Unreachable,WhatsApp Bot,,,Pending,6,2025-11-18,Borrower unreachable on registered phone number. Escalated to field team.
COL10181,APP10439,Suresh Kumar (Field Specialist),2025-09-25,190137.62,Legal Action Initiated,WhatsApp Bot,,,Rejected,1,2025-09-15,Section 25 / NI Act 138 legal notice issued for persistent loan default.
COL10182,APP11098,Prudence Resolution Services,2025-05-20,27492.73,Repossession Pending,Legal Notice,,,Pending,4,2025-05-10,Asset recovery team assigned for asset repossession proceedings.
COL10183,APP11931,Meenakshi Sundaram (Legal Agent),2024-11-27,13457.86,Promise to Pay,Legal Notice,2024-12-15,,Pending,11,2024-11-20,Borrower promised to pay ₹13457.86 by 2024-12-15.
COL10184,APP12491,Vikramaditya Singh (Internal),2025-03-28,20319.73,Repossession Pending,Tele-calling,,,Pending,4,2025-03-28,Asset recovery team assigned for asset repossession proceedings.
COL10185,APP12254,Rajesh Sharma (Internal),2025-12-09,92846.56,Settled,Legal Notice,2025-12-04,61918.09,Waived Off,8,2025-12-05,Loan settled at ₹61918.09 under Waived Off arrangement.
COL10186,APP12436,Rajesh Sharma (Internal),2025-07-15,12923.86,Settled,Legal Notice,2025-07-04,12158.81,Partial Settlement,12,2025-07-08,Loan settled at ₹12158.81 under Partial Settlement arrangement.
COL10187,APP12848,Zenith Financial Recovery,2025-08-09,30257.71,Legal Action Initiated,Legal Notice,,,Rejected,2,2025-08-03,Section 25 / NI Act 138 legal notice issued for persistent loan default.
COL10188,APP11937,Suresh Kumar (Field Specialist),2025-03-30,62485.9,Settled,Legal Notice,2025-03-16,46810.73,Waived Off,5,2025-03-23,Loan settled at ₹46810.73 under Waived Off arrangement.
COL10189,APP12371,Prudence Resolution Services,2025-08-20,148354.84,Contacted,Digital Reminder,,,Pending,5,2025-08-10,Customer contacted via Digital Reminder. Payment request sent.
COL10190,APP10542,Anita Roy (Internal),2024-11-11,30252.78,Settled,Digital Reminder,2024-10-28,26424.57,Waived Off,1,2024-11-09,Loan settled at ₹26424.57 under Waived Off arrangement.
COL10191,APP10419,Vikramaditya Singh (Internal),2025-06-28,95692.31,Promise to Pay,Tele-calling,2025-07-05,,Pending,10,2025-06-28,Borrower promised to pay ₹95692.31 by 2025-07-05.
COL10192,APP11738,Prudence Resolution Services,2025-11-25,33177.29,Unreachable,Legal Notice,,,Pending,6,2025-11-19,Borrower unreachable on registered phone number. Escalated to field team.
COL10193,APP10535,Apex Recovery Agency,2025-11-13,15317.52,Contacted,Field Visit,,,Pending,7,2025-11-05,Customer contacted via Field Visit. Payment request sent.
COL10194,APP10030,Apex Recovery Agency,2025-03-20,88786.98,Repossession Pending,Legal Notice,,,Pending,12,2025-03-13,Asset recovery team assigned for asset repossession proceedings.
COL10195,APP10722,Anita Roy (Internal),2025-08-30,26683.67,Contacted,Field Visit,,,Pending,2,2025-08-20,Customer contacted via Field Visit. Payment request sent.
COL10196,APP11440,Prudence Resolution Services,2024-11-09,15863.79,Legal Action Initiated,Tele-calling,,,Rejected,12,2024-10-30,Section 25 / NI Act 138 legal notice issued for persistent loan default.
COL10197,APP12802,Prudence Resolution Services,2024-10-21,10965.67,Promise to Pay,WhatsApp Bot,2024-10-24,,Pending,4,2024-10-14,Borrower promised to pay ₹10965.67 by 2024-10-24.
COL10198,APP12481,Suresh Kumar (Field Specialist),2024-10-11,237701.8,Settled,WhatsApp Bot,2024-10-05,175746.25,Partial Settlement,10,2024-10-10,Loan settled at ₹175746.25 under Partial Settlement arrangement.
COL10199,APP10391,Suresh Kumar (Field Specialist),2025-04-21,37130.63,Unreachable,Digital Reminder,,,Pending,11,2025-04-20,Borrower unreachable on registered phone number. Escalated to field team.
COL10200,APP11738,Zenith Financial Recovery,2025-12-17,15925.11,Settled,WhatsApp Bot,2025-12-10,11966.39,Full Settlement,11,2025-12-08,Loan settled at ₹11966.39 under Full Settlement arrangement.
COL10201,APP12770,Anita Roy (Internal),2025-01-17,63709.09,Promise to Pay,WhatsApp Bot,2025-01-29,,Pending,6,2025-01-09,Borrower promised to pay ₹63709.09 by 2025-01-29.
COL10202,APP12987,Apex Recovery Agency,2025-04-07,23025.55,Repossession Pending,Field Visit,,,Pending,10,2025-03-30,Asset recovery team assigned for asset repossession proceedings.
COL10203,APP12871,Suresh Kumar (Field Specialist),2025-05-12,59741.47,Legal Action Initiated,Field Visit,,,Rejected,10,2025-05-12,Section 25 / NI Act 138 legal notice issued for persistent loan default.
COL10204,APP11200,Anita Roy (Internal),2025-01-02,64833.03,Repossession Pending,Tele-calling,,,Pending,10,2024-12-27,Asset recovery team assigned for asset repossession proceedings.
COL10205,APP11185,Zenith Financial Recovery,2025-02-06,18283.16,Settled,WhatsApp Bot,2025-01-28,11436.86,Partial Settlement,11,2025-01-31,Loan settled at ₹11436.86 under Partial Settlement arrangement.
COL10206,APP11564,Vikramaditya Singh (Internal),2024-10-26,37589.7,Unreachable,Digital Reminder,,,Pending,6,2024-10-21,Borrower unreachable on registered phone number. Escalated to field team.
COL10207,APP10442,Vanguard Legal & Recovery Services,2025-02-03,33314.83,Settled,Field Visit,2025-01-25,22879.68,Partial Settlement,8,2025-02-02,Loan settled at ₹22879.68 under Partial Settlement arrangement.
COL10208,APP11711,Rajesh Sharma (Internal),2024-11-11,41913.08,Unreachable,Legal Notice,,,Pending,6,2024-11-02,Borrower unreachable on registered phone number. Escalated to field team.
COL10209,APP10262,Priya Deshmukh (Internal),2025-04-12,71095.2,Unreachable,Field Visit,,,Pending,8,2025-04-12,Borrower unreachable on registered phone number. Escalated to field team.
COL10210,APP12222,Vanguard Legal & Recovery Services,2025-05-28,23408.26,Unreachable,WhatsApp Bot,,,Pending,1,2025-05-28,Borrower unreachable on registered phone number. Escalated to field team.
COL10211,APP12492,Zenith Financial Recovery,2024-06-09,21076.7,Repossession Pending,WhatsApp Bot,,,Pending,2,2024-06-03,Asset recovery team assigned for asset repossession proceedings.
COL10212,APP11772,Apex Recovery Agency,2026-01-05,7306.66,Unreachable,Legal Notice,,,Pending,9,2026-01-02,Borrower unreachable on registered phone number. Escalated to field team.
COL10213,APP12202,Suresh Kumar (Field Specialist),2025-12-16,28798.12,Contacted,Legal Notice,,,Pending,5,2025-12-07,Customer contacted via Legal Notice. Payment request sent.
COL10214,APP11243,Vikramaditya Singh (Internal),2025-12-24,21398.29,Unreachable,Tele-calling,,,Pending,6,2025-12-22,Borrower unreachable on registered phone number. Escalated to field team.
COL10215,APP12308,Meenakshi Sundaram (Legal Agent),2024-10-19,26354.22,Unreachable,WhatsApp Bot,,,Pending,12,2024-10-14,Borrower unreachable on registered phone number. Escalated to field team.
COL10216,APP11960,Suresh Kumar (Field Specialist),2025-05-02,32351.83,Promise to Pay,Digital Reminder,2025-05-10,,Pending,10,2025-04-27,Borrower promised to pay ₹32351.83 by 2025-05-10.
COL10217,APP10704,Meenakshi Sundaram (Legal Agent),2025-11-28,60864.11,Legal Action Initiated,Legal Notice,,,Rejected,8,2025-11-19,Section 25 / NI Act 138 legal notice issued for persistent loan default.
COL10218,APP12265,Zenith Financial Recovery,2025-08-01,100159.31,Settled,Tele-calling,2025-07-17,81020.71,Full Settlement,10,2025-07-28,Loan settled at ₹81020.71 under Full Settlement arrangement.
COL10219,APP10536,Meenakshi Sundaram (Legal Agent),2024-11-22,109839.56,Promise to Pay,WhatsApp Bot,2024-12-07,,Pending,9,2024-11-12,Borrower promised to pay ₹109839.56 by 2024-12-07.
COL10220,APP12060,Priya Deshmukh (Internal),2024-06-20,19116.29,Legal Action Initiated,Tele-calling,,,Rejected,8,2024-06-15,Section 25 / NI Act 138 legal notice issued for persistent loan default.
COL10221,APP11576,Vikramaditya Singh (Internal),2025-09-26,103135.52,Repossession Pending,Digital Reminder,,,Pending,12,2025-09-26,Asset recovery team assigned for asset repossession proceedings.
COL10222,APP10692,Suresh Kumar (Field Specialist),2025-11-21,13858.64,Legal Action Initiated,Field Visit,,,Rejected,7,2025-11-16,Section 25 / NI Act 138 legal notice issued for persistent loan default.
COL10223,APP11862,Zenith Financial Recovery,2025-02-26,36222.19,Settled,WhatsApp Bot,2025-02-18,25270.49,Full Settlement,10,2025-02-19,Loan settled at ₹25270.49 under Full Settlement arrangement.
COL10224,APP12576,Priya Deshmukh (Internal),2025-10-14,25435.88,Settled,Legal Notice,2025-10-04,23573.85,Waived Off,6,2025-10-07,Loan settled at ₹23573.85 under Waived Off arrangement.
COL10225,APP10820,Apex Recovery Agency,2025-07-10,78418.81,Legal Action Initiated,Tele-calling,,,Rejected,6,2025-07-08,Section 25 / NI Act 138 legal notice issued for persistent loan default.
COL10226,APP12032,Rajesh Sharma (Internal),2025-02-18,42692.02,Repossession Pending,Legal Notice,,,Pending,12,2025-02-11,Asset recovery team assigned for asset repossession proceedings.
COL10227,APP12130,Priya Deshmukh (Internal),2024-10-19,17395.3,Settled,WhatsApp Bot,2024-10-05,11913.35,Full Settlement,2,2024-10-10,Loan settled at ₹11913.35 under Full Settlement arrangement.
COL10228,APP12968,Priya Deshmukh (Internal),2025-09-27,19937.42,Contacted,Field Visit,,,Pending,2,2025-09-17,Customer contacted via Field Visit. Payment request sent.
COL10229,APP11029,Rajesh Sharma (Internal),2025-10-01,26014.27,Promise to Pay,WhatsApp Bot,2025-10-10,,Pending,8,2025-09-21,Borrower promised to pay ₹26014.27 by 2025-10-10.
COL10230,APP12077,Prudence Resolution Services,2026-01-09,23662.93,Repossession Pending,Legal Notice,,,Pending,4,2026-01-01,Asset recovery team assigned for asset repossession proceedings.
COL10231,APP12131,Vikramaditya Singh (Internal),2025-07-12,31324.11,Promise to Pay,Digital Reminder,2025-07-24,,Pending,8,2025-07-10,Borrower promised to pay ₹31324.11 by 2025-07-24.
COL10232,APP12131,Rajesh Sharma (Internal),2025-05-10,25260.51,Legal Action Initiated,Legal Notice,,,Rejected,5,2025-05-03,Section 25 / NI Act 138 legal notice issued for persistent loan default.
COL10233,APP11324,Suresh Kumar (Field Specialist),2024-12-15,123712.32,Promise to Pay,Digital Reminder,2024-12-23,,Pending,2,2024-12-10,Borrower promised to pay ₹123712.32 by 2024-12-23.
COL10234,APP10860,Apex Recovery Agency,2026-01-03,75976.7,Contacted,Field Visit,,,Pending,11,2025-12-31,Customer contacted via Field Visit. Payment request sent.
COL10235,APP11879,Meenakshi Sundaram (Legal Agent),2024-09-06,63313.89,Unreachable,Digital Reminder,,,Pending,3,2024-09-04,Borrower unreachable on registered phone number. Escalated to field team.
COL10236,APP12393,Prudence Resolution Services,2025-03-01,35087.6,Contacted,Field Visit,,,Pending,6,2025-02-25,Customer contacted via Field Visit. Payment request sent.
COL10237,APP11028,Apex Recovery Agency,2025-09-20,121210.2,Repossession Pending,Legal Notice,,,Pending,5,2025-09-18,Asset recovery team assigned for asset repossession proceedings.
COL10238,APP10328,Suresh Kumar (Field Specialist),2025-03-30,10595.61,Repossession Pending,Legal Notice,,,Pending,6,2025-03-21,Asset recovery team assigned for asset repossession proceedings.
COL10239,APP11597,Priya Deshmukh (Internal),2025-06-18,124253.01,Unreachable,Field Visit,,,Pending,7,2025-06-10,Borrower unreachable on registered phone number. Escalated to field team.
COL10240,APP12142,Suresh Kumar (Field Specialist),2024-08-23,27875.57,Promise to Pay,Field Visit,2024-09-11,,Pending,9,2024-08-16,Borrower promised to pay ₹27875.57 by 2024-09-11.
COL10241,APP11613,Anita Roy (Internal),2025-10-31,13279.25,Contacted,WhatsApp Bot,,,Pending,4,2025-10-22,Customer contacted via WhatsApp Bot. Payment request sent.
COL10242,APP11062,Vikramaditya Singh (Internal),2024-12-28,33581.18,Settled,Field Visit,2024-12-16,30713.73,Full Settlement,12,2024-12-19,Loan settled at ₹30713.73 under Full Settlement arrangement.
COL10243,APP10623,Rajesh Sharma (Internal),2024-07-30,37282.5,Promise to Pay,Digital Reminder,2024-08-11,,Pending,9,2024-07-23,Borrower promised to pay ₹37282.5 by 2024-08-11.
COL10244,APP10878,Vanguard Legal & Recovery Services,2024-07-17,19917.62,Contacted,Legal Notice,,,Pending,7,2024-07-12,Customer contacted via Legal Notice. Payment request sent.
COL10245,APP11417,Suresh Kumar (Field Specialist),2025-03-21,147195.89,Contacted,Tele-calling,,,Pending,7,2025-03-19,Customer contacted via Tele-calling. Payment request sent.
COL10246,APP12669,Vanguard Legal & Recovery Services,2025-06-22,127113.63,Unreachable,Legal Notice,,,Pending,7,2025-06-21,Borrower unreachable on registered phone number. Escalated to field team.
COL10247,APP12597,Vikramaditya Singh (Internal),2025-11-24,6523.33,Contacted,Legal Notice,,,Pending,3,2025-11-21,Customer contacted via Legal Notice. Payment request sent.
COL10248,APP12806,Rajesh Sharma (Internal),2025-11-27,67860.98,Unreachable,Legal Notice,,,Pending,7,2025-11-24,Borrower unreachable on registered phone number. Escalated to field team.
COL10249,APP10453,Zenith Financial Recovery,2024-09-24,48868.55,Promise to Pay,Legal Notice,2024-10-10,,Pending,1,2024-09-14,Borrower promised to pay ₹48868.55 by 2024-10-10.
COL10250,APP10077,Priya Deshmukh (Internal),2024-07-20,31471.89,Contacted,Field Visit,,,Pending,4,2024-07-20,Customer contacted via Field Visit. Payment request sent.
COL10251,APP10251,Zenith Financial Recovery,2024-07-28,56447.12,Legal Action Initiated,Field Visit,,,Rejected,3,2024-07-20,Section 25 / NI Act 138 legal notice issued for persistent loan default.
COL10252,APP10600,Priya Deshmukh (Internal),2025-04-25,94850.6,Settled,WhatsApp Bot,2025-04-18,74214.7,Waived Off,4,2025-04-21,Loan settled at ₹74214.7 under Waived Off arrangement.
COL10253,APP12427,Apex Recovery Agency,2024-11-27,146518.46,Contacted,Legal Notice,,,Pending,11,2024-11-17,Customer contacted via Legal Notice. Payment request sent.
COL10254,APP11240,Suresh Kumar (Field Specialist),2025-06-26,73386.04,Contacted,Digital Reminder,,,Pending,9,2025-06-21,Customer contacted via Digital Reminder. Payment request sent.
COL10255,APP10968,Vanguard Legal & Recovery Services,2025-09-28,6293.61,Settled,Field Visit,2025-09-19,4094.14,Waived Off,4,2025-09-25,Loan settled at ₹4094.14 under Waived Off arrangement.
COL10256,APP12860,Rajesh Sharma (Internal),2024-10-16,33184.81,Unreachable,WhatsApp Bot,,,Pending,7,2024-10-13,Borrower unreachable on registered phone number. Escalated to field team.
COL10257,APP12610,Priya Deshmukh (Internal),2025-06-15,33372.56,Repossession Pending,Legal Notice,,,Pending,2,2025-06-07,Asset recovery team assigned for asset repossession proceedings.
COL10258,APP10566,Rajesh Sharma (Internal),2024-08-14,27860.34,Unreachable,Legal Notice,,,Pending,4,2024-08-05,Borrower unreachable on registered phone number. Escalated to field team.
COL10259,APP10457,Priya Deshmukh (Internal),2024-06-16,23471.84,Promise to Pay,Digital Reminder,2024-06-22,,Pending,4,2024-06-13,Borrower promised to pay ₹23471.84 by 2024-06-22.
COL10260,APP10391,Priya Deshmukh (Internal),2025-12-18,19793.01,Repossession Pending,WhatsApp Bot,,,Pending,6,2025-12-14,Asset recovery team assigned for asset repossession proceedings.
COL10261,APP10909,Zenith Financial Recovery,2025-11-08,19975.77,Repossession Pending,WhatsApp Bot,,,Pending,8,2025-11-01,Asset recovery team assigned for asset repossession proceedings.
COL10262,APP12698,Zenith Financial Recovery,2025-12-29,78120.23,Promise to Pay,Legal Notice,2026-01-01,,Pending,4,2025-12-27,Borrower promised to pay ₹78120.23 by 2026-01-01.
COL10263,APP11807,Suresh Kumar (Field Specialist),2024-12-18,12505.0,Legal Action Initiated,WhatsApp Bot,,,Rejected,6,2024-12-15,Section 25 / NI Act 138 legal notice issued for persistent loan default.
COL10264,APP11817,Meenakshi Sundaram (Legal Agent),2025-05-12,22275.67,Unreachable,Field Visit,,,Pending,5,2025-05-05,Borrower unreachable on registered phone number. Escalated to field team.
COL10265,APP11887,Zenith Financial Recovery,2025-12-12,61556.07,Repossession Pending,Field Visit,,,Pending,8,2025-12-10,Asset recovery team assigned for asset repossession proceedings.
COL10266,APP11431,Rajesh Sharma (Internal),2024-07-20,59426.47,Contacted,WhatsApp Bot,,,Pending,1,2024-07-14,Customer contacted via WhatsApp Bot. Payment request sent.
COL10267,APP11029,Priya Deshmukh (Internal),2025-09-10,16730.01,Repossession Pending,Tele-calling,,,Pending,6,2025-09-10,Asset recovery team assigned for asset repossession proceedings.
COL10268,APP11768,Zenith Financial Recovery,2024-06-18,53382.7,Contacted,Tele-calling,,,Pending,9,2024-06-14,Customer contacted via Tele-calling. Payment request sent.
COL10269,APP12922,Apex Recovery Agency,2024-12-01,73113.19,Legal Action Initiated,Tele-calling,,,Rejected,2,2024-11-30,Section 25 / NI Act 138 legal notice issued for persistent loan default.
COL10270,APP12186,Vikramaditya Singh (Internal),2025-05-29,57957.14,Promise to Pay,Field Visit,2025-06-03,,Pending,5,2025-05-23,Borrower promised to pay ₹57957.14 by 2025-06-03.
COL10271,APP11102,Vanguard Legal & Recovery Services,2025-04-04,7652.69,Legal Action Initiated,Digital Reminder,,,Rejected,11,2025-04-03,Section 25 / NI Act 138 legal notice issued for persistent loan default.
COL10272,APP11005,Anita Roy (Internal),2024-06-10,73829.34,Unreachable,Digital Reminder,,,Pending,12,2024-06-08,Borrower unreachable on registered phone number. Escalated to field team.
COL10273,APP12768,Zenith Financial Recovery,2024-09-06,74084.22,Repossession Pending,Digital Reminder,,,Pending,9,2024-09-06,Asset recovery team assigned for asset repossession proceedings.
COL10274,APP10972,Priya Deshmukh (Internal),2025-03-15,5872.44,Unreachable,WhatsApp Bot,,,Pending,9,2025-03-06,Borrower unreachable on registered phone number. Escalated to field team.
COL10275,APP11538,Vikramaditya Singh (Internal),2025-07-13,119859.0,Contacted,Legal Notice,,,Pending,2,2025-07-09,Customer contacted via Legal Notice. Payment request sent.
COL10276,APP11654,Meenakshi Sundaram (Legal Agent),2025-12-06,44497.62,Legal Action Initiated,Field Visit,,,Rejected,6,2025-11-30,Section 25 / NI Act 138 legal notice issued for persistent loan default.
COL10277,APP10054,Anita Roy (Internal),2025-08-22,24712.76,Repossession Pending,WhatsApp Bot,,,Pending,4,2025-08-21,Asset recovery team assigned for asset repossession proceedings.
COL10278,APP12240,Meenakshi Sundaram (Legal Agent),2024-07-01,43022.95,Legal Action Initiated,WhatsApp Bot,,,Rejected,11,2024-06-27,Section 25 / NI Act 138 legal notice issued for persistent loan default.
COL10279,APP10133,Zenith Financial Recovery,2024-12-08,20557.56,Settled,Field Visit,2024-11-23,12951.12,Partial Settlement,11,2024-11-29,Loan settled at ₹12951.12 under Partial Settlement arrangement.
COL10280,APP12218,Priya Deshmukh (Internal),2024-11-05,45415.08,Contacted,Tele-calling,,,Pending,12,2024-10-30,Customer contacted via Tele-calling. Payment request sent.
COL10281,APP12313,Prudence Resolution Services,2025-06-04,27611.21,Contacted,Tele-calling,,,Pending,5,2025-06-03,Customer contacted via Tele-calling. Payment request sent.
COL10282,APP11311,Anita Roy (Internal),2025-07-23,54673.81,Unreachable,Field Visit,,,Pending,2,2025-07-23,Borrower unreachable on registered phone number. Escalated to field team.
COL10283,APP11408,Prudence Resolution Services,2025-06-30,173350.26,Contacted,WhatsApp Bot,,,Pending,1,2025-06-26,Customer contacted via WhatsApp Bot. Payment request sent.
COL10284,APP11487,Vanguard Legal & Recovery Services,2025-02-04,32662.54,Repossession Pending,Tele-calling,,,Pending,10,2025-01-27,Asset recovery team assigned for asset repossession proceedings.
COL10285,APP10647,Vanguard Legal & Recovery Services,2024-10-28,68580.54,Promise to Pay,Field Visit,2024-11-13,,Pending,2,2024-10-26,Borrower promised to pay ₹68580.54 by 2024-11-13.
COL10286,APP11064,Vanguard Legal & Recovery Services,2025-02-08,39634.2,Unreachable,Legal Notice,,,Pending,12,2025-01-29,Borrower unreachable on registered phone number. Escalated to field team.
COL10287,APP11358,Meenakshi Sundaram (Legal Agent),2024-06-07,63521.05,Promise to Pay,WhatsApp Bot,2024-06-22,,Pending,7,2024-06-02,Borrower promised to pay ₹63521.05 by 2024-06-22.
COL10288,APP12311,Zenith Financial Recovery,2026-01-30,36104.43,Unreachable,Legal Notice,,,Pending,3,2026-01-26,Borrower unreachable on registered phone number. Escalated to field team.
COL10289,APP12434,Meenakshi Sundaram (Legal Agent),2025-04-23,90408.12,Unreachable,Field Visit,,,Pending,5,2025-04-13,Borrower unreachable on registered phone number. Escalated to field team.
COL10290,APP11587,Meenakshi Sundaram (Legal Agent),2025-07-08,81691.93,Settled,Field Visit,2025-06-24,65948.22,Full Settlement,6,2025-07-07,Loan settled at ₹65948.22 under Full Settlement arrangement.
COL10291,APP11187,Vikramaditya Singh (Internal),2025-01-01,759267.7,Contacted,WhatsApp Bot,,,Pending,8,2024-12-28,Customer contacted via WhatsApp Bot. Payment request sent.
COL10292,APP11296,Vanguard Legal & Recovery Services,2024-11-05,206622.23,Promise to Pay,Digital Reminder,2024-11-20,,Pending,12,2024-10-30,Borrower promised to pay ₹206622.23 by 2024-11-20.
COL10293,APP11283,Zenith Financial Recovery,2025-08-03,63437.95,Unreachable,WhatsApp Bot,,,Pending,9,2025-08-03,Borrower unreachable on registered phone number. Escalated to field team.
COL10294,APP12750,Suresh Kumar (Field Specialist),2025-02-10,179599.71,Repossession Pending,WhatsApp Bot,,,Pending,11,2025-01-31,Asset recovery team assigned for asset repossession proceedings.
COL10295,APP10006,Vikramaditya Singh (Internal),2025-07-15,21278.17,Contacted,WhatsApp Bot,,,Pending,6,2025-07-09,Customer contacted via WhatsApp Bot. Payment request sent.
COL10296,APP11111,Rajesh Sharma (Internal),2025-12-24,28981.1,Settled,Tele-calling,2025-12-16,21183.5,Partial Settlement,10,2025-12-15,Loan settled at ₹21183.5 under Partial Settlement arrangement.
COL10297,APP12860,Meenakshi Sundaram (Legal Agent),2024-09-16,17351.29,Promise to Pay,WhatsApp Bot,2024-09-21,,Pending,5,2024-09-10,Borrower promised to pay ₹17351.29 by 2024-09-21.
COL10298,APP10981,Vikramaditya Singh (Internal),2025-11-16,19340.8,Settled,Legal Notice,2025-11-04,14570.55,Full Settlement,8,2025-11-11,Loan settled at ₹14570.55 under Full Settlement arrangement.
COL10299,APP12438,Prudence Resolution Services,2024-06-24,31076.83,Settled,Tele-calling,2024-06-18,27348.16,Waived Off,6,2024-06-14,Loan settled at ₹27348.16 under Waived Off arrangement.
COL10300,APP12173,Suresh Kumar (Field Specialist),2025-09-17,20066.13,Legal Action Initiated,Field Visit,,,Rejected,4,2025-09-11,Section 25 / NI Act 138 legal notice issued for persistent loan default.
COL10301,APP10491,Vikramaditya Singh (Internal),2024-12-20,7496.57,Unreachable,Digital Reminder,,,Pending,8,2024-12-11,Borrower unreachable on registered phone number. Escalated to field team.
COL10302,APP10041,Vanguard Legal & Recovery Services,2024-08-04,25148.78,Repossession Pending,Tele-calling,,,Pending,10,2024-08-03,Asset recovery team assigned for asset repossession proceedings.
COL10303,APP11062,Vikramaditya Singh (Internal),2025-10-15,15548.66,Settled,Legal Notice,2025-10-05,11444.18,Waived Off,9,2025-10-05,Loan settled at ₹11444.18 under Waived Off arrangement.
COL10304,APP12448,Meenakshi Sundaram (Legal Agent),2024-11-24,38950.91,Settled,Tele-calling,2024-11-10,24525.95,Waived Off,11,2024-11-20,Loan settled at ₹24525.95 under Waived Off arrangement.
COL10305,APP11772,Prudence Resolution Services,2024-10-23,6373.11,Promise to Pay,Tele-calling,2024-11-08,,Pending,9,2024-10-17,Borrower promised to pay ₹6373.11 by 2024-11-08.
COL10306,APP10692,Meenakshi Sundaram (Legal Agent),2024-11-25,11371.12,Unreachable,Digital Reminder,,,Pending,9,2024-11-23,Borrower unreachable on registered phone number. Escalated to field team.
COL10307,APP10546,Apex Recovery Agency,2024-07-25,79552.76,Promise to Pay,Field Visit,2024-08-12,,Pending,6,2024-07-25,Borrower promised to pay ₹79552.76 by 2024-08-12.
COL10308,APP11694,Priya Deshmukh (Internal),2025-10-17,9119.02,Legal Action Initiated,Digital Reminder,,,Rejected,7,2025-10-10,Section 25 / NI Act 138 legal notice issued for persistent loan default.
COL10309,APP11299,Vikramaditya Singh (Internal),2025-03-27,4355.18,Legal Action Initiated,Tele-calling,,,Rejected,1,2025-03-23,Section 25 / NI Act 138 legal notice issued for persistent loan default.
COL10310,APP10005,Suresh Kumar (Field Specialist),2025-10-21,50529.21,Promise to Pay,Legal Notice,2025-10-27,,Pending,9,2025-10-13,Borrower promised to pay ₹50529.21 by 2025-10-27.
COL10311,APP12386,Apex Recovery Agency,2025-08-26,73039.83,Settled,WhatsApp Bot,2025-08-15,62638.67,Full Settlement,9,2025-08-23,Loan settled at ₹62638.67 under Full Settlement arrangement.
COL10312,APP10453,Apex Recovery Agency,2024-08-29,47784.71,Unreachable,Tele-calling,,,Pending,8,2024-08-28,Borrower unreachable on registered phone number. Escalated to field team.
COL10313,APP10211,Priya Deshmukh (Internal),2025-08-13,37565.09,Repossession Pending,WhatsApp Bot,,,Pending,3,2025-08-04,Asset recovery team assigned for asset repossession proceedings.
COL10314,APP10113,Priya Deshmukh (Internal),2025-12-04,33156.69,Contacted,Field Visit,,,Pending,3,2025-11-29,Customer contacted via Field Visit. Payment request sent.
COL10315,APP11424,Apex Recovery Agency,2024-09-06,26396.17,Settled,WhatsApp Bot,2024-09-01,23848.06,Partial Settlement,3,2024-08-31,Loan settled at ₹23848.06 under Partial Settlement arrangement.
COL10316,APP11294,Vikramaditya Singh (Internal),2025-07-08,160584.97,Promise to Pay,Field Visit,2025-07-19,,Pending,8,2025-07-06,Borrower promised to pay ₹160584.97 by 2025-07-19.
COL10317,APP11363,Vanguard Legal & Recovery Services,2024-09-04,267497.19,Contacted,Digital Reminder,,,Pending,7,2024-08-27,Customer contacted via Digital Reminder. Payment request sent.
COL10318,APP10882,Prudence Resolution Services,2024-09-04,21292.5,Unreachable,Digital Reminder,,,Pending,12,2024-08-28,Borrower unreachable on registered phone number. Escalated to field team.
COL10319,APP11543,Anita Roy (Internal),2025-01-03,58010.33,Unreachable,WhatsApp Bot,,,Pending,8,2024-12-30,Borrower unreachable on registered phone number. Escalated to field team.
COL10320,APP11847,Apex Recovery Agency,2025-10-10,13641.07,Legal Action Initiated,Legal Notice,,,Rejected,6,2025-09-30,Section 25 / NI Act 138 legal notice issued for persistent loan default.
COL10321,APP12595,Rajesh Sharma (Internal),2024-10-06,46898.91,Repossession Pending,Tele-calling,,,Pending,3,2024-09-29,Asset recovery team assigned for asset repossession proceedings.
COL10322,APP11149,Rajesh Sharma (Internal),2025-04-06,27859.65,Promise to Pay,Digital Reminder,2025-04-11,,Pending,3,2025-04-02,Borrower promised to pay ₹27859.65 by 2025-04-11.
COL10323,APP10637,Apex Recovery Agency,2024-07-24,212005.78,Settled,Tele-calling,2024-07-15,179103.43,Waived Off,7,2024-07-14,Loan settled at ₹179103.43 under Waived Off arrangement.
COL10324,APP10435,Vanguard Legal & Recovery Services,2024-08-19,38451.65,Repossession Pending,Tele-calling,,,Pending,3,2024-08-10,Asset recovery team assigned for asset repossession proceedings.
COL10325,APP12078,Suresh Kumar (Field Specialist),2024-10-02,13152.54,Contacted,Digital Reminder,,,Pending,7,2024-09-30,Customer contacted via Digital Reminder. Payment request sent.
COL10326,APP10367,Anita Roy (Internal),2024-09-14,18793.02,Unreachable,Field Visit,,,Pending,6,2024-09-09,Borrower unreachable on registered phone number. Escalated to field team.
COL10327,APP10515,Vikramaditya Singh (Internal),2024-08-10,29922.91,Promise to Pay,Digital Reminder,2024-08-13,,Pending,9,2024-08-01,Borrower promised to pay ₹29922.91 by 2024-08-13.
COL10328,APP11780,Zenith Financial Recovery,2025-07-27,28205.55,Repossession Pending,Legal Notice,,,Pending,10,2025-07-17,Asset recovery team assigned for asset repossession proceedings.
COL10329,APP11789,Priya Deshmukh (Internal),2025-06-29,4439.67,Contacted,Tele-calling,,,Pending,6,2025-06-23,Customer contacted via Tele-calling. Payment request sent.
COL10330,APP12538,Vikramaditya Singh (Internal),2025-03-19,176141.43,Settled,Field Visit,2025-03-04,118350.48,Partial Settlement,12,2025-03-19,Loan settled at ₹118350.48 under Partial Settlement arrangement.
COL10331,APP11418,Priya Deshmukh (Internal),2025-02-01,105380.34,Settled,Digital Reminder,2025-01-26,81654.37,Full Settlement,8,2025-01-26,Loan settled at ₹81654.37 under Full Settlement arrangement.
COL10332,APP10557,Suresh Kumar (Field Specialist),2026-01-04,129863.92,Settled,Tele-calling,2025-12-22,85771.17,Waived Off,7,2025-12-30,Loan settled at ₹85771.17 under Waived Off arrangement.
COL10333,APP12142,Anita Roy (Internal),2024-07-11,11838.49,Legal Action Initiated,Tele-calling,,,Rejected,1,2024-07-05,Section 25 / NI Act 138 legal notice issued for persistent loan default.
COL10334,APP12274,Apex Recovery Agency,2025-12-02,65348.0,Unreachable,WhatsApp Bot,,,Pending,9,2025-11-23,Borrower unreachable on registered phone number. Escalated to field team.
COL10335,APP11650,Apex Recovery Agency,2024-11-07,20828.48,Settled,Tele-calling,2024-10-27,17121.07,Waived Off,9,2024-11-02,Loan settled at ₹17121.07 under Waived Off arrangement.
COL10336,APP12374,Apex Recovery Agency,2025-02-06,55385.5,Repossession Pending,Digital Reminder,,,Pending,2,2025-01-31,Asset recovery team assigned for asset repossession proceedings.
COL10337,APP10981,Zenith Financial Recovery,2024-11-27,12064.59,Legal Action Initiated,WhatsApp Bot,,,Rejected,2,2024-11-27,Section 25 / NI Act 138 legal notice issued for persistent loan default.
COL10338,APP11029,Rajesh Sharma (Internal),2025-02-21,41947.6,Unreachable,Field Visit,,,Pending,3,2025-02-16,Borrower unreachable on registered phone number. Escalated to field team.
COL10339,APP11294,Apex Recovery Agency,2025-11-19,104318.74,Contacted,Tele-calling,,,Pending,2,2025-11-15,Customer contacted via Tele-calling. Payment request sent.
COL10340,APP12748,Zenith Financial Recovery,2026-01-02,102243.02,Legal Action Initiated,Digital Reminder,,,Rejected,3,2025-12-28,Section 25 / NI Act 138 legal notice issued for persistent loan default.
COL10341,APP10527,Apex Recovery Agency,2025-11-04,89445.45,Legal Action Initiated,Tele-calling,,,Rejected,1,2025-11-04,Section 25 / NI Act 138 legal notice issued for persistent loan default.
COL10342,APP12215,Priya Deshmukh (Internal),2024-12-01,31861.56,Unreachable,Tele-calling,,,Pending,1,2024-11-23,Borrower unreachable on registered phone number. Escalated to field team.
COL10343,APP10640,Priya Deshmukh (Internal),2025-03-05,86702.96,Promise to Pay,Legal Notice,2025-03-19,,Pending,2,2025-02-24,Borrower promised to pay ₹86702.96 by 2025-03-19.
COL10344,APP11983,Suresh Kumar (Field Specialist),2024-07-18,28121.83,Promise to Pay,Tele-calling,2024-08-04,,Pending,7,2024-07-17,Borrower promised to pay ₹28121.83 by 2024-08-04.
COL10345,APP10142,Apex Recovery Agency,2024-12-23,73636.79,Contacted,Legal Notice,,,Pending,5,2024-12-14,Customer contacted via Legal Notice. Payment request sent.
COL10346,APP12747,Meenakshi Sundaram (Legal Agent),2024-12-18,17175.95,Unreachable,Field Visit,,,Pending,12,2024-12-10,Borrower unreachable on registered phone number. Escalated to field team.
COL10347,APP11921,Vikramaditya Singh (Internal),2024-06-10,14258.93,Unreachable,Tele-calling,,,Pending,6,2024-06-10,Borrower unreachable on registered phone number. Escalated to field team.
COL10348,APP12798,Apex Recovery Agency,2025-10-17,73955.74,Promise to Pay,Tele-calling,2025-10-28,,Pending,1,2025-10-15,Borrower promised to pay ₹73955.74 by 2025-10-28.
COL10349,APP11202,Rajesh Sharma (Internal),2025-09-13,303920.44,Legal Action Initiated,Field Visit,,,Rejected,12,2025-09-12,Section 25 / NI Act 138 legal notice issued for persistent loan default.
COL10350,APP10286,Suresh Kumar (Field Specialist),2026-01-03,202912.99,Repossession Pending,Field Visit,,,Pending,1,2025-12-28,Asset recovery team assigned for asset repossession proceedings.
COL10351,APP10763,Priya Deshmukh (Internal),2025-07-08,35407.35,Settled,Legal Notice,2025-06-28,24614.64,Partial Settlement,12,2025-07-03,Loan settled at ₹24614.64 under Partial Settlement arrangement.
COL10352,APP10585,Priya Deshmukh (Internal),2025-09-04,25074.14,Legal Action Initiated,Field Visit,,,Rejected,8,2025-08-30,Section 25 / NI Act 138 legal notice issued for persistent loan default.
COL10353,APP11281,Anita Roy (Internal),2025-04-12,77234.22,Settled,WhatsApp Bot,2025-04-06,50601.19,Full Settlement,8,2025-04-08,Loan settled at ₹50601.19 under Full Settlement arrangement.
COL10354,APP10478,Meenakshi Sundaram (Legal Agent),2024-09-02,11823.37,Promise to Pay,Tele-calling,2024-09-16,,Pending,12,2024-08-30,Borrower promised to pay ₹11823.37 by 2024-09-16.
COL10355,APP12403,Suresh Kumar (Field Specialist),2024-11-26,25590.24,Repossession Pending,Tele-calling,,,Pending,1,2024-11-20,Asset recovery team assigned for asset repossession proceedings.
COL10356,APP12438,Suresh Kumar (Field Specialist),2024-10-22,33432.25,Promise to Pay,WhatsApp Bot,2024-10-26,,Pending,2,2024-10-22,Borrower promised to pay ₹33432.25 by 2024-10-26.
COL10357,APP10148,Vikramaditya Singh (Internal),2024-08-26,379275.52,Unreachable,Field Visit,,,Pending,10,2024-08-17,Borrower unreachable on registered phone number. Escalated to field team.
COL10358,APP11050,Anita Roy (Internal),2024-10-10,35302.24,Contacted,Tele-calling,,,Pending,2,2024-10-05,Customer contacted via Tele-calling. Payment request sent.
COL10359,APP10002,Rajesh Sharma (Internal),2025-07-10,11693.19,Contacted,Digital Reminder,,,Pending,8,2025-07-10,Customer contacted via Digital Reminder. Payment request sent.
COL10360,APP10221,Vanguard Legal & Recovery Services,2025-03-14,95715.42,Settled,Field Visit,2025-03-09,78171.91,Waived Off,8,2025-03-12,Loan settled at ₹78171.91 under Waived Off arrangement.
COL10361,APP12282,Apex Recovery Agency,2024-08-29,89754.56,Unreachable,Digital Reminder,,,Pending,5,2024-08-23,Borrower unreachable on registered phone number. Escalated to field team.
COL10362,APP11029,Vanguard Legal & Recovery Services,2025-12-09,39855.48,Repossession Pending,Field Visit,,,Pending,1,2025-12-03,Asset recovery team assigned for asset repossession proceedings.
COL10363,APP12485,Zenith Financial Recovery,2025-04-26,37231.04,Unreachable,WhatsApp Bot,,,Pending,7,2025-04-22,Borrower unreachable on registered phone number. Escalated to field team.
COL10364,APP11660,Rajesh Sharma (Internal),2025-03-15,11887.52,Legal Action Initiated,Legal Notice,,,Rejected,1,2025-03-08,Section 25 / NI Act 138 legal notice issued for persistent loan default.
COL10365,APP10064,Prudence Resolution Services,2025-02-02,17492.34,Promise to Pay,WhatsApp Bot,2025-02-06,,Pending,5,2025-01-25,Borrower promised to pay ₹17492.34 by 2025-02-06.
COL10366,APP12678,Meenakshi Sundaram (Legal Agent),2024-11-25,141897.51,Settled,Digital Reminder,2024-11-11,125178.23,Partial Settlement,3,2024-11-22,Loan settled at ₹125178.23 under Partial Settlement arrangement.
COL10367,APP10144,Meenakshi Sundaram (Legal Agent),2025-12-30,22683.64,Repossession Pending,Tele-calling,,,Pending,3,2025-12-21,Asset recovery team assigned for asset repossession proceedings.
COL10368,APP12439,Zenith Financial Recovery,2024-07-28,104265.44,Settled,WhatsApp Bot,2024-07-20,81770.9,Full Settlement,4,2024-07-19,Loan settled at ₹81770.9 under Full Settlement arrangement.
COL10369,APP10664,Prudence Resolution Services,2024-11-29,117256.43,Promise to Pay,WhatsApp Bot,2024-12-02,,Pending,6,2024-11-29,Borrower promised to pay ₹117256.43 by 2024-12-02.
COL10370,APP12060,Meenakshi Sundaram (Legal Agent),2024-08-14,19191.32,Contacted,Field Visit,,,Pending,6,2024-08-04,Customer contacted via Field Visit. Payment request sent.
COL10371,APP12158,Meenakshi Sundaram (Legal Agent),2024-11-09,12437.96,Settled,Tele-calling,2024-10-25,10288.84,Partial Settlement,12,2024-11-03,Loan settled at ₹10288.84 under Partial Settlement arrangement.
COL10372,APP12802,Suresh Kumar (Field Specialist),2024-11-27,13855.51,Settled,WhatsApp Bot,2024-11-18,9175.09,Full Settlement,7,2024-11-23,Loan settled at ₹9175.09 under Full Settlement arrangement.
COL10373,APP11948,Meenakshi Sundaram (Legal Agent),2025-01-13,7332.01,Legal Action Initiated,Digital Reminder,,,Rejected,11,2025-01-04,Section 25 / NI Act 138 legal notice issued for persistent loan default.
COL10374,APP10184,Zenith Financial Recovery,2025-04-24,70672.09,Settled,Field Visit,2025-04-18,58976.47,Waived Off,3,2025-04-14,Loan settled at ₹58976.47 under Waived Off arrangement.
COL10375,APP10307,Zenith Financial Recovery,2025-05-25,20276.39,Settled,Tele-calling,2025-05-20,14904.73,Full Settlement,5,2025-05-24,Loan settled at ₹14904.73 under Full Settlement arrangement.
COL10376,APP10607,Vikramaditya Singh (Internal),2025-06-20,40421.3,Unreachable,Digital Reminder,,,Pending,2,2025-06-13,Borrower unreachable on registered phone number. Escalated to field team.
COL10377,APP11090,Vikramaditya Singh (Internal),2024-06-21,32904.38,Contacted,Digital Reminder,,,Pending,6,2024-06-17,Customer contacted via Digital Reminder. Payment request sent.
COL10378,APP11655,Anita Roy (Internal),2024-08-16,13811.7,Promise to Pay,Legal Notice,2024-08-29,,Pending,9,2024-08-15,Borrower promised to pay ₹13811.7 by 2024-08-29.
COL10379,APP11486,Rajesh Sharma (Internal),2024-11-08,79219.5,Repossession Pending,Digital Reminder,,,Pending,1,2024-11-07,Asset recovery team assigned for asset repossession proceedings.
COL10380,APP10188,Priya Deshmukh (Internal),2025-12-06,11232.12,Unreachable,Field Visit,,,Pending,5,2025-11-26,Borrower unreachable on registered phone number. Escalated to field team.
COL10381,APP12492,Apex Recovery Agency,2025-10-16,9622.62,Contacted,Field Visit,,,Pending,3,2025-10-16,Customer contacted via Field Visit. Payment request sent.
COL10382,APP10637,Rajesh Sharma (Internal),2025-10-05,136392.49,Contacted,Digital Reminder,,,Pending,4,2025-10-04,Customer contacted via Digital Reminder. Payment request sent.
COL10383,APP12011,Priya Deshmukh (Internal),2024-09-27,75227.93,Repossession Pending,Field Visit,,,Pending,5,2024-09-21,Asset recovery team assigned for asset repossession proceedings.
COL10384,APP12142,Zenith Financial Recovery,2025-06-15,26493.99,Contacted,Legal Notice,,,Pending,7,2025-06-10,Customer contacted via Legal Notice. Payment request sent.
COL10385,APP12840,Zenith Financial Recovery,2025-03-03,21369.0,Settled,Tele-calling,2025-02-24,17813.5,Waived Off,10,2025-03-03,Loan settled at ₹17813.5 under Waived Off arrangement.
COL10386,APP12124,Prudence Resolution Services,2025-12-19,79504.19,Unreachable,WhatsApp Bot,,,Pending,1,2025-12-13,Borrower unreachable on registered phone number. Escalated to field team.
COL10387,APP10928,Vanguard Legal & Recovery Services,2025-01-28,45290.85,Repossession Pending,WhatsApp Bot,,,Pending,8,2025-01-24,Asset recovery team assigned for asset repossession proceedings.
COL10388,APP12987,Vanguard Legal & Recovery Services,2026-01-07,17098.18,Legal Action Initiated,Tele-calling,,,Rejected,11,2025-12-29,Section 25 / NI Act 138 legal notice issued for persistent loan default.
COL10389,APP10631,Anita Roy (Internal),2025-01-03,136845.12,Promise to Pay,Digital Reminder,2025-01-07,,Pending,4,2025-01-01,Borrower promised to pay ₹136845.12 by 2025-01-07.
COL10390,APP10773,Anita Roy (Internal),2026-01-31,70978.14,Promise to Pay,Digital Reminder,2026-02-05,,Pending,5,2026-01-26,Borrower promised to pay ₹70978.14 by 2026-02-05.
COL10391,APP12630,Vanguard Legal & Recovery Services,2025-11-15,19383.33,Unreachable,WhatsApp Bot,,,Pending,8,2025-11-15,Borrower unreachable on registered phone number. Escalated to field team.
COL10392,APP10928,Vanguard Legal & Recovery Services,2026-01-18,19920.22,Unreachable,Tele-calling,,,Pending,2,2026-01-17,Borrower unreachable on registered phone number. Escalated to field team.
COL10393,APP12315,Anita Roy (Internal),2025-02-26,17416.88,Legal Action Initiated,Legal Notice,,,Rejected,7,2025-02-16,Section 25 / NI Act 138 legal notice issued for persistent loan default.
COL10394,APP12716,Meenakshi Sundaram (Legal Agent),2024-10-26,14338.05,Unreachable,WhatsApp Bot,,,Pending,10,2024-10-17,Borrower unreachable on registered phone number. Escalated to field team.
COL10395,APP10962,Rajesh Sharma (Internal),2025-09-30,15825.08,Settled,Digital Reminder,2025-09-25,14022.37,Partial Settlement,5,2025-09-25,Loan settled at ₹14022.37 under Partial Settlement arrangement.
COL10396,APP11757,Apex Recovery Agency,2025-01-20,26744.39,Unreachable,Legal Notice,,,Pending,3,2025-01-16,Borrower unreachable on registered phone number. Escalated to field team.
COL10397,APP12294,Prudence Resolution Services,2024-12-10,155052.61,Repossession Pending,Legal Notice,,,Pending,8,2024-12-07,Asset recovery team assigned for asset repossession proceedings.
COL10398,APP12577,Zenith Financial Recovery,2024-11-10,108981.42,Settled,WhatsApp Bot,2024-10-28,70563.01,Partial Settlement,2,2024-11-06,Loan settled at ₹70563.01 under Partial Settlement arrangement.
COL10399,APP12186,Meenakshi Sundaram (Legal Agent),2024-07-30,34388.45,Promise to Pay,Tele-calling,2024-08-16,,Pending,4,2024-07-30,Borrower promised to pay ₹34388.45 by 2024-08-16.
COL10400,APP11970,Prudence Resolution Services,2025-07-12,50369.52,Settled,Field Visit,2025-06-27,34486.92,Full Settlement,11,2025-07-11,Loan settled at ₹34486.92 under Full Settlement arrangement.
COL10401,APP12205,Meenakshi Sundaram (Legal Agent),2025-12-17,36390.04,Promise to Pay,Digital Reminder,2025-12-25,,Pending,6,2025-12-12,Borrower promised to pay ₹36390.04 by 2025-12-25.
COL10402,APP11096,Anita Roy (Internal),2026-01-07,230824.98,Contacted,Legal Notice,,,Pending,4,2026-01-04,Customer contacted via Legal Notice. Payment request sent.
COL10403,APP11090,Priya Deshmukh (Internal),2024-06-10,22040.71,Repossession Pending,Legal Notice,,,Pending,8,2024-06-08,Asset recovery team assigned for asset repossession proceedings.
COL10404,APP11862,Meenakshi Sundaram (Legal Agent),2025-04-09,25379.65,Promise to Pay,Tele-calling,2025-04-20,,Pending,12,2025-03-30,Borrower promised to pay ₹25379.65 by 2025-04-20.
COL10405,APP10773,Vanguard Legal & Recovery Services,2025-11-16,32748.23,Unreachable,Legal Notice,,,Pending,10,2025-11-10,Borrower unreachable on registered phone number. Escalated to field team.
COL10406,APP10533,Rajesh Sharma (Internal),2025-12-27,33387.62,Repossession Pending,WhatsApp Bot,,,Pending,11,2025-12-18,Asset recovery team assigned for asset repossession proceedings.
COL10407,APP10142,Apex Recovery Agency,2025-04-29,36573.23,Unreachable,Tele-calling,,,Pending,5,2025-04-25,Borrower unreachable on registered phone number. Escalated to field team.
COL10408,APP12576,Priya Deshmukh (Internal),2025-07-19,27190.09,Legal Action Initiated,Field Visit,,,Rejected,11,2025-07-14,Section 25 / NI Act 138 legal notice issued for persistent loan default.
COL10409,APP10054,Rajesh Sharma (Internal),2025-07-03,12562.55,Settled,Digital Reminder,2025-06-19,11911.36,Waived Off,12,2025-07-03,Loan settled at ₹11911.36 under Waived Off arrangement.
COL10410,APP10540,Prudence Resolution Services,2025-06-03,84238.06,Repossession Pending,Field Visit,,,Pending,9,2025-05-30,Asset recovery team assigned for asset repossession proceedings.
COL10411,APP12377,Suresh Kumar (Field Specialist),2025-02-20,61101.45,Settled,Field Visit,2025-02-13,55899.08,Waived Off,12,2025-02-12,Loan settled at ₹55899.08 under Waived Off arrangement.
COL10412,APP12146,Priya Deshmukh (Internal),2025-05-06,108919.06,Promise to Pay,Legal Notice,2025-05-18,,Pending,6,2025-05-02,Borrower promised to pay ₹108919.06 by 2025-05-18.
COL10413,APP11221,Anita Roy (Internal),2024-08-12,76335.19,Contacted,Digital Reminder,,,Pending,8,2024-08-09,Customer contacted via Digital Reminder. Payment request sent.
COL10414,APP10229,Anita Roy (Internal),2024-11-02,36680.03,Legal Action Initiated,Digital Reminder,,,Rejected,3,2024-10-30,Section 25 / NI Act 138 legal notice issued for persistent loan default.
COL10415,APP12038,Vanguard Legal & Recovery Services,2024-12-02,254864.14,Unreachable,WhatsApp Bot,,,Pending,2,2024-11-25,Borrower unreachable on registered phone number. Escalated to field team.
COL10416,APP11397,Vikramaditya Singh (Internal),2025-01-01,19005.29,Repossession Pending,Legal Notice,,,Pending,3,2024-12-23,Asset recovery team assigned for asset repossession proceedings.
COL10417,APP11115,Zenith Financial Recovery,2025-07-19,10803.28,Promise to Pay,Tele-calling,2025-08-03,,Pending,7,2025-07-12,Borrower promised to pay ₹10803.28 by 2025-08-03.
COL10418,APP10783,Rajesh Sharma (Internal),2025-04-26,14428.92,Promise to Pay,WhatsApp Bot,2025-04-29,,Pending,9,2025-04-23,Borrower promised to pay ₹14428.92 by 2025-04-29.
COL10419,APP10760,Priya Deshmukh (Internal),2024-09-14,62328.81,Repossession Pending,Field Visit,,,Pending,7,2024-09-06,Asset recovery team assigned for asset repossession proceedings.
COL10420,APP10122,Vikramaditya Singh (Internal),2025-11-15,121232.32,Contacted,Tele-calling,,,Pending,10,2025-11-07,Customer contacted via Tele-calling. Payment request sent.
COL10421,APP12255,Vanguard Legal & Recovery Services,2024-12-10,57652.4,Settled,Field Visit,2024-12-05,39117.87,Full Settlement,3,2024-12-04,Loan settled at ₹39117.87 under Full Settlement arrangement.
COL10422,APP11189,Priya Deshmukh (Internal),2024-07-09,73874.56,Legal Action Initiated,Tele-calling,,,Rejected,7,2024-06-29,Section 25 / NI Act 138 legal notice issued for persistent loan default.
COL10423,APP12477,Suresh Kumar (Field Specialist),2024-09-19,33243.0,Contacted,WhatsApp Bot,,,Pending,11,2024-09-19,Customer contacted via WhatsApp Bot. Payment request sent.
COL10424,APP12079,Anita Roy (Internal),2025-09-29,17481.81,Unreachable,Digital Reminder,,,Pending,12,2025-09-27,Borrower unreachable on registered phone number. Escalated to field team.
COL10425,APP10026,Rajesh Sharma (Internal),2025-03-04,36659.31,Unreachable,Legal Notice,,,Pending,10,2025-02-23,Borrower unreachable on registered phone number. Escalated to field team.
COL10426,APP12047,Vanguard Legal & Recovery Services,2024-09-25,151965.53,Legal Action Initiated,Tele-calling,,,Rejected,2,2024-09-18,Section 25 / NI Act 138 legal notice issued for persistent loan default.
COL10427,APP10563,Meenakshi Sundaram (Legal Agent),2025-06-02,59352.37,Settled,Field Visit,2025-05-24,36430.01,Full Settlement,12,2025-05-27,Loan settled at ₹36430.01 under Full Settlement arrangement.
COL10428,APP12848,Priya Deshmukh (Internal),2024-08-31,28605.62,Settled,Digital Reminder,2024-08-16,18656.6,Partial Settlement,2,2024-08-22,Loan settled at ₹18656.6 under Partial Settlement arrangement.
COL10429,APP12222,Suresh Kumar (Field Specialist),2025-01-23,20679.78,Repossession Pending,Tele-calling,,,Pending,8,2025-01-19,Asset recovery team assigned for asset repossession proceedings.
COL10430,APP12277,Zenith Financial Recovery,2025-03-25,92936.52,Contacted,Tele-calling,,,Pending,6,2025-03-15,Customer contacted via Tele-calling. Payment request sent.
COL10431,APP10262,Vanguard Legal & Recovery Services,2024-06-10,64527.01,Contacted,Tele-calling,,,Pending,3,2024-05-31,Customer contacted via Tele-calling. Payment request sent.
COL10432,APP11758,Prudence Resolution Services,2024-09-04,195551.46,Unreachable,Legal Notice,,,Pending,6,2024-08-30,Borrower unreachable on registered phone number. Escalated to field team.
COL10433,APP11119,Anita Roy (Internal),2025-06-30,179197.54,Unreachable,Digital Reminder,,,Pending,12,2025-06-23,Borrower unreachable on registered phone number. Escalated to field team.
COL10434,APP11148,Vikramaditya Singh (Internal),2024-11-11,292363.27,Promise to Pay,Tele-calling,2024-11-29,,Pending,2,2024-11-05,Borrower promised to pay ₹292363.27 by 2024-11-29.
COL10435,APP10750,Vikramaditya Singh (Internal),2024-10-12,47838.41,Unreachable,WhatsApp Bot,,,Pending,8,2024-10-05,Borrower unreachable on registered phone number. Escalated to field team.
COL10436,APP11042,Vanguard Legal & Recovery Services,2024-06-13,9452.83,Contacted,Digital Reminder,,,Pending,12,2024-06-03,Customer contacted via Digital Reminder. Payment request sent.
COL10437,APP10549,Meenakshi Sundaram (Legal Agent),2025-05-13,25018.6,Promise to Pay,WhatsApp Bot,2025-05-19,,Pending,9,2025-05-05,Borrower promised to pay ₹25018.6 by 2025-05-19.
COL10438,APP10109,Priya Deshmukh (Internal),2024-10-31,64261.84,Settled,Digital Reminder,2024-10-26,53028.2,Full Settlement,9,2024-10-22,Loan settled at ₹53028.2 under Full Settlement arrangement.
COL10439,APP12258,Suresh Kumar (Field Specialist),2025-10-17,45352.1,Unreachable,Digital Reminder,,,Pending,6,2025-10-14,Borrower unreachable on registered phone number. Escalated to field team.
COL10440,APP12270,Apex Recovery Agency,2025-07-18,25348.55,Legal Action Initiated,Tele-calling,,,Rejected,4,2025-07-17,Section 25 / NI Act 138 legal notice issued for persistent loan default.
COL10441,APP10476,Zenith Financial Recovery,2025-04-20,9724.85,Unreachable,WhatsApp Bot,,,Pending,2,2025-04-13,Borrower unreachable on registered phone number. Escalated to field team.
COL10442,APP11235,Anita Roy (Internal),2024-09-02,9420.26,Unreachable,Digital Reminder,,,Pending,10,2024-08-24,Borrower unreachable on registered phone number. Escalated to field team.
COL10443,APP10478,Suresh Kumar (Field Specialist),2025-05-16,10467.63,Promise to Pay,WhatsApp Bot,2025-05-26,,Pending,6,2025-05-16,Borrower promised to pay ₹10467.63 by 2025-05-26.
COL10444,APP10812,Prudence Resolution Services,2025-06-08,227788.43,Legal Action Initiated,WhatsApp Bot,,,Rejected,12,2025-06-01,Section 25 / NI Act 138 legal notice issued for persistent loan default.
COL10445,APP12386,Anita Roy (Internal),2025-03-26,57447.57,Contacted,Field Visit,,,Pending,9,2025-03-18,Customer contacted via Field Visit. Payment request sent.
COL10446,APP10460,Anita Roy (Internal),2025-07-25,234868.22,Promise to Pay,Tele-calling,2025-08-03,,Pending,2,2025-07-21,Borrower promised to pay ₹234868.22 by 2025-08-03.
COL10447,APP12072,Anita Roy (Internal),2025-05-13,27640.87,Promise to Pay,Digital Reminder,2025-05-17,,Pending,2,2025-05-07,Borrower promised to pay ₹27640.87 by 2025-05-17.
COL10448,APP10135,Zenith Financial Recovery,2025-10-24,245663.47,Repossession Pending,Digital Reminder,,,Pending,1,2025-10-16,Asset recovery team assigned for asset repossession proceedings.
COL10449,APP12595,Suresh Kumar (Field Specialist),2024-11-29,35068.6,Legal Action Initiated,Digital Reminder,,,Rejected,12,2024-11-20,Section 25 / NI Act 138 legal notice issued for persistent loan default.
COL10450,APP10166,Vikramaditya Singh (Internal),2025-04-26,31899.05,Unreachable,Tele-calling,,,Pending,9,2025-04-20,Borrower unreachable on registered phone number. Escalated to field team.
COL10451,APP11576,Meenakshi Sundaram (Legal Agent),2025-03-29,137554.88,Settled,Field Visit,2025-03-22,111540.99,Partial Settlement,8,2025-03-27,Loan settled at ₹111540.99 under Partial Settlement arrangement.
COL10452,APP11403,Apex Recovery Agency,2025-01-09,61100.64,Settled,WhatsApp Bot,2024-12-26,42874.49,Waived Off,4,2025-01-06,Loan settled at ₹42874.49 under Waived Off arrangement.
COL10453,APP10442,Vikramaditya Singh (Internal),2024-09-27,35397.07,Legal Action Initiated,Field Visit,,,Rejected,6,2024-09-19,Section 25 / NI Act 138 legal notice issued for persistent loan default.
COL10454,APP12506,Meenakshi Sundaram (Legal Agent),2025-11-29,93481.02,Repossession Pending,WhatsApp Bot,,,Pending,5,2025-11-23,Asset recovery team assigned for asset repossession proceedings.
COL10455,APP12191,Suresh Kumar (Field Specialist),2024-07-28,348249.42,Contacted,Tele-calling,,,Pending,4,2024-07-24,Customer contacted via Tele-calling. Payment request sent.
COL10456,APP12790,Apex Recovery Agency,2025-03-30,179579.85,Promise to Pay,Legal Notice,2025-04-03,,Pending,4,2025-03-22,Borrower promised to pay ₹179579.85 by 2025-04-03.
COL10457,APP10144,Zenith Financial Recovery,2025-01-16,25460.35,Legal Action Initiated,Tele-calling,,,Rejected,12,2025-01-06,Section 25 / NI Act 138 legal notice issued for persistent loan default.
COL10458,APP11173,Vanguard Legal & Recovery Services,2025-03-22,69618.04,Legal Action Initiated,Field Visit,,,Rejected,12,2025-03-12,Section 25 / NI Act 138 legal notice issued for persistent loan default.
COL10459,APP12884,Vanguard Legal & Recovery Services,2025-04-17,41870.83,Unreachable,Digital Reminder,,,Pending,9,2025-04-17,Borrower unreachable on registered phone number. Escalated to field team.
COL10460,APP12191,Apex Recovery Agency,2025-08-28,577723.59,Legal Action Initiated,Field Visit,,,Rejected,4,2025-08-18,Section 25 / NI Act 138 legal notice issued for persistent loan default.
COL10461,APP12163,Meenakshi Sundaram (Legal Agent),2024-12-16,34338.32,Repossession Pending,WhatsApp Bot,,,Pending,5,2024-12-09,Asset recovery team assigned for asset repossession proceedings.
COL10462,APP12421,Anita Roy (Internal),2024-07-12,6672.56,Promise to Pay,Field Visit,2024-08-01,,Pending,7,2024-07-08,Borrower promised to pay ₹6672.56 by 2024-08-01.
COL10463,APP12883,Vikramaditya Singh (Internal),2025-09-21,27043.58,Legal Action Initiated,Field Visit,,,Rejected,12,2025-09-19,Section 25 / NI Act 138 legal notice issued for persistent loan default.
COL10464,APP10862,Vikramaditya Singh (Internal),2025-04-05,68516.28,Legal Action Initiated,Legal Notice,,,Rejected,8,2025-03-27,Section 25 / NI Act 138 legal notice issued for persistent loan default.
COL10465,APP11643,Prudence Resolution Services,2024-12-06,78337.93,Repossession Pending,Tele-calling,,,Pending,9,2024-12-05,Asset recovery team assigned for asset repossession proceedings.
COL10466,APP12830,Vikramaditya Singh (Internal),2025-01-13,46264.38,Legal Action Initiated,Digital Reminder,,,Rejected,4,2025-01-03,Section 25 / NI Act 138 legal notice issued for persistent loan default.
COL10467,APP12627,Prudence Resolution Services,2025-11-26,43470.39,Settled,Legal Notice,2025-11-11,27827.69,Full Settlement,8,2025-11-18,Loan settled at ₹27827.69 under Full Settlement arrangement.
COL10468,APP10923,Zenith Financial Recovery,2024-07-11,18836.06,Repossession Pending,Field Visit,,,Pending,11,2024-07-06,Asset recovery team assigned for asset repossession proceedings.
COL10469,APP11630,Anita Roy (Internal),2025-11-12,18080.83,Settled,Digital Reminder,2025-10-30,13929.14,Partial Settlement,6,2025-11-04,Loan settled at ₹13929.14 under Partial Settlement arrangement.
COL10470,APP12236,Priya Deshmukh (Internal),2025-12-03,19204.61,Legal Action Initiated,Legal Notice,,,Rejected,9,2025-12-03,Section 25 / NI Act 138 legal notice issued for persistent loan default.
COL10471,APP10954,Priya Deshmukh (Internal),2025-12-03,12725.93,Repossession Pending,Field Visit,,,Pending,12,2025-11-27,Asset recovery team assigned for asset repossession proceedings.
COL10472,APP10088,Vikramaditya Singh (Internal),2024-08-15,40952.12,Unreachable,Tele-calling,,,Pending,1,2024-08-13,Borrower unreachable on registered phone number. Escalated to field team.
COL10473,APP11101,Suresh Kumar (Field Specialist),2025-07-23,33719.66,Legal Action Initiated,Tele-calling,,,Rejected,7,2025-07-16,Section 25 / NI Act 138 legal notice issued for persistent loan default.
COL10474,APP10075,Vanguard Legal & Recovery Services,2024-06-07,76405.81,Contacted,Legal Notice,,,Pending,11,2024-05-29,Customer contacted via Legal Notice. Payment request sent.
COL10475,APP10294,Meenakshi Sundaram (Legal Agent),2025-10-28,137634.7,Repossession Pending,Tele-calling,,,Pending,2,2025-10-24,Asset recovery team assigned for asset repossession proceedings.
COL10476,APP10900,Meenakshi Sundaram (Legal Agent),2025-07-10,131624.3,Settled,Tele-calling,2025-06-28,103550.64,Full Settlement,11,2025-07-10,Loan settled at ₹103550.64 under Full Settlement arrangement.
COL10477,APP11694,Vanguard Legal & Recovery Services,2025-06-18,12408.73,Settled,WhatsApp Bot,2025-06-05,7980.46,Full Settlement,1,2025-06-10,Loan settled at ₹7980.46 under Full Settlement arrangement.
COL10478,APP12437,Meenakshi Sundaram (Legal Agent),2025-04-09,34586.23,Unreachable,WhatsApp Bot,,,Pending,4,2025-04-04,Borrower unreachable on registered phone number. Escalated to field team.
COL10479,APP11376,Vanguard Legal & Recovery Services,2025-02-14,37818.73,Promise to Pay,WhatsApp Bot,2025-02-22,,Pending,4,2025-02-13,Borrower promised to pay ₹37818.73 by 2025-02-22.
COL10480,APP11364,Rajesh Sharma (Internal),2024-08-08,9493.32,Unreachable,WhatsApp Bot,,,Pending,5,2024-08-07,Borrower unreachable on registered phone number. Escalated to field team.
COL10481,APP10458,Meenakshi Sundaram (Legal Agent),2025-01-27,88571.14,Settled,Digital Reminder,2025-01-13,81046.27,Full Settlement,2,2025-01-23,Loan settled at ₹81046.27 under Full Settlement arrangement.
COL10482,APP10616,Zenith Financial Recovery,2026-01-20,7202.62,Settled,Digital Reminder,2026-01-06,6357.72,Partial Settlement,3,2026-01-11,Loan settled at ₹6357.72 under Partial Settlement arrangement.
COL10483,APP11075,Vikramaditya Singh (Internal),2025-08-21,13497.9,Settled,Tele-calling,2025-08-14,11561.5,Waived Off,5,2025-08-16,Loan settled at ₹11561.5 under Waived Off arrangement.
COL10484,APP10071,Zenith Financial Recovery,2024-09-20,43210.55,Settled,Digital Reminder,2024-09-06,38657.35,Full Settlement,3,2024-09-10,Loan settled at ₹38657.35 under Full Settlement arrangement.
COL10485,APP10054,Suresh Kumar (Field Specialist),2024-08-17,21520.62,Settled,Field Visit,2024-08-02,19033.37,Full Settlement,1,2024-08-09,Loan settled at ₹19033.37 under Full Settlement arrangement.
COL10486,APP10316,Meenakshi Sundaram (Legal Agent),2025-12-05,53607.15,Contacted,Field Visit,,,Pending,8,2025-11-25,Customer contacted via Field Visit. Payment request sent.
COL10487,APP11226,Prudence Resolution Services,2025-03-25,474443.69,Promise to Pay,Digital Reminder,2025-04-13,,Pending,3,2025-03-18,Borrower promised to pay ₹474443.69 by 2025-04-13.
COL10488,APP11572,Anita Roy (Internal),2024-11-17,71943.64,Settled,Digital Reminder,2024-11-05,47677.11,Full Settlement,9,2024-11-15,Loan settled at ₹47677.11 under Full Settlement arrangement.
COL10489,APP10804,Vikramaditya Singh (Internal),2025-01-24,55754.82,Settled,Digital Reminder,2025-01-14,34288.26,Full Settlement,2,2025-01-20,Loan settled at ₹34288.26 under Full Settlement arrangement.
COL10490,APP12179,Suresh Kumar (Field Specialist),2024-07-18,15680.65,Unreachable,Legal Notice,,,Pending,1,2024-07-08,Borrower unreachable on registered phone number. Escalated to field team.
COL10491,APP10699,Anita Roy (Internal),2025-02-25,130215.48,Repossession Pending,WhatsApp Bot,,,Pending,10,2025-02-17,Asset recovery team assigned for asset repossession proceedings.
COL10492,APP12802,Vanguard Legal & Recovery Services,2024-08-19,22036.22,Settled,Digital Reminder,2024-08-08,17204.34,Full Settlement,9,2024-08-15,Loan settled at ₹17204.34 under Full Settlement arrangement.
COL10493,APP10213,Prudence Resolution Services,2024-10-21,92587.63,Unreachable,Digital Reminder,,,Pending,8,2024-10-19,Borrower unreachable on registered phone number. Escalated to field team.
COL10494,APP10913,Anita Roy (Internal),2024-11-09,23834.59,Repossession Pending,WhatsApp Bot,,,Pending,6,2024-10-31,Asset recovery team assigned for asset repossession proceedings.
COL10495,APP10831,Priya Deshmukh (Internal),2025-10-04,15407.86,Settled,Digital Reminder,2025-09-20,12735.22,Full Settlement,8,2025-10-01,Loan settled at ₹12735.22 under Full Settlement arrangement.
COL10496,APP12500,Rajesh Sharma (Internal),2024-10-16,16656.13,Contacted,Field Visit,,,Pending,11,2024-10-08,Customer contacted via Field Visit. Payment request sent.
COL10497,APP10226,Meenakshi Sundaram (Legal Agent),2025-11-12,149363.5,Contacted,Field Visit,,,Pending,7,2025-11-03,Customer contacted via Field Visit. Payment request sent.
COL10498,APP10272,Rajesh Sharma (Internal),2025-09-26,8919.24,Contacted,Legal Notice,,,Pending,8,2025-09-24,Customer contacted via Legal Notice. Payment request sent.
COL10499,APP12678,Vanguard Legal & Recovery Services,2024-12-04,126464.77,Promise to Pay,WhatsApp Bot,2024-12-23,,Pending,10,2024-11-24,Borrower promised to pay ₹126464.77 by 2024-12-23.
COL10500,APP12883,Vikramaditya Singh (Internal),2025-06-23,21697.9,Unreachable,Legal Notice,,,Pending,7,2025-06-21,Borrower unreachable on registered phone number. Escalated to field team.
COL10501,APP11228,Rajesh Sharma (Internal),2025-08-04,96790.03,Legal Action Initiated,Field Visit,,,Rejected,3,2025-07-26,Section 25 / NI Act 138 legal notice issued for persistent loan default.
COL10502,APP10558,Vikramaditya Singh (Internal),2025-11-27,105563.82,Legal Action Initiated,Digital Reminder,,,Rejected,9,2025-11-26,Section 25 / NI Act 138 legal notice issued for persistent loan default.
COL10503,APP11202,Zenith Financial Recovery,2025-08-16,351152.87,Legal Action Initiated,Field Visit,,,Rejected,9,2025-08-10,Section 25 / NI Act 138 legal notice issued for persistent loan default.
COL10504,APP11746,Rajesh Sharma (Internal),2025-06-26,9349.27,Unreachable,WhatsApp Bot,,,Pending,6,2025-06-17,Borrower unreachable on registered phone number. Escalated to field team.
COL10505,APP10021,Vanguard Legal & Recovery Services,2024-08-25,62057.67,Settled,Field Visit,2024-08-12,42834.17,Partial Settlement,5,2024-08-16,Loan settled at ₹42834.17 under Partial Settlement arrangement.
COL10506,APP12755,Rajesh Sharma (Internal),2024-12-28,20267.48,Legal Action Initiated,WhatsApp Bot,,,Rejected,12,2024-12-23,Section 25 / NI Act 138 legal notice issued for persistent loan default.
COL10507,APP10034,Prudence Resolution Services,2025-02-23,16288.78,Promise to Pay,Tele-calling,2025-03-09,,Pending,9,2025-02-17,Borrower promised to pay ₹16288.78 by 2025-03-09.
COL10508,APP12704,Vanguard Legal & Recovery Services,2024-12-01,15894.06,Unreachable,Field Visit,,,Pending,6,2024-11-23,Borrower unreachable on registered phone number. Escalated to field team.
COL10509,APP12094,Zenith Financial Recovery,2025-07-13,63608.77,Settled,Legal Notice,2025-06-28,54813.9,Full Settlement,12,2025-07-11,Loan settled at ₹54813.9 under Full Settlement arrangement.
COL10510,APP12735,Vikramaditya Singh (Internal),2025-12-16,153328.11,Promise to Pay,Tele-calling,2025-12-20,,Pending,10,2025-12-06,Borrower promised to pay ₹153328.11 by 2025-12-20.
COL10511,APP12790,Vanguard Legal & Recovery Services,2025-08-20,176759.97,Contacted,Tele-calling,,,Pending,2,2025-08-19,Customer contacted via Tele-calling. Payment request sent.
COL10512,APP11864,Priya Deshmukh (Internal),2025-07-16,19094.4,Contacted,Legal Notice,,,Pending,10,2025-07-06,Customer contacted via Legal Notice. Payment request sent.
COL10513,APP10554,Apex Recovery Agency,2025-10-20,34556.39,Contacted,WhatsApp Bot,,,Pending,8,2025-10-20,Customer contacted via WhatsApp Bot. Payment request sent.
COL10514,APP10830,Suresh Kumar (Field Specialist),2025-11-11,6001.87,Promise to Pay,Legal Notice,2025-11-19,,Pending,12,2025-11-08,Borrower promised to pay ₹6001.87 by 2025-11-19.
COL10515,APP12741,Prudence Resolution Services,2025-03-10,18820.23,Repossession Pending,Field Visit,,,Pending,7,2025-03-05,Asset recovery team assigned for asset repossession proceedings.
COL10516,APP12964,Vanguard Legal & Recovery Services,2024-08-10,17463.4,Promise to Pay,WhatsApp Bot,2024-08-22,,Pending,2,2024-08-02,Borrower promised to pay ₹17463.4 by 2024-08-22.
COL10517,APP11182,Meenakshi Sundaram (Legal Agent),2024-12-17,108087.55,Settled,Legal Notice,2024-12-03,74730.39,Full Settlement,8,2024-12-11,Loan settled at ₹74730.39 under Full Settlement arrangement.
COL10518,APP12577,Suresh Kumar (Field Specialist),2024-09-28,40636.75,Legal Action Initiated,Tele-calling,,,Rejected,9,2024-09-24,Section 25 / NI Act 138 legal notice issued for persistent loan default.
COL10519,APP10791,Meenakshi Sundaram (Legal Agent),2025-10-09,39238.21,Repossession Pending,Legal Notice,,,Pending,4,2025-10-04,Asset recovery team assigned for asset repossession proceedings.
COL10520,APP10860,Zenith Financial Recovery,2025-06-27,57808.18,Contacted,WhatsApp Bot,,,Pending,11,2025-06-24,Customer contacted via WhatsApp Bot. Payment request sent.
COL10521,APP10972,Prudence Resolution Services,2025-02-25,5406.12,Settled,Digital Reminder,2025-02-19,4518.4,Partial Settlement,4,2025-02-21,Loan settled at ₹4518.4 under Partial Settlement arrangement.
COL10522,APP11495,Anita Roy (Internal),2026-01-09,170740.47,Promise to Pay,WhatsApp Bot,2026-01-18,,Pending,5,2026-01-07,Borrower promised to pay ₹170740.47 by 2026-01-18.
COL10523,APP11453,Priya Deshmukh (Internal),2025-01-21,48834.89,Repossession Pending,Field Visit,,,Pending,4,2025-01-18,Asset recovery team assigned for asset repossession proceedings.
COL10524,APP10673,Vikramaditya Singh (Internal),2025-10-18,97519.61,Contacted,Tele-calling,,,Pending,10,2025-10-18,Customer contacted via Tele-calling. Payment request sent.
COL10525,APP11006,Rajesh Sharma (Internal),2026-01-10,38426.39,Settled,Digital Reminder,2026-01-03,26825.21,Waived Off,5,2026-01-03,Loan settled at ₹26825.21 under Waived Off arrangement.
COL10526,APP10946,Meenakshi Sundaram (Legal Agent),2025-12-06,19800.23,Contacted,Field Visit,,,Pending,1,2025-11-28,Customer contacted via Field Visit. Payment request sent.
COL10527,APP12178,Vanguard Legal & Recovery Services,2025-09-15,53458.42,Unreachable,Field Visit,,,Pending,6,2025-09-15,Borrower unreachable on registered phone number. Escalated to field team.
COL10528,APP12638,Priya Deshmukh (Internal),2025-02-21,120142.36,Legal Action Initiated,Digital Reminder,,,Rejected,3,2025-02-13,Section 25 / NI Act 138 legal notice issued for persistent loan default.
COL10529,APP11864,Priya Deshmukh (Internal),2024-12-06,24492.29,Unreachable,Legal Notice,,,Pending,8,2024-11-30,Borrower unreachable on registered phone number. Escalated to field team.
COL10530,APP10633,Vanguard Legal & Recovery Services,2024-12-02,9138.81,Settled,Legal Notice,2024-11-18,6214.38,Waived Off,10,2024-11-30,Loan settled at ₹6214.38 under Waived Off arrangement.
COL10531,APP10811,Apex Recovery Agency,2024-10-28,9887.82,Legal Action Initiated,Field Visit,,,Rejected,12,2024-10-26,Section 25 / NI Act 138 legal notice issued for persistent loan default.
COL10532,APP10675,Rajesh Sharma (Internal),2025-11-12,18740.21,Unreachable,Field Visit,,,Pending,9,2025-11-07,Borrower unreachable on registered phone number. Escalated to field team.
COL10533,APP10170,Apex Recovery Agency,2024-09-10,49763.82,Legal Action Initiated,Legal Notice,,,Rejected,12,2024-09-08,Section 25 / NI Act 138 legal notice issued for persistent loan default.
COL10534,APP11564,Priya Deshmukh (Internal),2025-05-09,52720.32,Unreachable,Legal Notice,,,Pending,5,2025-05-04,Borrower unreachable on registered phone number. Escalated to field team.
COL10535,APP10805,Suresh Kumar (Field Specialist),2025-05-26,113766.05,Settled,WhatsApp Bot,2025-05-18,91190.66,Waived Off,11,2025-05-17,Loan settled at ₹91190.66 under Waived Off arrangement.
COL10536,APP10714,Vikramaditya Singh (Internal),2025-09-01,61714.83,Settled,Legal Notice,2025-08-18,47046.03,Partial Settlement,2,2025-08-26,Loan settled at ₹47046.03 under Partial Settlement arrangement.
COL10537,APP11076,Vikramaditya Singh (Internal),2024-08-13,74093.93,Unreachable,Legal Notice,,,Pending,2,2024-08-11,Borrower unreachable on registered phone number. Escalated to field team.
COL10538,APP10072,Priya Deshmukh (Internal),2025-07-10,21758.08,Settled,Legal Notice,2025-06-30,17524.43,Waived Off,5,2025-07-03,Loan settled at ₹17524.43 under Waived Off arrangement.
COL10539,APP10133,Vanguard Legal & Recovery Services,2025-01-27,26400.02,Promise to Pay,Field Visit,2025-02-01,,Pending,11,2025-01-23,Borrower promised to pay ₹26400.02 by 2025-02-01.
COL10540,APP10633,Vikramaditya Singh (Internal),2025-09-28,5419.7,Contacted,Digital Reminder,,,Pending,9,2025-09-28,Customer contacted via Digital Reminder. Payment request sent.
COL10541,APP10081,Vanguard Legal & Recovery Services,2024-08-26,6216.11,Contacted,WhatsApp Bot,,,Pending,11,2024-08-20,Customer contacted via WhatsApp Bot. Payment request sent.
COL10542,APP10690,Priya Deshmukh (Internal),2024-10-13,25267.65,Repossession Pending,Field Visit,,,Pending,9,2024-10-11,Asset recovery team assigned for asset repossession proceedings.
COL10543,APP11200,Rajesh Sharma (Internal),2025-12-06,70479.95,Settled,Legal Notice,2025-11-24,66204.62,Full Settlement,5,2025-11-28,Loan settled at ₹66204.62 under Full Settlement arrangement.
COL10544,APP12597,Vikramaditya Singh (Internal),2025-12-30,9485.07,Legal Action Initiated,WhatsApp Bot,,,Rejected,7,2025-12-22,Section 25 / NI Act 138 legal notice issued for persistent loan default.
COL10545,APP12391,Apex Recovery Agency,2025-08-27,15658.91,Unreachable,Legal Notice,,,Pending,5,2025-08-22,Borrower unreachable on registered phone number. Escalated to field team.
COL10546,APP10430,Apex Recovery Agency,2024-10-18,23917.44,Settled,Field Visit,2024-10-06,14420.09,Waived Off,6,2024-10-14,Loan settled at ₹14420.09 under Waived Off arrangement.
COL10547,APP11800,Zenith Financial Recovery,2025-01-23,59806.89,Contacted,Legal Notice,,,Pending,1,2025-01-15,Customer contacted via Legal Notice. Payment request sent.
COL10548,APP10460,Priya Deshmukh (Internal),2025-07-05,218686.41,Legal Action Initiated,Digital Reminder,,,Rejected,7,2025-07-02,Section 25 / NI Act 138 legal notice issued for persistent loan default.
COL10549,APP11864,Anita Roy (Internal),2025-03-06,12661.8,Repossession Pending,Digital Reminder,,,Pending,5,2025-02-24,Asset recovery team assigned for asset repossession proceedings.
COL10550,APP12624,Apex Recovery Agency,2025-03-24,103576.72,Promise to Pay,Digital Reminder,2025-04-10,,Pending,2,2025-03-14,Borrower promised to pay ₹103576.72 by 2025-04-10.
COL10551,APP10975,Apex Recovery Agency,2024-07-21,8894.4,Unreachable,WhatsApp Bot,,,Pending,9,2024-07-21,Borrower unreachable on registered phone number. Escalated to field team.
COL10552,APP11773,Anita Roy (Internal),2024-06-09,103033.57,Settled,Legal Notice,2024-06-02,79619.48,Full Settlement,4,2024-06-08,Loan settled at ₹79619.48 under Full Settlement arrangement.
COL10553,APP11495,Vanguard Legal & Recovery Services,2024-07-03,276170.15,Unreachable,Legal Notice,,,Pending,6,2024-07-02,Borrower unreachable on registered phone number. Escalated to field team.
COL10554,APP10567,Rajesh Sharma (Internal),2024-12-14,19569.67,Unreachable,Legal Notice,,,Pending,5,2024-12-08,Borrower unreachable on registered phone number. Escalated to field team.
COL10555,APP12215,Anita Roy (Internal),2024-07-05,47430.15,Unreachable,Field Visit,,,Pending,4,2024-06-28,Borrower unreachable on registered phone number. Escalated to field team.
COL10556,APP12854,Suresh Kumar (Field Specialist),2025-04-27,89464.18,Unreachable,Field Visit,,,Pending,3,2025-04-17,Borrower unreachable on registered phone number. Escalated to field team.
COL10557,APP11478,Suresh Kumar (Field Specialist),2024-12-21,33092.2,Contacted,WhatsApp Bot,,,Pending,6,2024-12-21,Customer contacted via WhatsApp Bot. Payment request sent.
COL10558,APP11248,Anita Roy (Internal),2025-03-10,17078.66,Repossession Pending,Field Visit,,,Pending,10,2025-03-09,Asset recovery team assigned for asset repossession proceedings.
COL10559,APP12158,Priya Deshmukh (Internal),2024-11-06,18443.14,Contacted,Tele-calling,,,Pending,6,2024-11-05,Customer contacted via Tele-calling. Payment request sent.
COL10560,APP11967,Vikramaditya Singh (Internal),2024-08-01,47441.11,Contacted,Digital Reminder,,,Pending,1,2024-07-27,Customer contacted via Digital Reminder. Payment request sent.
COL10561,APP12242,Suresh Kumar (Field Specialist),2025-12-24,9405.01,Promise to Pay,Tele-calling,2026-01-10,,Pending,11,2025-12-19,Borrower promised to pay ₹9405.01 by 2026-01-10.
COL10562,APP12368,Rajesh Sharma (Internal),2024-07-11,42827.65,Settled,Digital Reminder,2024-06-28,33832.0,Partial Settlement,8,2024-07-04,Loan settled at ₹33832.0 under Partial Settlement arrangement.
COL10563,APP12418,Priya Deshmukh (Internal),2025-09-23,42574.2,Promise to Pay,WhatsApp Bot,2025-10-13,,Pending,5,2025-09-14,Borrower promised to pay ₹42574.2 by 2025-10-13.
COL10564,APP11077,Anita Roy (Internal),2025-12-07,200754.44,Promise to Pay,WhatsApp Bot,2025-12-10,,Pending,6,2025-11-30,Borrower promised to pay ₹200754.44 by 2025-12-10.
COL10565,APP12118,Vanguard Legal & Recovery Services,2025-01-31,13947.71,Contacted,Field Visit,,,Pending,6,2025-01-30,Customer contacted via Field Visit. Payment request sent.
COL10566,APP11565,Vanguard Legal & Recovery Services,2024-11-05,42680.66,Legal Action Initiated,Field Visit,,,Rejected,10,2024-11-01,Section 25 / NI Act 138 legal notice issued for persistent loan default.
COL10567,APP10813,Vanguard Legal & Recovery Services,2024-07-15,9960.77,Contacted,Legal Notice,,,Pending,3,2024-07-13,Customer contacted via Legal Notice. Payment request sent.
COL10568,APP11005,Priya Deshmukh (Internal),2025-07-03,54812.29,Unreachable,Tele-calling,,,Pending,11,2025-06-26,Borrower unreachable on registered phone number. Escalated to field team.
COL10569,APP11481,Meenakshi Sundaram (Legal Agent),2024-08-12,31230.33,Settled,WhatsApp Bot,2024-07-28,28886.22,Partial Settlement,1,2024-08-09,Loan settled at ₹28886.22 under Partial Settlement arrangement.
COL10570,APP10440,Zenith Financial Recovery,2025-07-31,29456.06,Settled,Tele-calling,2025-07-17,23127.64,Partial Settlement,6,2025-07-31,Loan settled at ₹23127.64 under Partial Settlement arrangement.
COL10571,APP12993,Apex Recovery Agency,2025-01-23,41103.91,Promise to Pay,Tele-calling,2025-02-01,,Pending,9,2025-01-17,Borrower promised to pay ₹41103.91 by 2025-02-01.
COL10572,APP12368,Suresh Kumar (Field Specialist),2025-12-24,38875.45,Legal Action Initiated,Field Visit,,,Rejected,7,2025-12-23,Section 25 / NI Act 138 legal notice issued for persistent loan default.
COL10573,APP11543,Zenith Financial Recovery,2025-07-17,52541.01,Contacted,Digital Reminder,,,Pending,9,2025-07-12,Customer contacted via Digital Reminder. Payment request sent.
COL10574,APP11702,Suresh Kumar (Field Specialist),2025-12-16,46757.58,Unreachable,WhatsApp Bot,,,Pending,6,2025-12-11,Borrower unreachable on registered phone number. Escalated to field team.
COL10575,APP10430,Vanguard Legal & Recovery Services,2025-06-20,37722.42,Legal Action Initiated,Legal Notice,,,Rejected,9,2025-06-16,Section 25 / NI Act 138 legal notice issued for persistent loan default.
COL10576,APP10805,Zenith Financial Recovery,2025-03-19,58370.31,Unreachable,Digital Reminder,,,Pending,10,2025-03-19,Borrower unreachable on registered phone number. Escalated to field team.
COL10577,APP12608,Vikramaditya Singh (Internal),2025-04-19,11769.46,Contacted,Legal Notice,,,Pending,1,2025-04-15,Customer contacted via Legal Notice. Payment request sent.
COL10578,APP11950,Suresh Kumar (Field Specialist),2024-07-09,173002.28,Legal Action Initiated,WhatsApp Bot,,,Rejected,8,2024-07-04,Section 25 / NI Act 138 legal notice issued for persistent loan default.
COL10579,APP10127,Vikramaditya Singh (Internal),2025-02-18,139587.0,Settled,Legal Notice,2025-02-04,111554.12,Partial Settlement,5,2025-02-17,Loan settled at ₹111554.12 under Partial Settlement arrangement.
COL10580,APP11284,Anita Roy (Internal),2026-01-12,32762.25,Unreachable,Legal Notice,,,Pending,2,2026-01-03,Borrower unreachable on registered phone number. Escalated to field team.
COL10581,APP10190,Rajesh Sharma (Internal),2025-05-09,10145.93,Unreachable,WhatsApp Bot,,,Pending,6,2025-05-03,Borrower unreachable on registered phone number. Escalated to field team.
COL10582,APP11698,Anita Roy (Internal),2024-06-12,39701.83,Repossession Pending,Field Visit,,,Pending,11,2024-06-02,Asset recovery team assigned for asset repossession proceedings.
COL10583,APP10221,Rajesh Sharma (Internal),2024-11-01,67964.03,Legal Action Initiated,Legal Notice,,,Rejected,6,2024-10-24,Section 25 / NI Act 138 legal notice issued for persistent loan default.
COL10584,APP11597,Vikramaditya Singh (Internal),2025-08-31,260365.88,Repossession Pending,Tele-calling,,,Pending,10,2025-08-22,Asset recovery team assigned for asset repossession proceedings.
COL10585,APP10185,Anita Roy (Internal),2024-10-14,16569.37,Unreachable,Field Visit,,,Pending,6,2024-10-13,Borrower unreachable on registered phone number. Escalated to field team.
COL10586,APP11213,Meenakshi Sundaram (Legal Agent),2025-10-27,43357.02,Legal Action Initiated,Tele-calling,,,Rejected,7,2025-10-25,Section 25 / NI Act 138 legal notice issued for persistent loan default.
COL10587,APP11218,Zenith Financial Recovery,2024-12-18,40002.82,Promise to Pay,WhatsApp Bot,2025-01-06,,Pending,9,2024-12-09,Borrower promised to pay ₹40002.82 by 2025-01-06.
COL10588,APP12388,Priya Deshmukh (Internal),2026-01-11,72458.0,Settled,Tele-calling,2025-12-27,54215.92,Partial Settlement,2,2026-01-10,Loan settled at ₹54215.92 under Partial Settlement arrangement.
COL10589,APP10906,Priya Deshmukh (Internal),2025-04-09,124112.69,Settled,Legal Notice,2025-03-26,101538.3,Partial Settlement,3,2025-04-04,Loan settled at ₹101538.3 under Partial Settlement arrangement.
COL10590,APP11803,Rajesh Sharma (Internal),2024-08-27,39983.06,Promise to Pay,Field Visit,2024-09-06,,Pending,2,2024-08-27,Borrower promised to pay ₹39983.06 by 2024-09-06.
COL10591,APP12060,Apex Recovery Agency,2025-09-04,15551.36,Settled,Tele-calling,2025-08-25,13358.69,Full Settlement,8,2025-09-04,Loan settled at ₹13358.69 under Full Settlement arrangement.
COL10592,APP11376,Priya Deshmukh (Internal),2024-10-23,79907.86,Legal Action Initiated,WhatsApp Bot,,,Rejected,12,2024-10-13,Section 25 / NI Act 138 legal notice issued for persistent loan default.
COL10593,APP11851,Vanguard Legal & Recovery Services,2024-08-01,25267.65,Repossession Pending,WhatsApp Bot,,,Pending,5,2024-07-29,Asset recovery team assigned for asset repossession proceedings.
COL10594,APP10243,Rajesh Sharma (Internal),2025-03-05,47963.69,Repossession Pending,Digital Reminder,,,Pending,11,2025-02-23,Asset recovery team assigned for asset repossession proceedings.
COL10595,APP10805,Anita Roy (Internal),2025-01-23,197371.84,Settled,Tele-calling,2025-01-17,151903.64,Partial Settlement,7,2025-01-15,Loan settled at ₹151903.64 under Partial Settlement arrangement.
COL10596,APP11755,Anita Roy (Internal),2024-06-23,40597.38,Promise to Pay,Field Visit,2024-07-12,,Pending,1,2024-06-20,Borrower promised to pay ₹40597.38 by 2024-07-12.
COL10597,APP11610,Prudence Resolution Services,2025-05-27,52785.2,Unreachable,Digital Reminder,,,Pending,6,2025-05-17,Borrower unreachable on registered phone number. Escalated to field team.
COL10598,APP10908,Priya Deshmukh (Internal),2025-07-02,85626.94,Settled,WhatsApp Bot,2025-06-23,55922.77,Full Settlement,1,2025-06-24,Loan settled at ₹55922.77 under Full Settlement arrangement.
COL10599,APP10704,Vikramaditya Singh (Internal),2025-01-19,64972.66,Repossession Pending,Tele-calling,,,Pending,7,2025-01-16,Asset recovery team assigned for asset repossession proceedings.
COL10600,APP11650,Vanguard Legal & Recovery Services,2024-12-29,30522.78,Legal Action Initiated,Legal Notice,,,Rejected,11,2024-12-27,Section 25 / NI Act 138 legal notice issued for persistent loan default.
COL10601,APP11006,Priya Deshmukh (Internal),2024-10-17,41786.01,Settled,Field Visit,2024-10-02,38484.47,Waived Off,7,2024-10-15,Loan settled at ₹38484.47 under Waived Off arrangement.
COL10602,APP10616,Anita Roy (Internal),2025-04-22,8893.27,Legal Action Initiated,WhatsApp Bot,,,Rejected,3,2025-04-22,Section 25 / NI Act 138 legal notice issued for persistent loan default.
COL10603,APP12220,Vanguard Legal & Recovery Services,2025-03-08,132480.89,Settled,Digital Reminder,2025-03-02,88054.92,Full Settlement,3,2025-03-05,Loan settled at ₹88054.92 under Full Settlement arrangement.
COL10604,APP10187,Meenakshi Sundaram (Legal Agent),2024-06-27,19687.12,Legal Action Initiated,WhatsApp Bot,,,Rejected,6,2024-06-26,Section 25 / NI Act 138 legal notice issued for persistent loan default.
COL10605,APP11040,Vikramaditya Singh (Internal),2024-12-06,53341.43,Legal Action Initiated,WhatsApp Bot,,,Rejected,7,2024-11-29,Section 25 / NI Act 138 legal notice issued for persistent loan default.
COL10606,APP11960,Vikramaditya Singh (Internal),2024-06-16,20062.98,Promise to Pay,Field Visit,2024-06-26,,Pending,5,2024-06-10,Borrower promised to pay ₹20062.98 by 2024-06-26.
COL10607,APP10922,Priya Deshmukh (Internal),2025-10-15,60476.96,Promise to Pay,Tele-calling,2025-11-01,,Pending,12,2025-10-10,Borrower promised to pay ₹60476.96 by 2025-11-01.
COL10608,APP12515,Vanguard Legal & Recovery Services,2025-04-17,48246.82,Contacted,Digital Reminder,,,Pending,7,2025-04-08,Customer contacted via Digital Reminder. Payment request sent.
COL10609,APP10718,Suresh Kumar (Field Specialist),2024-07-14,36176.67,Legal Action Initiated,Tele-calling,,,Rejected,4,2024-07-06,Section 25 / NI Act 138 legal notice issued for persistent loan default.
COL10610,APP10791,Vanguard Legal & Recovery Services,2024-07-21,37406.24,Legal Action Initiated,Tele-calling,,,Rejected,4,2024-07-17,Section 25 / NI Act 138 legal notice issued for persistent loan default.
COL10611,APP11395,Vanguard Legal & Recovery Services,2024-07-26,27520.78,Settled,Legal Notice,2024-07-19,24506.23,Partial Settlement,12,2024-07-18,Loan settled at ₹24506.23 under Partial Settlement arrangement.
COL10612,APP10079,Anita Roy (Internal),2025-12-12,11524.1,Contacted,WhatsApp Bot,,,Pending,3,2025-12-06,Customer contacted via WhatsApp Bot. Payment request sent.
COL10613,APP12427,Prudence Resolution Services,2024-12-24,87055.58,Contacted,Digital Reminder,,,Pending,8,2024-12-23,Customer contacted via Digital Reminder. Payment request sent.
COL10614,APP12555,Prudence Resolution Services,2025-09-04,38683.23,Repossession Pending,Field Visit,,,Pending,11,2025-08-30,Asset recovery team assigned for asset repossession proceedings.
COL10615,APP11091,Suresh Kumar (Field Specialist),2024-11-11,62652.3,Repossession Pending,Digital Reminder,,,Pending,7,2024-11-03,Asset recovery team assigned for asset repossession proceedings.
COL10616,APP10909,Rajesh Sharma (Internal),2024-11-01,26178.64,Settled,Field Visit,2024-10-25,16177.32,Waived Off,3,2024-10-30,Loan settled at ₹16177.32 under Waived Off arrangement.
COL10617,APP12525,Apex Recovery Agency,2024-10-13,14927.78,Settled,Digital Reminder,2024-09-29,9020.45,Partial Settlement,4,2024-10-13,Loan settled at ₹9020.45 under Partial Settlement arrangement.
COL10618,APP10364,Zenith Financial Recovery,2025-01-09,246368.99,Contacted,WhatsApp Bot,,,Pending,10,2024-12-30,Customer contacted via WhatsApp Bot. Payment request sent.
COL10619,APP11213,Zenith Financial Recovery,2025-02-06,26492.23,Unreachable,Digital Reminder,,,Pending,9,2025-02-02,Borrower unreachable on registered phone number. Escalated to field team.
COL10620,APP11821,Priya Deshmukh (Internal),2024-07-08,10577.89,Promise to Pay,Tele-calling,2024-07-20,,Pending,3,2024-07-08,Borrower promised to pay ₹10577.89 by 2024-07-20.
COL10621,APP10188,Anita Roy (Internal),2025-03-19,7690.93,Contacted,Tele-calling,,,Pending,10,2025-03-09,Customer contacted via Tele-calling. Payment request sent.
COL10622,APP11301,Vikramaditya Singh (Internal),2024-09-04,10523.53,Repossession Pending,Digital Reminder,,,Pending,5,2024-08-30,Asset recovery team assigned for asset repossession proceedings.
COL10623,APP10550,Vanguard Legal & Recovery Services,2025-09-26,67057.02,Unreachable,Tele-calling,,,Pending,3,2025-09-25,Borrower unreachable on registered phone number. Escalated to field team.
COL10624,APP12143,Prudence Resolution Services,2024-07-30,263360.3,Unreachable,WhatsApp Bot,,,Pending,2,2024-07-21,Borrower unreachable on registered phone number. Escalated to field team.
COL10625,APP11067,Anita Roy (Internal),2025-03-22,120211.37,Repossession Pending,Digital Reminder,,,Pending,7,2025-03-13,Asset recovery team assigned for asset repossession proceedings.
COL10626,APP12313,Apex Recovery Agency,2024-10-11,98805.83,Legal Action Initiated,WhatsApp Bot,,,Rejected,10,2024-10-02,Section 25 / NI Act 138 legal notice issued for persistent loan default.
COL10627,APP12848,Suresh Kumar (Field Specialist),2025-01-25,57269.58,Unreachable,Digital Reminder,,,Pending,12,2025-01-21,Borrower unreachable on registered phone number. Escalated to field team.
COL10628,APP10518,Rajesh Sharma (Internal),2024-12-30,36023.49,Contacted,Tele-calling,,,Pending,10,2024-12-24,Customer contacted via Tele-calling. Payment request sent.
COL10629,APP11487,Rajesh Sharma (Internal),2024-06-12,23950.49,Settled,Legal Notice,2024-06-03,20994.24,Partial Settlement,11,2024-06-09,Loan settled at ₹20994.24 under Partial Settlement arrangement.
COL10630,APP12525,Apex Recovery Agency,2025-05-08,10368.26,Legal Action Initiated,WhatsApp Bot,,,Rejected,6,2025-05-02,Section 25 / NI Act 138 legal notice issued for persistent loan default.
COL10631,APP11532,Vikramaditya Singh (Internal),2025-10-04,94323.65,Settled,Field Visit,2025-09-19,72489.94,Full Settlement,8,2025-10-04,Loan settled at ₹72489.94 under Full Settlement arrangement.
COL10632,APP11155,Suresh Kumar (Field Specialist),2024-07-28,91487.67,Unreachable,Legal Notice,,,Pending,9,2024-07-24,Borrower unreachable on registered phone number. Escalated to field team.
COL10633,APP11679,Prudence Resolution Services,2025-05-06,44021.56,Legal Action Initiated,WhatsApp Bot,,,Rejected,6,2025-05-05,Section 25 / NI Act 138 legal notice issued for persistent loan default.
COL10634,APP10834,Apex Recovery Agency,2024-11-17,275939.11,Settled,Tele-calling,2024-11-06,223046.32,Full Settlement,10,2024-11-08,Loan settled at ₹223046.32 under Full Settlement arrangement.
COL10635,APP11171,Prudence Resolution Services,2025-01-30,25923.62,Settled,Tele-calling,2025-01-21,20318.55,Full Settlement,6,2025-01-23,Loan settled at ₹20318.55 under Full Settlement arrangement.
COL10636,APP10893,Anita Roy (Internal),2025-08-29,56479.51,Contacted,Legal Notice,,,Pending,9,2025-08-29,Customer contacted via Legal Notice. Payment request sent.
COL10637,APP11486,Suresh Kumar (Field Specialist),2025-11-19,103894.6,Promise to Pay,Field Visit,2025-11-26,,Pending,5,2025-11-14,Borrower promised to pay ₹103894.6 by 2025-11-26.
COL10638,APP12698,Suresh Kumar (Field Specialist),2025-11-17,115215.96,Promise to Pay,Field Visit,2025-11-29,,Pending,2,2025-11-17,Borrower promised to pay ₹115215.96 by 2025-11-29.
COL10639,APP10161,Meenakshi Sundaram (Legal Agent),2025-11-16,9330.45,Settled,Tele-calling,2025-11-11,8075.25,Waived Off,11,2025-11-12,Loan settled at ₹8075.25 under Waived Off arrangement.
COL10640,APP12709,Prudence Resolution Services,2025-08-26,28216.96,Promise to Pay,Field Visit,2025-09-06,,Pending,11,2025-08-25,Borrower promised to pay ₹28216.96 by 2025-09-06.
COL10641,APP10834,Vikramaditya Singh (Internal),2025-11-09,78856.16,Contacted,Legal Notice,,,Pending,2,2025-11-06,Customer contacted via Legal Notice. Payment request sent.
COL10642,APP12161,Prudence Resolution Services,2025-03-18,117266.08,Settled,WhatsApp Bot,2025-03-11,83139.56,Full Settlement,10,2025-03-15,Loan settled at ₹83139.56 under Full Settlement arrangement.
COL10643,APP10080,Suresh Kumar (Field Specialist),2024-07-22,149538.32,Contacted,Digital Reminder,,,Pending,2,2024-07-16,Customer contacted via Digital Reminder. Payment request sent.
COL10644,APP11238,Anita Roy (Internal),2026-01-28,32792.29,Unreachable,Digital Reminder,,,Pending,11,2026-01-21,Borrower unreachable on registered phone number. Escalated to field team.
COL10645,APP11165,Apex Recovery Agency,2025-11-29,23177.81,Promise to Pay,Legal Notice,2025-12-06,,Pending,2,2025-11-22,Borrower promised to pay ₹23177.81 by 2025-12-06.
COL10646,APP11202,Zenith Financial Recovery,2025-09-20,263548.06,Unreachable,Tele-calling,,,Pending,8,2025-09-17,Borrower unreachable on registered phone number. Escalated to field team.
COL10647,APP11676,Vikramaditya Singh (Internal),2025-05-05,156529.2,Settled,WhatsApp Bot,2025-04-23,97498.57,Full Settlement,6,2025-04-28,Loan settled at ₹97498.57 under Full Settlement arrangement.
COL10648,APP11042,Prudence Resolution Services,2025-05-23,22713.05,Unreachable,Digital Reminder,,,Pending,10,2025-05-14,Borrower unreachable on registered phone number. Escalated to field team.
COL10649,APP10578,Suresh Kumar (Field Specialist),2025-04-30,46740.77,Unreachable,Tele-calling,,,Pending,9,2025-04-20,Borrower unreachable on registered phone number. Escalated to field team.
COL10650,APP10557,Apex Recovery Agency,2025-02-05,77385.61,Unreachable,WhatsApp Bot,,,Pending,9,2025-02-03,Borrower unreachable on registered phone number. Escalated to field team.
COL10651,APP12043,Vanguard Legal & Recovery Services,2025-08-16,17881.59,Settled,Tele-calling,2025-08-06,15073.23,Waived Off,7,2025-08-07,Loan settled at ₹15073.23 under Waived Off arrangement.
COL10652,APP11862,Anita Roy (Internal),2025-04-30,19746.34,Unreachable,WhatsApp Bot,,,Pending,9,2025-04-29,Borrower unreachable on registered phone number. Escalated to field team.
COL10653,APP11297,Vikramaditya Singh (Internal),2025-06-24,31294.64,Unreachable,Legal Notice,,,Pending,6,2025-06-17,Borrower unreachable on registered phone number. Escalated to field team.
COL10654,APP12539,Anita Roy (Internal),2024-06-01,115407.79,Promise to Pay,Field Visit,2024-06-08,,Pending,3,2024-05-22,Borrower promised to pay ₹115407.79 by 2024-06-08.
COL10655,APP10975,Suresh Kumar (Field Specialist),2024-12-28,16232.01,Unreachable,Legal Notice,,,Pending,11,2024-12-23,Borrower unreachable on registered phone number. Escalated to field team.
COL10656,APP12265,Meenakshi Sundaram (Legal Agent),2024-08-31,157087.75,Unreachable,Legal Notice,,,Pending,10,2024-08-31,Borrower unreachable on registered phone number. Escalated to field team.
COL10657,APP11572,Vanguard Legal & Recovery Services,2024-07-25,36806.14,Settled,Field Visit,2024-07-15,33178.41,Full Settlement,1,2024-07-17,Loan settled at ₹33178.41 under Full Settlement arrangement.
COL10658,APP12152,Priya Deshmukh (Internal),2025-06-27,215686.64,Repossession Pending,Digital Reminder,,,Pending,7,2025-06-21,Asset recovery team assigned for asset repossession proceedings.
COL10659,APP11696,Suresh Kumar (Field Specialist),2025-12-21,11952.27,Repossession Pending,Field Visit,,,Pending,7,2025-12-16,Asset recovery team assigned for asset repossession proceedings.
COL10660,APP12607,Vikramaditya Singh (Internal),2024-06-17,24261.44,Repossession Pending,Legal Notice,,,Pending,3,2024-06-10,Asset recovery team assigned for asset repossession proceedings.
COL10661,APP10384,Vikramaditya Singh (Internal),2025-09-10,127978.66,Promise to Pay,Tele-calling,2025-09-26,,Pending,12,2025-09-01,Borrower promised to pay ₹127978.66 by 2025-09-26.
COL10662,APP11660,Zenith Financial Recovery,2025-05-30,16480.88,Unreachable,WhatsApp Bot,,,Pending,4,2025-05-28,Borrower unreachable on registered phone number. Escalated to field team.
COL10663,APP12055,Meenakshi Sundaram (Legal Agent),2025-10-27,51952.79,Legal Action Initiated,Tele-calling,,,Rejected,5,2025-10-21,Section 25 / NI Act 138 legal notice issued for persistent loan default.
COL10664,APP11567,Meenakshi Sundaram (Legal Agent),2025-06-13,155674.32,Contacted,Legal Notice,,,Pending,2,2025-06-04,Customer contacted via Legal Notice. Payment request sent.
COL10665,APP10697,Anita Roy (Internal),2025-03-14,34958.53,Repossession Pending,Field Visit,,,Pending,8,2025-03-06,Asset recovery team assigned for asset repossession proceedings.
COL10666,APP11158,Suresh Kumar (Field Specialist),2024-08-19,7958.84,Contacted,WhatsApp Bot,,,Pending,11,2024-08-09,Customer contacted via WhatsApp Bot. Payment request sent.
COL10667,APP12597,Meenakshi Sundaram (Legal Agent),2024-06-12,4988.42,Legal Action Initiated,Legal Notice,,,Rejected,8,2024-06-05,Section 25 / NI Act 138 legal notice issued for persistent loan default.
COL10668,APP11403,Zenith Financial Recovery,2025-03-29,39165.39,Repossession Pending,WhatsApp Bot,,,Pending,5,2025-03-27,Asset recovery team assigned for asset repossession proceedings.
COL10669,APP11561,Meenakshi Sundaram (Legal Agent),2025-09-28,41464.2,Repossession Pending,Legal Notice,,,Pending,10,2025-09-26,Asset recovery team assigned for asset repossession proceedings.
COL10670,APP10702,Apex Recovery Agency,2025-10-31,108358.18,Contacted,WhatsApp Bot,,,Pending,2,2025-10-27,Customer contacted via WhatsApp Bot. Payment request sent.
COL10671,APP11341,Vikramaditya Singh (Internal),2024-09-23,43172.74,Settled,WhatsApp Bot,2024-09-09,28187.37,Waived Off,10,2024-09-21,Loan settled at ₹28187.37 under Waived Off arrangement.
COL10672,APP12735,Prudence Resolution Services,2024-12-03,199789.05,Settled,Field Visit,2024-11-23,187516.2,Full Settlement,9,2024-12-03,Loan settled at ₹187516.2 under Full Settlement arrangement.
COL10673,APP12242,Zenith Financial Recovery,2024-11-19,7224.34,Unreachable,Digital Reminder,,,Pending,4,2024-11-10,Borrower unreachable on registered phone number. Escalated to field team.
COL10674,APP11677,Rajesh Sharma (Internal),2025-10-01,26690.62,Contacted,Legal Notice,,,Pending,5,2025-09-24,Customer contacted via Legal Notice. Payment request sent.
COL10675,APP11876,Priya Deshmukh (Internal),2024-10-27,57712.3,Repossession Pending,Digital Reminder,,,Pending,9,2024-10-21,Asset recovery team assigned for asset repossession proceedings.
COL10676,APP12638,Apex Recovery Agency,2024-07-13,269291.33,Unreachable,Digital Reminder,,,Pending,2,2024-07-05,Borrower unreachable on registered phone number. Escalated to field team.
COL10677,APP12349,Vanguard Legal & Recovery Services,2025-03-01,141087.38,Repossession Pending,WhatsApp Bot,,,Pending,2,2025-02-25,Asset recovery team assigned for asset repossession proceedings.
COL10678,APP11986,Zenith Financial Recovery,2025-11-15,131300.87,Repossession Pending,Field Visit,,,Pending,6,2025-11-05,Asset recovery team assigned for asset repossession proceedings.
COL10679,APP11660,Prudence Resolution Services,2024-06-13,19232.87,Contacted,WhatsApp Bot,,,Pending,7,2024-06-12,Customer contacted via WhatsApp Bot. Payment request sent.
COL10680,APP12245,Anita Roy (Internal),2024-12-15,17654.8,Settled,Digital Reminder,2024-12-01,10944.36,Full Settlement,1,2024-12-15,Loan settled at ₹10944.36 under Full Settlement arrangement.
COL10681,APP11305,Meenakshi Sundaram (Legal Agent),2024-10-12,49204.41,Repossession Pending,Tele-calling,,,Pending,7,2024-10-02,Asset recovery team assigned for asset repossession proceedings.
COL10682,APP10108,Vikramaditya Singh (Internal),2024-08-17,9457.24,Repossession Pending,Tele-calling,,,Pending,11,2024-08-10,Asset recovery team assigned for asset repossession proceedings.
COL10683,APP12810,Vanguard Legal & Recovery Services,2024-08-03,11950.32,Settled,Legal Notice,2024-07-24,8250.3,Full Settlement,7,2024-07-28,Loan settled at ₹8250.3 under Full Settlement arrangement.
COL10684,APP12096,Vikramaditya Singh (Internal),2025-07-08,10816.07,Contacted,Digital Reminder,,,Pending,3,2025-06-28,Customer contacted via Digital Reminder. Payment request sent.
COL10685,APP11800,Anita Roy (Internal),2024-09-17,58792.74,Legal Action Initiated,Field Visit,,,Rejected,8,2024-09-13,Section 25 / NI Act 138 legal notice issued for persistent loan default.
COL10686,APP11377,Rajesh Sharma (Internal),2025-08-31,37579.91,Contacted,Tele-calling,,,Pending,1,2025-08-24,Customer contacted via Tele-calling. Payment request sent.
COL10687,APP11226,Rajesh Sharma (Internal),2025-05-04,284867.16,Repossession Pending,Tele-calling,,,Pending,7,2025-04-25,Asset recovery team assigned for asset repossession proceedings.
COL10688,APP12806,Suresh Kumar (Field Specialist),2024-08-11,53287.84,Unreachable,Digital Reminder,,,Pending,9,2024-08-08,Borrower unreachable on registered phone number. Escalated to field team.
COL10689,APP11578,Vanguard Legal & Recovery Services,2025-06-03,10378.51,Contacted,Digital Reminder,,,Pending,6,2025-05-24,Customer contacted via Digital Reminder. Payment request sent.
COL10690,APP11757,Vanguard Legal & Recovery Services,2025-06-10,29494.12,Repossession Pending,Tele-calling,,,Pending,9,2025-06-05,Asset recovery team assigned for asset repossession proceedings.
COL10691,APP10848,Zenith Financial Recovery,2025-06-29,20888.39,Repossession Pending,Legal Notice,,,Pending,11,2025-06-26,Asset recovery team assigned for asset repossession proceedings.
COL10692,APP10515,Vanguard Legal & Recovery Services,2025-08-23,30861.46,Repossession Pending,Tele-calling,,,Pending,12,2025-08-20,Asset recovery team assigned for asset repossession proceedings.
COL10693,APP10054,Rajesh Sharma (Internal),2025-10-14,21204.54,Contacted,Field Visit,,,Pending,7,2025-10-13,Customer contacted via Field Visit. Payment request sent.
COL10694,APP12717,Apex Recovery Agency,2024-06-17,119145.44,Legal Action Initiated,Digital Reminder,,,Rejected,1,2024-06-12,Section 25 / NI Act 138 legal notice issued for persistent loan default.
COL10695,APP12997,Prudence Resolution Services,2025-11-18,32493.97,Unreachable,Tele-calling,,,Pending,8,2025-11-08,Borrower unreachable on registered phone number. Escalated to field team.
COL10696,APP10718,Vikramaditya Singh (Internal),2024-10-23,95277.3,Promise to Pay,WhatsApp Bot,2024-10-26,,Pending,8,2024-10-13,Borrower promised to pay ₹95277.3 by 2024-10-26.
COL10697,APP12984,Meenakshi Sundaram (Legal Agent),2024-11-24,16294.16,Promise to Pay,Tele-calling,2024-12-06,,Pending,11,2024-11-24,Borrower promised to pay ₹16294.16 by 2024-12-06.
COL10698,APP12345,Zenith Financial Recovery,2024-09-17,50270.33,Promise to Pay,WhatsApp Bot,2024-09-27,,Pending,2,2024-09-10,Borrower promised to pay ₹50270.33 by 2024-09-27.
COL10699,APP10294,Priya Deshmukh (Internal),2025-07-17,134749.06,Settled,Digital Reminder,2025-07-02,106594.55,Waived Off,6,2025-07-16,Loan settled at ₹106594.55 under Waived Off arrangement.
COL10700,APP11955,Priya Deshmukh (Internal),2025-03-08,49151.54,Legal Action Initiated,Tele-calling,,,Rejected,3,2025-03-02,Section 25 / NI Act 138 legal notice issued for persistent loan default.
COL10701,APP12331,Prudence Resolution Services,2024-07-12,38828.99,Promise to Pay,WhatsApp Bot,2024-07-27,,Pending,3,2024-07-11,Borrower promised to pay ₹38828.99 by 2024-07-27.
COL10702,APP11702,Rajesh Sharma (Internal),2024-08-31,13537.98,Contacted,Digital Reminder,,,Pending,12,2024-08-21,Customer contacted via Digital Reminder. Payment request sent.
COL10703,APP10313,Vanguard Legal & Recovery Services,2025-03-05,66225.33,Repossession Pending,Digital Reminder,,,Pending,9,2025-02-26,Asset recovery team assigned for asset repossession proceedings.
COL10704,APP11687,Priya Deshmukh (Internal),2025-10-25,19169.72,Legal Action Initiated,Field Visit,,,Rejected,10,2025-10-24,Section 25 / NI Act 138 legal notice issued for persistent loan default.
COL10705,APP11459,Prudence Resolution Services,2025-11-25,74776.55,Contacted,Digital Reminder,,,Pending,2,2025-11-16,Customer contacted via Digital Reminder. Payment request sent.
COL10706,APP11693,Suresh Kumar (Field Specialist),2024-12-31,21049.11,Promise to Pay,WhatsApp Bot,2025-01-09,,Pending,5,2024-12-31,Borrower promised to pay ₹21049.11 by 2025-01-09.
COL10707,APP11619,Vikramaditya Singh (Internal),2024-07-15,25257.09,Unreachable,Digital Reminder,,,Pending,1,2024-07-05,Borrower unreachable on registered phone number. Escalated to field team.
COL10708,APP12852,Apex Recovery Agency,2025-09-08,11945.61,Unreachable,Field Visit,,,Pending,1,2025-09-07,Borrower unreachable on registered phone number. Escalated to field team.
COL10709,APP10303,Suresh Kumar (Field Specialist),2024-09-27,79314.88,Promise to Pay,Field Visit,2024-10-14,,Pending,2,2024-09-24,Borrower promised to pay ₹79314.88 by 2024-10-14.
COL10710,APP11482,Vanguard Legal & Recovery Services,2024-09-21,75678.36,Repossession Pending,Field Visit,,,Pending,6,2024-09-18,Asset recovery team assigned for asset repossession proceedings.
COL10711,APP10021,Priya Deshmukh (Internal),2025-09-26,54650.86,Promise to Pay,Digital Reminder,2025-09-30,,Pending,10,2025-09-19,Borrower promised to pay ₹54650.86 by 2025-09-30.
COL10712,APP12994,Vikramaditya Singh (Internal),2024-10-18,39139.11,Legal Action Initiated,Field Visit,,,Rejected,8,2024-10-15,Section 25 / NI Act 138 legal notice issued for persistent loan default.
COL10713,APP10144,Apex Recovery Agency,2024-08-01,11242.26,Settled,Field Visit,2024-07-26,8549.77,Partial Settlement,5,2024-07-30,Loan settled at ₹8549.77 under Partial Settlement arrangement.
COL10714,APP12752,Prudence Resolution Services,2024-11-22,19095.03,Settled,Field Visit,2024-11-14,14208.49,Full Settlement,10,2024-11-14,Loan settled at ₹14208.49 under Full Settlement arrangement.
COL10715,APP11082,Zenith Financial Recovery,2024-06-15,19018.59,Legal Action Initiated,Field Visit,,,Rejected,12,2024-06-09,Section 25 / NI Act 138 legal notice issued for persistent loan default.
COL10716,APP12515,Priya Deshmukh (Internal),2026-01-27,47031.32,Unreachable,Legal Notice,,,Pending,3,2026-01-18,Borrower unreachable on registered phone number. Escalated to field team.
COL10717,APP12437,Vanguard Legal & Recovery Services,2025-10-30,50388.56,Contacted,Tele-calling,,,Pending,1,2025-10-24,Customer contacted via Tele-calling. Payment request sent.
COL10718,APP12968,Vanguard Legal & Recovery Services,2025-02-02,49372.84,Repossession Pending,Digital Reminder,,,Pending,2,2025-01-25,Asset recovery team assigned for asset repossession proceedings.
COL10719,APP12215,Vanguard Legal & Recovery Services,2024-09-01,30273.21,Promise to Pay,Field Visit,2024-09-13,,Pending,1,2024-08-25,Borrower promised to pay ₹30273.21 by 2024-09-13.
COL10720,APP10736,Zenith Financial Recovery,2025-09-18,53677.14,Repossession Pending,WhatsApp Bot,,,Pending,3,2025-09-12,Asset recovery team assigned for asset repossession proceedings.
COL10721,APP11422,Prudence Resolution Services,2024-08-12,58709.43,Repossession Pending,Digital Reminder,,,Pending,7,2024-08-07,Asset recovery team assigned for asset repossession proceedings.
COL10722,APP12968,Rajesh Sharma (Internal),2025-12-08,47094.98,Unreachable,Legal Notice,,,Pending,10,2025-12-05,Borrower unreachable on registered phone number. Escalated to field team.
COL10723,APP11843,Meenakshi Sundaram (Legal Agent),2025-06-08,61476.6,Repossession Pending,Legal Notice,,,Pending,1,2025-06-07,Asset recovery team assigned for asset repossession proceedings.
COL10724,APP12650,Prudence Resolution Services,2025-12-25,6779.57,Legal Action Initiated,Digital Reminder,,,Rejected,12,2025-12-24,Section 25 / NI Act 138 legal notice issued for persistent loan default.
COL10725,APP11177,Priya Deshmukh (Internal),2025-10-03,303969.87,Settled,Field Visit,2025-09-25,263332.16,Waived Off,12,2025-09-24,Loan settled at ₹263332.16 under Waived Off arrangement.
COL10726,APP12434,Prudence Resolution Services,2024-08-04,136544.61,Legal Action Initiated,Legal Notice,,,Rejected,6,2024-07-30,Section 25 / NI Act 138 legal notice issued for persistent loan default.
COL10727,APP12438,Zenith Financial Recovery,2025-11-27,86638.22,Legal Action Initiated,WhatsApp Bot,,,Rejected,11,2025-11-19,Section 25 / NI Act 138 legal notice issued for persistent loan default.
COL10728,APP10078,Zenith Financial Recovery,2024-08-07,41315.17,Settled,WhatsApp Bot,2024-08-01,30438.49,Full Settlement,4,2024-07-31,Loan settled at ₹30438.49 under Full Settlement arrangement.
COL10729,APP12875,Apex Recovery Agency,2024-10-30,89819.82,Contacted,Tele-calling,,,Pending,8,2024-10-28,Customer contacted via Tele-calling. Payment request sent.
COL10730,APP11121,Suresh Kumar (Field Specialist),2024-10-14,33191.13,Settled,Tele-calling,2024-10-03,28484.57,Partial Settlement,8,2024-10-09,Loan settled at ₹28484.57 under Partial Settlement arrangement.
COL10731,APP11662,Apex Recovery Agency,2025-11-15,15431.73,Contacted,Field Visit,,,Pending,11,2025-11-10,Customer contacted via Field Visit. Payment request sent.
COL10732,APP11687,Meenakshi Sundaram (Legal Agent),2026-01-29,17874.23,Repossession Pending,Legal Notice,,,Pending,11,2026-01-21,Asset recovery team assigned for asset repossession proceedings.
COL10733,APP12165,Zenith Financial Recovery,2025-04-10,36398.86,Settled,Digital Reminder,2025-04-02,26577.2,Partial Settlement,3,2025-04-06,Loan settled at ₹26577.2 under Partial Settlement arrangement.
COL10734,APP10040,Rajesh Sharma (Internal),2024-11-12,29989.85,Settled,Field Visit,2024-11-03,28209.12,Full Settlement,12,2024-11-04,Loan settled at ₹28209.12 under Full Settlement arrangement.
COL10735,APP12133,Vikramaditya Singh (Internal),2024-10-08,101022.05,Contacted,Field Visit,,,Pending,8,2024-10-04,Customer contacted via Field Visit. Payment request sent.
COL10736,APP10222,Vikramaditya Singh (Internal),2025-05-19,112092.04,Legal Action Initiated,Field Visit,,,Rejected,3,2025-05-14,Section 25 / NI Act 138 legal notice issued for persistent loan default.
COL10737,APP11435,Suresh Kumar (Field Specialist),2025-07-20,46708.37,Legal Action Initiated,Field Visit,,,Rejected,8,2025-07-18,Section 25 / NI Act 138 legal notice issued for persistent loan default.
COL10738,APP12675,Prudence Resolution Services,2025-11-02,87138.7,Contacted,Field Visit,,,Pending,6,2025-10-23,Customer contacted via Field Visit. Payment request sent.
COL10739,APP11900,Zenith Financial Recovery,2025-08-27,31626.67,Legal Action Initiated,Legal Notice,,,Rejected,6,2025-08-26,Section 25 / NI Act 138 legal notice issued for persistent loan default.
COL10740,APP10391,Rajesh Sharma (Internal),2025-07-17,29227.38,Repossession Pending,Field Visit,,,Pending,10,2025-07-14,Asset recovery team assigned for asset repossession proceedings.
COL10741,APP11192,Prudence Resolution Services,2026-01-19,95337.88,Settled,Tele-calling,2026-01-10,57955.14,Full Settlement,9,2026-01-16,Loan settled at ₹57955.14 under Full Settlement arrangement.
COL10742,APP10714,Zenith Financial Recovery,2025-11-06,67734.53,Legal Action Initiated,Tele-calling,,,Rejected,1,2025-10-27,Section 25 / NI Act 138 legal notice issued for persistent loan default.
COL10743,APP12481,Vanguard Legal & Recovery Services,2025-06-17,345849.36,Repossession Pending,Field Visit,,,Pending,1,2025-06-13,Asset recovery team assigned for asset repossession proceedings.
COL10744,APP11677,Prudence Resolution Services,2025-08-29,75823.11,Unreachable,Legal Notice,,,Pending,12,2025-08-23,Borrower unreachable on registered phone number. Escalated to field team.
COL10745,APP11789,Apex Recovery Agency,2025-07-30,11130.12,Repossession Pending,Field Visit,,,Pending,3,2025-07-21,Asset recovery team assigned for asset repossession proceedings.
COL10746,APP10976,Vikramaditya Singh (Internal),2025-05-10,44009.28,Settled,Field Visit,2025-04-29,26507.52,Full Settlement,2,2025-05-01,Loan settled at ₹26507.52 under Full Settlement arrangement.
COL10747,APP11593,Vanguard Legal & Recovery Services,2024-10-19,110823.34,Legal Action Initiated,Field Visit,,,Rejected,4,2024-10-17,Section 25 / NI Act 138 legal notice issued for persistent loan default.
COL10748,APP11630,Apex Recovery Agency,2026-01-21,9792.87,Unreachable,WhatsApp Bot,,,Pending,5,2026-01-14,Borrower unreachable on registered phone number. Escalated to field team.
COL10749,APP11182,Zenith Financial Recovery,2025-04-04,93962.94,Contacted,Field Visit,,,Pending,11,2025-03-25,Customer contacted via Field Visit. Payment request sent.
COL10750,APP11437,Anita Roy (Internal),2025-02-06,97955.61,Unreachable,Legal Notice,,,Pending,1,2025-02-05,Borrower unreachable on registered phone number. Escalated to field team.
COL10751,APP12692,Zenith Financial Recovery,2026-01-01,79116.73,Legal Action Initiated,Tele-calling,,,Rejected,7,2025-12-28,Section 25 / NI Act 138 legal notice issued for persistent loan default.
COL10752,APP11213,Anita Roy (Internal),2025-02-21,61899.07,Legal Action Initiated,Legal Notice,,,Rejected,3,2025-02-12,Section 25 / NI Act 138 legal notice issued for persistent loan default.
COL10753,APP12167,Vikramaditya Singh (Internal),2024-11-15,150396.44,Unreachable,Legal Notice,,,Pending,1,2024-11-11,Borrower unreachable on registered phone number. Escalated to field team.
COL10754,APP12481,Vanguard Legal & Recovery Services,2024-08-18,186537.59,Contacted,Legal Notice,,,Pending,9,2024-08-15,Customer contacted via Legal Notice. Payment request sent.
COL10755,APP10494,Anita Roy (Internal),2025-04-05,153553.99,Promise to Pay,WhatsApp Bot,2025-04-19,,Pending,5,2025-03-26,Borrower promised to pay ₹153553.99 by 2025-04-19.
COL10756,APP11609,Suresh Kumar (Field Specialist),2025-11-13,95295.23,Settled,WhatsApp Bot,2025-11-01,68527.71,Partial Settlement,5,2025-11-08,Loan settled at ₹68527.71 under Partial Settlement arrangement.
COL10757,APP11881,Anita Roy (Internal),2025-12-25,242329.73,Promise to Pay,Field Visit,2026-01-14,,Pending,10,2025-12-17,Borrower promised to pay ₹242329.73 by 2026-01-14.
COL10758,APP10432,Anita Roy (Internal),2024-10-13,26331.82,Unreachable,Digital Reminder,,,Pending,1,2024-10-06,Borrower unreachable on registered phone number. Escalated to field team.
COL10759,APP10906,Apex Recovery Agency,2025-11-18,154642.06,Promise to Pay,Legal Notice,2025-11-30,,Pending,6,2025-11-16,Borrower promised to pay ₹154642.06 by 2025-11-30.
COL10760,APP11200,Anita Roy (Internal),2025-01-19,69412.71,Promise to Pay,Field Visit,2025-01-28,,Pending,5,2025-01-17,Borrower promised to pay ₹69412.71 by 2025-01-28.
COL10761,APP10751,Anita Roy (Internal),2024-06-20,55776.4,Repossession Pending,Digital Reminder,,,Pending,8,2024-06-14,Asset recovery team assigned for asset repossession proceedings.
COL10762,APP10371,Priya Deshmukh (Internal),2024-07-31,59550.84,Contacted,Tele-calling,,,Pending,8,2024-07-30,Customer contacted via Tele-calling. Payment request sent.
COL10763,APP11256,Rajesh Sharma (Internal),2024-10-05,62481.38,Settled,Tele-calling,2024-09-21,41529.73,Full Settlement,10,2024-10-02,Loan settled at ₹41529.73 under Full Settlement arrangement.
COL10764,APP12544,Rajesh Sharma (Internal),2026-01-15,62346.16,Promise to Pay,Tele-calling,2026-01-23,,Pending,6,2026-01-10,Borrower promised to pay ₹62346.16 by 2026-01-23.
COL10765,APP10366,Meenakshi Sundaram (Legal Agent),2026-01-14,51918.88,Legal Action Initiated,Field Visit,,,Rejected,1,2026-01-06,Section 25 / NI Act 138 legal notice issued for persistent loan default.
COL10766,APP11305,Priya Deshmukh (Internal),2024-09-10,48044.24,Promise to Pay,Legal Notice,2024-09-28,,Pending,4,2024-09-02,Borrower promised to pay ₹48044.24 by 2024-09-28.
COL10767,APP11856,Meenakshi Sundaram (Legal Agent),2025-05-30,90928.97,Unreachable,Field Visit,,,Pending,7,2025-05-24,Borrower unreachable on registered phone number. Escalated to field team.
COL10768,APP12130,Suresh Kumar (Field Specialist),2024-10-05,8166.07,Unreachable,Field Visit,,,Pending,8,2024-10-04,Borrower unreachable on registered phone number. Escalated to field team.
COL10769,APP11117,Vikramaditya Singh (Internal),2024-07-12,105984.37,Settled,Digital Reminder,2024-06-30,77863.9,Full Settlement,2,2024-07-07,Loan settled at ₹77863.9 under Full Settlement arrangement.
COL10770,APP12469,Meenakshi Sundaram (Legal Agent),2025-12-20,29607.04,Repossession Pending,Legal Notice,,,Pending,7,2025-12-16,Asset recovery team assigned for asset repossession proceedings.
COL10771,APP12187,Priya Deshmukh (Internal),2024-06-14,26318.04,Unreachable,Tele-calling,,,Pending,11,2024-06-07,Borrower unreachable on registered phone number. Escalated to field team.
COL10772,APP11774,Vanguard Legal & Recovery Services,2024-10-25,22137.42,Legal Action Initiated,Digital Reminder,,,Rejected,7,2024-10-19,Section 25 / NI Act 138 legal notice issued for persistent loan default.
COL10773,APP10125,Vikramaditya Singh (Internal),2026-01-31,45936.52,Settled,Tele-calling,2026-01-23,39221.53,Partial Settlement,7,2026-01-30,Loan settled at ₹39221.53 under Partial Settlement arrangement.
COL10774,APP12813,Meenakshi Sundaram (Legal Agent),2025-07-15,84366.04,Settled,WhatsApp Bot,2025-06-30,78675.43,Waived Off,6,2025-07-08,Loan settled at ₹78675.43 under Waived Off arrangement.
COL10775,APP12407,Suresh Kumar (Field Specialist),2025-02-12,102384.25,Promise to Pay,Legal Notice,2025-02-22,,Pending,8,2025-02-05,Borrower promised to pay ₹102384.25 by 2025-02-22.
COL10776,APP11232,Rajesh Sharma (Internal),2024-06-28,18654.79,Repossession Pending,Tele-calling,,,Pending,3,2024-06-22,Asset recovery team assigned for asset repossession proceedings.
COL10777,APP12546,Vikramaditya Singh (Internal),2025-11-15,220553.16,Legal Action Initiated,Legal Notice,,,Rejected,8,2025-11-08,Section 25 / NI Act 138 legal notice issued for persistent loan default.
COL10778,APP10830,Apex Recovery Agency,2025-12-06,10991.45,Unreachable,Digital Reminder,,,Pending,9,2025-12-06,Borrower unreachable on registered phone number. Escalated to field team.
COL10779,APP11005,Vanguard Legal & Recovery Services,2025-08-28,81709.95,Unreachable,Tele-calling,,,Pending,8,2025-08-28,Borrower unreachable on registered phone number. Escalated to field team.
COL10780,APP11538,Vikramaditya Singh (Internal),2024-11-16,110273.25,Repossession Pending,WhatsApp Bot,,,Pending,8,2024-11-10,Asset recovery team assigned for asset repossession proceedings.
COL10781,APP11232,Apex Recovery Agency,2025-10-16,50422.53,Unreachable,Digital Reminder,,,Pending,11,2025-10-08,Borrower unreachable on registered phone number. Escalated to field team.
COL10782,APP12597,Meenakshi Sundaram (Legal Agent),2024-07-28,9264.89,Unreachable,Digital Reminder,,,Pending,7,2024-07-24,Borrower unreachable on registered phone number. Escalated to field team.
COL10783,APP11168,Meenakshi Sundaram (Legal Agent),2025-03-19,200990.44,Legal Action Initiated,Digital Reminder,,,Rejected,6,2025-03-19,Section 25 / NI Act 138 legal notice issued for persistent loan default.
COL10784,APP12803,Meenakshi Sundaram (Legal Agent),2026-01-19,35218.24,Promise to Pay,Tele-calling,2026-02-01,,Pending,1,2026-01-09,Borrower promised to pay ₹35218.24 by 2026-02-01.
COL10785,APP10909,Anita Roy (Internal),2024-07-28,36864.06,Settled,Digital Reminder,2024-07-20,30480.27,Full Settlement,11,2024-07-25,Loan settled at ₹30480.27 under Full Settlement arrangement.
COL10786,APP11321,Anita Roy (Internal),2025-04-30,17379.01,Contacted,Legal Notice,,,Pending,1,2025-04-23,Customer contacted via Legal Notice. Payment request sent.
COL10787,APP10917,Meenakshi Sundaram (Legal Agent),2026-01-24,31145.79,Unreachable,WhatsApp Bot,,,Pending,1,2026-01-19,Borrower unreachable on registered phone number. Escalated to field team.
COL10788,APP12899,Meenakshi Sundaram (Legal Agent),2024-09-11,30118.55,Settled,Digital Reminder,2024-09-03,23307.42,Partial Settlement,12,2024-09-01,Loan settled at ₹23307.42 under Partial Settlement arrangement.
COL10789,APP10426,Vikramaditya Singh (Internal),2025-10-22,38556.96,Settled,WhatsApp Bot,2025-10-09,27012.02,Full Settlement,11,2025-10-21,Loan settled at ₹27012.02 under Full Settlement arrangement.
COL10790,APP10552,Apex Recovery Agency,2024-09-03,210504.06,Unreachable,WhatsApp Bot,,,Pending,12,2024-08-25,Borrower unreachable on registered phone number. Escalated to field team.
COL10791,APP12868,Meenakshi Sundaram (Legal Agent),2025-09-30,11913.44,Settled,Legal Notice,2025-09-20,9864.78,Full Settlement,7,2025-09-27,Loan settled at ₹9864.78 under Full Settlement arrangement.
COL10792,APP11178,Suresh Kumar (Field Specialist),2025-07-30,67084.87,Unreachable,Legal Notice,,,Pending,7,2025-07-26,Borrower unreachable on registered phone number. Escalated to field team.
COL10793,APP10084,Zenith Financial Recovery,2025-11-11,50873.52,Promise to Pay,WhatsApp Bot,2025-11-29,,Pending,3,2025-11-02,Borrower promised to pay ₹50873.52 by 2025-11-29.
COL10794,APP12909,Zenith Financial Recovery,2025-08-19,134031.68,Repossession Pending,Legal Notice,,,Pending,10,2025-08-09,Asset recovery team assigned for asset repossession proceedings.
COL10795,APP11564,Suresh Kumar (Field Specialist),2025-04-04,36720.82,Settled,Field Visit,2025-03-25,30179.91,Full Settlement,7,2025-03-29,Loan settled at ₹30179.91 under Full Settlement arrangement.
COL10796,APP10430,Apex Recovery Agency,2025-01-28,33213.87,Repossession Pending,Legal Notice,,,Pending,7,2025-01-25,Asset recovery team assigned for asset repossession proceedings.
COL10797,APP12429,Vikramaditya Singh (Internal),2025-09-19,22898.5,Contacted,Field Visit,,,Pending,8,2025-09-11,Customer contacted via Field Visit. Payment request sent.
COL10798,APP11878,Vanguard Legal & Recovery Services,2025-02-20,15341.45,Promise to Pay,Tele-calling,2025-03-12,,Pending,5,2025-02-10,Borrower promised to pay ₹15341.45 by 2025-03-12.
COL10799,APP12110,Rajesh Sharma (Internal),2025-04-18,17516.2,Contacted,Digital Reminder,,,Pending,10,2025-04-14,Customer contacted via Digital Reminder. Payment request sent.
COL10800,APP11417,Vanguard Legal & Recovery Services,2024-10-22,110937.84,Repossession Pending,Legal Notice,,,Pending,4,2024-10-21,Asset recovery team assigned for asset repossession proceedings.
COL10801,APP10229,Anita Roy (Internal),2025-11-20,67385.02,Repossession Pending,WhatsApp Bot,,,Pending,5,2025-11-13,Asset recovery team assigned for asset repossession proceedings.
COL10802,APP12222,Priya Deshmukh (Internal),2026-01-20,20335.37,Contacted,WhatsApp Bot,,,Pending,12,2026-01-14,Customer contacted via WhatsApp Bot. Payment request sent.
COL10803,APP11770,Vanguard Legal & Recovery Services,2025-03-09,60372.33,Promise to Pay,Field Visit,2025-03-20,,Pending,8,2025-03-03,Borrower promised to pay ₹60372.33 by 2025-03-20.
COL10804,APP12997,Zenith Financial Recovery,2025-12-11,67765.85,Settled,WhatsApp Bot,2025-11-26,63507.47,Full Settlement,7,2025-12-04,Loan settled at ₹63507.47 under Full Settlement arrangement.
COL10805,APP11076,Prudence Resolution Services,2024-07-06,54376.09,Repossession Pending,Digital Reminder,,,Pending,12,2024-06-26,Asset recovery team assigned for asset repossession proceedings.
COL10806,APP12590,Priya Deshmukh (Internal),2025-06-07,18266.5,Legal Action Initiated,Legal Notice,,,Rejected,11,2025-06-06,Section 25 / NI Act 138 legal notice issued for persistent loan default.
COL10807,APP11419,Priya Deshmukh (Internal),2025-02-17,22010.37,Unreachable,Digital Reminder,,,Pending,5,2025-02-16,Borrower unreachable on registered phone number. Escalated to field team.
COL10808,APP12947,Apex Recovery Agency,2025-07-22,266926.47,Promise to Pay,Field Visit,2025-07-27,,Pending,1,2025-07-18,Borrower promised to pay ₹266926.47 by 2025-07-27.
COL10809,APP11439,Zenith Financial Recovery,2024-09-11,70348.27,Settled,Digital Reminder,2024-08-29,50872.33,Full Settlement,3,2024-09-07,Loan settled at ₹50872.33 under Full Settlement arrangement.
COL10810,APP11646,Prudence Resolution Services,2024-12-06,49253.7,Repossession Pending,Digital Reminder,,,Pending,11,2024-11-29,Asset recovery team assigned for asset repossession proceedings.
COL10811,APP12882,Rajesh Sharma (Internal),2024-08-24,29277.64,Promise to Pay,Digital Reminder,2024-09-03,,Pending,2,2024-08-22,Borrower promised to pay ₹29277.64 by 2024-09-03.
COL10812,APP11366,Vikramaditya Singh (Internal),2025-09-06,117346.52,Repossession Pending,WhatsApp Bot,,,Pending,8,2025-09-04,Asset recovery team assigned for asset repossession proceedings.
COL10813,APP12208,Vikramaditya Singh (Internal),2025-07-30,47688.08,Settled,WhatsApp Bot,2025-07-19,44381.63,Partial Settlement,6,2025-07-28,Loan settled at ₹44381.63 under Partial Settlement arrangement.
COL10814,APP12894,Rajesh Sharma (Internal),2024-08-31,48829.26,Legal Action Initiated,Tele-calling,,,Rejected,8,2024-08-28,Section 25 / NI Act 138 legal notice issued for persistent loan default.
COL10815,APP12644,Vikramaditya Singh (Internal),2024-10-31,18345.15,Unreachable,Tele-calling,,,Pending,2,2024-10-26,Borrower unreachable on registered phone number. Escalated to field team.
COL10816,APP12377,Meenakshi Sundaram (Legal Agent),2025-09-08,142960.9,Contacted,Tele-calling,,,Pending,11,2025-09-01,Customer contacted via Tele-calling. Payment request sent.
COL10817,APP10831,Priya Deshmukh (Internal),2025-02-28,18976.64,Promise to Pay,Field Visit,2025-03-15,,Pending,5,2025-02-21,Borrower promised to pay ₹18976.64 by 2025-03-15.
COL10818,APP10751,Vanguard Legal & Recovery Services,2024-12-11,30450.27,Legal Action Initiated,Field Visit,,,Rejected,7,2024-12-09,Section 25 / NI Act 138 legal notice issued for persistent loan default.
COL10819,APP10469,Vikramaditya Singh (Internal),2025-09-05,359057.49,Settled,Tele-calling,2025-08-22,296772.67,Waived Off,4,2025-08-31,Loan settled at ₹296772.67 under Waived Off arrangement.
COL10820,APP12124,Rajesh Sharma (Internal),2025-07-13,74484.13,Promise to Pay,Digital Reminder,2025-07-28,,Pending,11,2025-07-10,Borrower promised to pay ₹74484.13 by 2025-07-28.
COL10821,APP11742,Meenakshi Sundaram (Legal Agent),2025-05-07,43066.94,Contacted,Legal Notice,,,Pending,4,2025-04-30,Customer contacted via Legal Notice. Payment request sent.
COL10822,APP10437,Meenakshi Sundaram (Legal Agent),2025-02-15,24529.2,Repossession Pending,WhatsApp Bot,,,Pending,9,2025-02-06,Asset recovery team assigned for asset repossession proceedings.
COL10823,APP10488,Apex Recovery Agency,2025-12-25,29327.54,Repossession Pending,Digital Reminder,,,Pending,1,2025-12-16,Asset recovery team assigned for asset repossession proceedings.
COL10824,APP10004,Apex Recovery Agency,2025-09-23,95664.74,Legal Action Initiated,Field Visit,,,Rejected,3,2025-09-22,Section 25 / NI Act 138 legal notice issued for persistent loan default.
COL10825,APP10526,Suresh Kumar (Field Specialist),2024-10-09,17090.52,Promise to Pay,Digital Reminder,2024-10-23,,Pending,8,2024-10-05,Borrower promised to pay ₹17090.52 by 2024-10-23.
COL10826,APP10740,Apex Recovery Agency,2025-11-12,29303.62,Legal Action Initiated,Legal Notice,,,Rejected,6,2025-11-06,Section 25 / NI Act 138 legal notice issued for persistent loan default.
COL10827,APP11767,Prudence Resolution Services,2025-08-25,38225.32,Promise to Pay,Digital Reminder,2025-09-01,,Pending,1,2025-08-22,Borrower promised to pay ₹38225.32 by 2025-09-01.
COL10828,APP12590,Priya Deshmukh (Internal),2025-09-22,19200.88,Contacted,Field Visit,,,Pending,7,2025-09-21,Customer contacted via Field Visit. Payment request sent.
COL10829,APP11168,Rajesh Sharma (Internal),2025-09-12,260322.61,Settled,Digital Reminder,2025-09-05,188047.03,Full Settlement,8,2025-09-11,Loan settled at ₹188047.03 under Full Settlement arrangement.
COL10830,APP10774,Apex Recovery Agency,2025-12-29,131737.31,Promise to Pay,Field Visit,2026-01-07,,Pending,11,2025-12-20,Borrower promised to pay ₹131737.31 by 2026-01-07.
COL10831,APP10760,Suresh Kumar (Field Specialist),2025-10-24,39136.8,Promise to Pay,WhatsApp Bot,2025-11-06,,Pending,11,2025-10-23,Borrower promised to pay ₹39136.8 by 2025-11-06.
COL10832,APP10081,Apex Recovery Agency,2024-09-17,9421.62,Unreachable,Tele-calling,,,Pending,6,2024-09-15,Borrower unreachable on registered phone number. Escalated to field team.
COL10833,APP11532,Anita Roy (Internal),2025-03-03,80000.0,Repossession Pending,Digital Reminder,,,Pending,10,2025-02-21,Asset recovery team assigned for asset repossession proceedings.
COL10834,APP12755,Prudence Resolution Services,2026-01-04,41858.93,Repossession Pending,Tele-calling,,,Pending,3,2026-01-01,Asset recovery team assigned for asset repossession proceedings.
COL10835,APP12595,Apex Recovery Agency,2025-06-26,45485.19,Contacted,Legal Notice,,,Pending,2,2025-06-20,Customer contacted via Legal Notice. Payment request sent.
COL10836,APP12610,Vikramaditya Singh (Internal),2024-11-14,34908.41,Unreachable,Field Visit,,,Pending,7,2024-11-08,Borrower unreachable on registered phone number. Escalated to field team.
COL10837,APP12708,Vikramaditya Singh (Internal),2025-04-14,78182.42,Settled,Tele-calling,2025-04-07,65120.65,Partial Settlement,11,2025-04-05,Loan settled at ₹65120.65 under Partial Settlement arrangement.
COL10838,APP11339,Suresh Kumar (Field Specialist),2025-03-02,60311.82,Unreachable,Field Visit,,,Pending,10,2025-02-21,Borrower unreachable on registered phone number. Escalated to field team.
COL10839,APP11742,Anita Roy (Internal),2025-08-11,91786.76,Settled,Digital Reminder,2025-07-29,86338.77,Partial Settlement,2,2025-08-11,Loan settled at ₹86338.77 under Partial Settlement arrangement.
COL10840,APP12894,Vikramaditya Singh (Internal),2025-03-25,47808.09,Legal Action Initiated,Digital Reminder,,,Rejected,8,2025-03-19,Section 25 / NI Act 138 legal notice issued for persistent loan default.
COL10841,APP10046,Zenith Financial Recovery,2025-04-04,46697.66,Promise to Pay,Legal Notice,2025-04-20,,Pending,4,2025-03-27,Borrower promised to pay ₹46697.66 by 2025-04-20.
COL10842,APP11900,Meenakshi Sundaram (Legal Agent),2024-09-19,13202.31,Legal Action Initiated,Tele-calling,,,Rejected,9,2024-09-13,Section 25 / NI Act 138 legal notice issued for persistent loan default.
COL10843,APP11524,Anita Roy (Internal),2025-05-30,18658.26,Repossession Pending,Digital Reminder,,,Pending,5,2025-05-21,Asset recovery team assigned for asset repossession proceedings.
COL10844,APP10370,Suresh Kumar (Field Specialist),2024-12-04,64903.55,Contacted,Tele-calling,,,Pending,7,2024-12-04,Customer contacted via Tele-calling. Payment request sent.
COL10845,APP12693,Vanguard Legal & Recovery Services,2025-09-04,171425.34,Settled,Legal Notice,2025-08-25,115519.07,Full Settlement,10,2025-08-31,Loan settled at ₹115519.07 under Full Settlement arrangement.
COL10846,APP11158,Meenakshi Sundaram (Legal Agent),2024-06-06,6352.43,Repossession Pending,Legal Notice,,,Pending,7,2024-06-05,Asset recovery team assigned for asset repossession proceedings.
COL10847,APP11330,Vikramaditya Singh (Internal),2025-10-12,120044.59,Unreachable,Digital Reminder,,,Pending,5,2025-10-03,Borrower unreachable on registered phone number. Escalated to field team.
COL10848,APP10637,Vanguard Legal & Recovery Services,2024-09-23,100449.5,Contacted,Legal Notice,,,Pending,1,2024-09-20,Customer contacted via Legal Notice. Payment request sent.
COL10849,APP10590,Priya Deshmukh (Internal),2025-12-04,36900.08,Repossession Pending,Digital Reminder,,,Pending,4,2025-12-03,Asset recovery team assigned for asset repossession proceedings.
COL10850,APP11459,Zenith Financial Recovery,2024-11-04,63731.89,Unreachable,Field Visit,,,Pending,12,2024-10-28,Borrower unreachable on registered phone number. Escalated to field team.
COL10851,APP12352,Zenith Financial Recovery,2026-01-05,44092.24,Unreachable,Tele-calling,,,Pending,7,2026-01-05,Borrower unreachable on registered phone number. Escalated to field team.
COL10852,APP11854,Rajesh Sharma (Internal),2025-07-31,102810.46,Repossession Pending,Tele-calling,,,Pending,8,2025-07-22,Asset recovery team assigned for asset repossession proceedings.
COL10853,APP12689,Apex Recovery Agency,2025-10-13,13575.83,Unreachable,Tele-calling,,,Pending,4,2025-10-13,Borrower unreachable on registered phone number. Escalated to field team.
COL10854,APP11730,Rajesh Sharma (Internal),2025-08-02,43687.56,Legal Action Initiated,Digital Reminder,,,Rejected,8,2025-08-01,Section 25 / NI Act 138 legal notice issued for persistent loan default.
COL10855,APP11168,Meenakshi Sundaram (Legal Agent),2025-03-22,203521.14,Unreachable,Legal Notice,,,Pending,12,2025-03-19,Borrower unreachable on registered phone number. Escalated to field team.
COL10856,APP12302,Prudence Resolution Services,2025-05-14,154921.39,Promise to Pay,Digital Reminder,2025-05-31,,Pending,10,2025-05-04,Borrower promised to pay ₹154921.39 by 2025-05-31.
COL10857,APP11189,Apex Recovery Agency,2025-06-04,102637.24,Unreachable,Digital Reminder,,,Pending,8,2025-06-02,Borrower unreachable on registered phone number. Escalated to field team.
COL10858,APP11266,Apex Recovery Agency,2024-11-08,17520.61,Repossession Pending,Tele-calling,,,Pending,10,2024-11-01,Asset recovery team assigned for asset repossession proceedings.
COL10859,APP10615,Vanguard Legal & Recovery Services,2024-06-19,47437.58,Settled,Digital Reminder,2024-06-09,31095.9,Waived Off,6,2024-06-15,Loan settled at ₹31095.9 under Waived Off arrangement.
COL10860,APP11477,Rajesh Sharma (Internal),2024-10-02,24715.29,Settled,Tele-calling,2024-09-20,23424.71,Partial Settlement,9,2024-09-29,Loan settled at ₹23424.71 under Partial Settlement arrangement.
COL10861,APP10006,Rajesh Sharma (Internal),2025-11-10,28698.63,Settled,WhatsApp Bot,2025-11-04,17725.64,Waived Off,10,2025-10-31,Loan settled at ₹17725.64 under Waived Off arrangement.
COL10862,APP11020,Zenith Financial Recovery,2024-09-13,10507.22,Contacted,Tele-calling,,,Pending,9,2024-09-13,Customer contacted via Tele-calling. Payment request sent.
COL10863,APP10276,Anita Roy (Internal),2025-06-06,16170.96,Repossession Pending,Field Visit,,,Pending,3,2025-06-02,Asset recovery team assigned for asset repossession proceedings.
COL10864,APP11868,Suresh Kumar (Field Specialist),2025-06-08,73210.39,Repossession Pending,Digital Reminder,,,Pending,6,2025-06-06,Asset recovery team assigned for asset repossession proceedings.
COL10865,APP11123,Priya Deshmukh (Internal),2025-09-29,24449.26,Unreachable,Digital Reminder,,,Pending,6,2025-09-25,Borrower unreachable on registered phone number. Escalated to field team.
COL10866,APP12830,Vikramaditya Singh (Internal),2025-06-05,39260.26,Settled,Tele-calling,2025-05-28,33906.03,Full Settlement,11,2025-05-26,Loan settled at ₹33906.03 under Full Settlement arrangement.
COL10867,APP10064,Vanguard Legal & Recovery Services,2025-07-25,15957.0,Promise to Pay,Field Visit,2025-08-08,,Pending,8,2025-07-17,Borrower promised to pay ₹15957.0 by 2025-08-08.
COL10868,APP11563,Zenith Financial Recovery,2024-08-11,72178.26,Contacted,Field Visit,,,Pending,2,2024-08-06,Customer contacted via Field Visit. Payment request sent.
COL10869,APP12538,Vanguard Legal & Recovery Services,2024-11-02,75863.65,Unreachable,Field Visit,,,Pending,10,2024-11-02,Borrower unreachable on registered phone number. Escalated to field team.
COL10870,APP11117,Apex Recovery Agency,2025-04-08,123958.87,Unreachable,Digital Reminder,,,Pending,12,2025-04-03,Borrower unreachable on registered phone number. Escalated to field team.
COL10871,APP10446,Rajesh Sharma (Internal),2025-07-19,82022.89,Legal Action Initiated,Legal Notice,,,Rejected,8,2025-07-09,Section 25 / NI Act 138 legal notice issued for persistent loan default.
COL10872,APP10026,Suresh Kumar (Field Specialist),2025-07-20,36402.2,Legal Action Initiated,WhatsApp Bot,,,Rejected,4,2025-07-16,Section 25 / NI Act 138 legal notice issued for persistent loan default.
COL10873,APP12065,Rajesh Sharma (Internal),2024-10-08,13034.96,Settled,WhatsApp Bot,2024-09-29,8244.44,Full Settlement,9,2024-09-30,Loan settled at ₹8244.44 under Full Settlement arrangement.
COL10874,APP10417,Apex Recovery Agency,2024-06-29,73279.41,Settled,WhatsApp Bot,2024-06-20,65312.48,Full Settlement,9,2024-06-20,Loan settled at ₹65312.48 under Full Settlement arrangement.
COL10875,APP12747,Vanguard Legal & Recovery Services,2025-02-21,24236.39,Contacted,WhatsApp Bot,,,Pending,11,2025-02-13,Customer contacted via WhatsApp Bot. Payment request sent.
COL10876,APP10437,Anita Roy (Internal),2026-01-08,29493.02,Repossession Pending,Tele-calling,,,Pending,12,2026-01-08,Asset recovery team assigned for asset repossession proceedings.
COL10877,APP10712,Prudence Resolution Services,2025-11-29,54931.7,Repossession Pending,Field Visit,,,Pending,10,2025-11-26,Asset recovery team assigned for asset repossession proceedings.
COL10878,APP10824,Apex Recovery Agency,2024-10-22,48144.1,Repossession Pending,Legal Notice,,,Pending,12,2024-10-16,Asset recovery team assigned for asset repossession proceedings.
COL10879,APP11117,Priya Deshmukh (Internal),2025-06-05,86862.0,Settled,Tele-calling,2025-05-29,65058.96,Waived Off,8,2025-06-04,Loan settled at ₹65058.96 under Waived Off arrangement.
COL10880,APP11687,Anita Roy (Internal),2025-01-06,13819.0,Contacted,Tele-calling,,,Pending,8,2025-01-05,Customer contacted via Tele-calling. Payment request sent.
COL10881,APP12338,Suresh Kumar (Field Specialist),2025-02-26,149201.54,Legal Action Initiated,Digital Reminder,,,Rejected,10,2025-02-19,Section 25 / NI Act 138 legal notice issued for persistent loan default.
COL10882,APP10773,Zenith Financial Recovery,2024-10-26,70150.7,Repossession Pending,Digital Reminder,,,Pending,9,2024-10-24,Asset recovery team assigned for asset repossession proceedings.
COL10883,APP12407,Zenith Financial Recovery,2025-01-04,80333.51,Repossession Pending,Field Visit,,,Pending,8,2024-12-28,Asset recovery team assigned for asset repossession proceedings.
COL10884,APP11416,Vikramaditya Singh (Internal),2025-07-24,53298.86,Settled,WhatsApp Bot,2025-07-14,37381.51,Waived Off,2,2025-07-23,Loan settled at ₹37381.51 under Waived Off arrangement.
COL10885,APP10928,Vikramaditya Singh (Internal),2025-03-29,25068.34,Settled,Tele-calling,2025-03-22,21917.94,Full Settlement,8,2025-03-29,Loan settled at ₹21917.94 under Full Settlement arrangement.
COL10886,APP11148,Rajesh Sharma (Internal),2025-10-14,161586.7,Settled,Legal Notice,2025-10-01,100773.16,Partial Settlement,1,2025-10-13,Loan settled at ₹100773.16 under Partial Settlement arrangement.
COL10887,APP11084,Vanguard Legal & Recovery Services,2025-05-12,29784.14,Legal Action Initiated,Digital Reminder,,,Rejected,7,2025-05-05,Section 25 / NI Act 138 legal notice issued for persistent loan default.
COL10888,APP11311,Vikramaditya Singh (Internal),2025-09-03,55253.97,Repossession Pending,WhatsApp Bot,,,Pending,3,2025-08-29,Asset recovery team assigned for asset repossession proceedings.
COL10889,APP12146,Meenakshi Sundaram (Legal Agent),2025-05-14,75368.04,Unreachable,WhatsApp Bot,,,Pending,9,2025-05-14,Borrower unreachable on registered phone number. Escalated to field team.
COL10890,APP12294,Apex Recovery Agency,2025-04-13,211943.06,Promise to Pay,Tele-calling,2025-04-19,,Pending,9,2025-04-03,Borrower promised to pay ₹211943.06 by 2025-04-19.
COL10891,APP11182,Anita Roy (Internal),2026-01-05,75053.8,Legal Action Initiated,Field Visit,,,Rejected,9,2026-01-02,Section 25 / NI Act 138 legal notice issued for persistent loan default.
COL10892,APP11213,Suresh Kumar (Field Specialist),2024-06-20,58747.43,Contacted,Tele-calling,,,Pending,5,2024-06-17,Customer contacted via Tele-calling. Payment request sent.
COL10893,APP11921,Meenakshi Sundaram (Legal Agent),2025-07-17,40000.2,Contacted,Digital Reminder,,,Pending,10,2025-07-17,Customer contacted via Digital Reminder. Payment request sent.
COL10894,APP11439,Rajesh Sharma (Internal),2025-11-23,34824.34,Unreachable,Legal Notice,,,Pending,6,2025-11-17,Borrower unreachable on registered phone number. Escalated to field team.
COL10895,APP12896,Anita Roy (Internal),2024-12-05,193965.66,Contacted,Tele-calling,,,Pending,5,2024-12-04,Customer contacted via Tele-calling. Payment request sent.
COL10896,APP12242,Apex Recovery Agency,2025-04-30,6905.0,Repossession Pending,Digital Reminder,,,Pending,3,2025-04-30,Asset recovery team assigned for asset repossession proceedings.
COL10897,APP12167,Apex Recovery Agency,2025-04-28,83692.33,Contacted,Digital Reminder,,,Pending,5,2025-04-22,Customer contacted via Digital Reminder. Payment request sent.
COL10898,APP11027,Rajesh Sharma (Internal),2025-10-18,31657.13,Promise to Pay,Field Visit,2025-11-02,,Pending,9,2025-10-10,Borrower promised to pay ₹31657.13 by 2025-11-02.
COL10899,APP10434,Apex Recovery Agency,2025-10-09,11471.7,Settled,Tele-calling,2025-09-24,10551.75,Full Settlement,1,2025-10-03,Loan settled at ₹10551.75 under Full Settlement arrangement.
COL10900,APP11340,Apex Recovery Agency,2025-12-21,144280.06,Legal Action Initiated,WhatsApp Bot,,,Rejected,11,2025-12-19,Section 25 / NI Act 138 legal notice issued for persistent loan default.
COL10901,APP10478,Meenakshi Sundaram (Legal Agent),2024-12-26,5751.64,Unreachable,Digital Reminder,,,Pending,3,2024-12-21,Borrower unreachable on registered phone number. Escalated to field team.
COL10902,APP11744,Vikramaditya Singh (Internal),2025-12-21,50256.62,Legal Action Initiated,Field Visit,,,Rejected,8,2025-12-21,Section 25 / NI Act 138 legal notice issued for persistent loan default.
COL10903,APP12663,Zenith Financial Recovery,2024-08-01,177404.51,Settled,WhatsApp Bot,2024-07-18,158567.82,Partial Settlement,8,2024-07-28,Loan settled at ₹158567.82 under Partial Settlement arrangement.
COL10904,APP12304,Prudence Resolution Services,2024-11-13,41076.56,Legal Action Initiated,Field Visit,,,Rejected,12,2024-11-05,Section 25 / NI Act 138 legal notice issued for persistent loan default.
COL10905,APP12088,Anita Roy (Internal),2024-10-22,39190.95,Contacted,Legal Notice,,,Pending,12,2024-10-14,Customer contacted via Legal Notice. Payment request sent.
COL10906,APP12168,Vanguard Legal & Recovery Services,2025-05-17,76866.05,Legal Action Initiated,Field Visit,,,Rejected,11,2025-05-13,Section 25 / NI Act 138 legal notice issued for persistent loan default.
COL10907,APP10975,Apex Recovery Agency,2025-09-14,21588.83,Repossession Pending,Field Visit,,,Pending,10,2025-09-09,Asset recovery team assigned for asset repossession proceedings.
COL10908,APP10077,Vikramaditya Singh (Internal),2024-11-25,58197.91,Legal Action Initiated,Tele-calling,,,Rejected,7,2024-11-17,Section 25 / NI Act 138 legal notice issued for persistent loan default.
COL10909,APP12205,Vanguard Legal & Recovery Services,2024-08-19,32168.39,Contacted,WhatsApp Bot,,,Pending,9,2024-08-19,Customer contacted via WhatsApp Bot. Payment request sent.
COL10910,APP11297,Anita Roy (Internal),2024-11-29,85280.66,Unreachable,Legal Notice,,,Pending,12,2024-11-29,Borrower unreachable on registered phone number. Escalated to field team.
COL10911,APP11404,Zenith Financial Recovery,2024-06-21,71874.71,Promise to Pay,Legal Notice,2024-07-05,,Pending,5,2024-06-11,Borrower promised to pay ₹71874.71 by 2024-07-05.
COL10912,APP11691,Anita Roy (Internal),2025-01-26,124171.58,Repossession Pending,WhatsApp Bot,,,Pending,8,2025-01-21,Asset recovery team assigned for asset repossession proceedings.
COL10913,APP12656,Apex Recovery Agency,2024-12-18,65430.33,Repossession Pending,Digital Reminder,,,Pending,11,2024-12-12,Asset recovery team assigned for asset repossession proceedings.
COL10914,APP10929,Apex Recovery Agency,2026-01-01,63284.57,Legal Action Initiated,WhatsApp Bot,,,Rejected,11,2025-12-22,Section 25 / NI Act 138 legal notice issued for persistent loan default.
COL10915,APP11679,Vikramaditya Singh (Internal),2025-02-21,55133.1,Legal Action Initiated,Tele-calling,,,Rejected,10,2025-02-18,Section 25 / NI Act 138 legal notice issued for persistent loan default.
COL10916,APP12378,Apex Recovery Agency,2025-11-28,50020.78,Repossession Pending,Field Visit,,,Pending,10,2025-11-24,Asset recovery team assigned for asset repossession proceedings.
COL10917,APP12253,Zenith Financial Recovery,2024-07-24,73524.03,Unreachable,Tele-calling,,,Pending,6,2024-07-18,Borrower unreachable on registered phone number. Escalated to field team.
COL10918,APP12577,Apex Recovery Agency,2025-11-12,81484.42,Repossession Pending,Tele-calling,,,Pending,1,2025-11-09,Asset recovery team assigned for asset repossession proceedings.
COL10919,APP12884,Apex Recovery Agency,2024-12-17,24767.74,Legal Action Initiated,Digital Reminder,,,Rejected,6,2024-12-16,Section 25 / NI Act 138 legal notice issued for persistent loan default.
COL10920,APP10374,Priya Deshmukh (Internal),2025-05-04,49097.19,Contacted,Digital Reminder,,,Pending,5,2025-05-03,Customer contacted via Digital Reminder. Payment request sent.
COL10921,APP11711,Rajesh Sharma (Internal),2025-05-09,40407.7,Unreachable,Digital Reminder,,,Pending,5,2025-05-06,Borrower unreachable on registered phone number. Escalated to field team.
COL10922,APP12198,Zenith Financial Recovery,2025-11-15,276099.49,Settled,Field Visit,2025-11-01,208036.91,Waived Off,4,2025-11-14,Loan settled at ₹208036.91 under Waived Off arrangement.
COL10923,APP10286,Zenith Financial Recovery,2024-07-05,77379.48,Contacted,WhatsApp Bot,,,Pending,7,2024-06-30,Customer contacted via WhatsApp Bot. Payment request sent.
COL10924,APP11017,Vikramaditya Singh (Internal),2025-08-17,14994.28,Unreachable,Tele-calling,,,Pending,2,2025-08-16,Borrower unreachable on registered phone number. Escalated to field team.
COL10925,APP12997,Suresh Kumar (Field Specialist),2025-07-26,77820.68,Settled,Tele-calling,2025-07-11,46981.3,Waived Off,4,2025-07-17,Loan settled at ₹46981.3 under Waived Off arrangement.
COL10926,APP11988,Zenith Financial Recovery,2024-06-27,379367.64,Legal Action Initiated,Digital Reminder,,,Rejected,8,2024-06-19,Section 25 / NI Act 138 legal notice issued for persistent loan default.
COL10927,APP11815,Meenakshi Sundaram (Legal Agent),2024-08-09,24489.07,Contacted,Field Visit,,,Pending,10,2024-08-06,Customer contacted via Field Visit. Payment request sent.
COL10928,APP11737,Suresh Kumar (Field Specialist),2025-08-30,31417.3,Settled,Legal Notice,2025-08-23,19515.54,Full Settlement,3,2025-08-27,Loan settled at ₹19515.54 under Full Settlement arrangement.
COL10929,APP12192,Meenakshi Sundaram (Legal Agent),2025-04-15,104914.96,Legal Action Initiated,Digital Reminder,,,Rejected,10,2025-04-07,Section 25 / NI Act 138 legal notice issued for persistent loan default.
COL10930,APP11367,Vikramaditya Singh (Internal),2024-06-09,39423.85,Settled,Digital Reminder,2024-05-25,25649.56,Waived Off,9,2024-05-31,Loan settled at ₹25649.56 under Waived Off arrangement.
COL10931,APP12144,Suresh Kumar (Field Specialist),2024-12-23,77644.82,Contacted,WhatsApp Bot,,,Pending,11,2024-12-20,Customer contacted via WhatsApp Bot. Payment request sent.
COL10932,APP12556,Prudence Resolution Services,2025-09-22,42026.16,Repossession Pending,Field Visit,,,Pending,10,2025-09-17,Asset recovery team assigned for asset repossession proceedings.
COL10933,APP10108,Prudence Resolution Services,2025-09-09,12773.16,Settled,WhatsApp Bot,2025-09-01,10519.57,Full Settlement,1,2025-09-02,Loan settled at ₹10519.57 under Full Settlement arrangement.
COL10934,APP10913,Zenith Financial Recovery,2025-05-06,23509.58,Promise to Pay,WhatsApp Bot,2025-05-15,,Pending,12,2025-04-30,Borrower promised to pay ₹23509.58 by 2025-05-15.
COL10935,APP11470,Vikramaditya Singh (Internal),2025-12-21,37246.18,Settled,Tele-calling,2025-12-12,24881.98,Partial Settlement,2,2025-12-19,Loan settled at ₹24881.98 under Partial Settlement arrangement.
COL10936,APP10805,Rajesh Sharma (Internal),2025-02-24,90046.11,Promise to Pay,Tele-calling,2025-03-09,,Pending,12,2025-02-22,Borrower promised to pay ₹90046.11 by 2025-03-09.
COL10937,APP12689,Priya Deshmukh (Internal),2024-09-12,8265.1,Promise to Pay,Field Visit,2024-09-19,,Pending,1,2024-09-02,Borrower promised to pay ₹8265.1 by 2024-09-19.
COL10938,APP12865,Anita Roy (Internal),2025-06-17,35825.1,Promise to Pay,Legal Notice,2025-07-06,,Pending,11,2025-06-15,Borrower promised to pay ₹35825.1 by 2025-07-06.
COL10939,APP10875,Anita Roy (Internal),2024-12-12,22976.32,Promise to Pay,Tele-calling,2024-12-27,,Pending,4,2024-12-04,Borrower promised to pay ₹22976.32 by 2024-12-27.
COL10940,APP12237,Prudence Resolution Services,2024-07-18,18028.95,Unreachable,WhatsApp Bot,,,Pending,10,2024-07-09,Borrower unreachable on registered phone number. Escalated to field team.
COL10941,APP11977,Suresh Kumar (Field Specialist),2025-03-14,80926.39,Promise to Pay,Legal Notice,2025-04-01,,Pending,3,2025-03-06,Borrower promised to pay ₹80926.39 by 2025-04-01.
COL10942,APP10129,Anita Roy (Internal),2025-07-03,38196.49,Repossession Pending,Digital Reminder,,,Pending,11,2025-06-25,Asset recovery team assigned for asset repossession proceedings.
COL10943,APP12237,Zenith Financial Recovery,2025-11-21,8822.1,Unreachable,WhatsApp Bot,,,Pending,12,2025-11-14,Borrower unreachable on registered phone number. Escalated to field team.
COL10944,APP11168,Zenith Financial Recovery,2026-01-19,148593.57,Legal Action Initiated,Legal Notice,,,Rejected,11,2026-01-19,Section 25 / NI Act 138 legal notice issued for persistent loan default.
COL10945,APP11266,Priya Deshmukh (Internal),2025-04-10,25456.18,Unreachable,Field Visit,,,Pending,7,2025-04-04,Borrower unreachable on registered phone number. Escalated to field team.
COL10946,APP12258,Prudence Resolution Services,2025-03-30,18259.12,Legal Action Initiated,Legal Notice,,,Rejected,8,2025-03-22,Section 25 / NI Act 138 legal notice issued for persistent loan default.
COL10947,APP10998,Priya Deshmukh (Internal),2025-08-11,75446.27,Contacted,WhatsApp Bot,,,Pending,8,2025-08-04,Customer contacted via WhatsApp Bot. Payment request sent.
COL10948,APP12341,Vanguard Legal & Recovery Services,2024-12-01,27532.23,Unreachable,Legal Notice,,,Pending,8,2024-11-28,Borrower unreachable on registered phone number. Escalated to field team.
COL10949,APP10536,Anita Roy (Internal),2025-12-12,67118.09,Contacted,Legal Notice,,,Pending,11,2025-12-11,Customer contacted via Legal Notice. Payment request sent.
COL10950,APP12810,Priya Deshmukh (Internal),2024-12-23,9930.29,Contacted,Tele-calling,,,Pending,6,2024-12-20,Customer contacted via Tele-calling. Payment request sent.
COL10951,APP12311,Apex Recovery Agency,2025-03-09,35755.06,Repossession Pending,Legal Notice,,,Pending,4,2025-02-28,Asset recovery team assigned for asset repossession proceedings.
COL10952,APP10692,Suresh Kumar (Field Specialist),2025-05-21,20874.33,Contacted,Legal Notice,,,Pending,7,2025-05-15,Customer contacted via Legal Notice. Payment request sent.
COL10953,APP12638,Zenith Financial Recovery,2025-01-01,315702.79,Promise to Pay,WhatsApp Bot,2025-01-20,,Pending,8,2024-12-29,Borrower promised to pay ₹315702.79 by 2025-01-20.
COL10954,APP11635,Zenith Financial Recovery,2024-12-10,116948.7,Settled,Digital Reminder,2024-12-02,88587.49,Partial Settlement,7,2024-12-04,Loan settled at ₹88587.49 under Partial Settlement arrangement.
COL10955,APP11530,Rajesh Sharma (Internal),2024-06-10,60709.76,Promise to Pay,Legal Notice,2024-06-24,,Pending,8,2024-05-31,Borrower promised to pay ₹60709.76 by 2024-06-24.
COL10956,APP10426,Priya Deshmukh (Internal),2025-12-03,54984.13,Unreachable,Digital Reminder,,,Pending,5,2025-11-28,Borrower unreachable on registered phone number. Escalated to field team.
COL10957,APP12273,Meenakshi Sundaram (Legal Agent),2025-05-05,47271.43,Promise to Pay,Tele-calling,2025-05-20,,Pending,10,2025-04-25,Borrower promised to pay ₹47271.43 by 2025-05-20.
COL10958,APP10488,Priya Deshmukh (Internal),2024-09-20,33757.11,Contacted,Digital Reminder,,,Pending,6,2024-09-11,Customer contacted via Digital Reminder. Payment request sent.
COL10959,APP11120,Apex Recovery Agency,2024-07-03,213897.66,Promise to Pay,Tele-calling,2024-07-21,,Pending,12,2024-06-24,Borrower promised to pay ₹213897.66 by 2024-07-21.
COL10960,APP10590,Vikramaditya Singh (Internal),2024-12-28,91275.23,Contacted,Field Visit,,,Pending,4,2024-12-24,Customer contacted via Field Visit. Payment request sent.
COL10961,APP12186,Anita Roy (Internal),2025-05-01,42930.87,Contacted,Digital Reminder,,,Pending,7,2025-04-25,Customer contacted via Digital Reminder. Payment request sent.
COL10962,APP12258,Anita Roy (Internal),2025-07-04,30338.27,Legal Action Initiated,Field Visit,,,Rejected,4,2025-07-02,Section 25 / NI Act 138 legal notice issued for persistent loan default.
COL10963,APP10652,Apex Recovery Agency,2026-01-10,32525.78,Repossession Pending,Digital Reminder,,,Pending,5,2026-01-01,Asset recovery team assigned for asset repossession proceedings.
COL10964,APP10922,Suresh Kumar (Field Specialist),2025-08-31,27888.45,Settled,Digital Reminder,2025-08-17,21865.93,Full Settlement,2,2025-08-25,Loan settled at ₹21865.93 under Full Settlement arrangement.
COL10965,APP11587,Zenith Financial Recovery,2025-09-11,43997.64,Legal Action Initiated,Digital Reminder,,,Rejected,6,2025-09-07,Section 25 / NI Act 138 legal notice issued for persistent loan default.
COL10966,APP11627,Meenakshi Sundaram (Legal Agent),2025-08-17,77314.45,Unreachable,Field Visit,,,Pending,8,2025-08-11,Borrower unreachable on registered phone number. Escalated to field team.
COL10967,APP10494,Meenakshi Sundaram (Legal Agent),2024-11-09,177732.9,Unreachable,Tele-calling,,,Pending,5,2024-10-30,Borrower unreachable on registered phone number. Escalated to field team.
COL10968,APP10791,Apex Recovery Agency,2025-10-19,53654.88,Repossession Pending,Tele-calling,,,Pending,7,2025-10-11,Asset recovery team assigned for asset repossession proceedings.
COL10969,APP10290,Prudence Resolution Services,2025-07-25,51270.32,Contacted,Tele-calling,,,Pending,8,2025-07-23,Customer contacted via Tele-calling. Payment request sent.
COL10970,APP12727,Priya Deshmukh (Internal),2025-09-16,18499.22,Contacted,WhatsApp Bot,,,Pending,7,2025-09-11,Customer contacted via WhatsApp Bot. Payment request sent.
COL10971,APP11411,Priya Deshmukh (Internal),2024-10-18,29309.89,Contacted,Digital Reminder,,,Pending,6,2024-10-08,Customer contacted via Digital Reminder. Payment request sent.
COL10972,APP12785,Zenith Financial Recovery,2025-08-23,5391.55,Contacted,Digital Reminder,,,Pending,3,2025-08-16,Customer contacted via Digital Reminder. Payment request sent.
COL10973,APP10538,Vikramaditya Singh (Internal),2024-10-06,59331.66,Contacted,Field Visit,,,Pending,9,2024-09-30,Customer contacted via Field Visit. Payment request sent.
COL10974,APP12331,Anita Roy (Internal),2024-11-30,30338.4,Repossession Pending,Tele-calling,,,Pending,4,2024-11-30,Asset recovery team assigned for asset repossession proceedings.
COL10975,APP11876,Priya Deshmukh (Internal),2025-11-18,23416.85,Repossession Pending,Digital Reminder,,,Pending,11,2025-11-08,Asset recovery team assigned for asset repossession proceedings.
COL10976,APP10663,Vanguard Legal & Recovery Services,2025-06-22,10955.82,Unreachable,Legal Notice,,,Pending,4,2025-06-19,Borrower unreachable on registered phone number. Escalated to field team.
COL10977,APP11001,Priya Deshmukh (Internal),2024-06-15,10466.68,Contacted,Field Visit,,,Pending,6,2024-06-12,Customer contacted via Field Visit. Payment request sent.
COL10978,APP10294,Priya Deshmukh (Internal),2025-07-31,60665.95,Repossession Pending,Tele-calling,,,Pending,9,2025-07-30,Asset recovery team assigned for asset repossession proceedings.
COL10979,APP12546,Prudence Resolution Services,2025-12-07,123411.59,Repossession Pending,WhatsApp Bot,,,Pending,7,2025-12-01,Asset recovery team assigned for asset repossession proceedings.
COL10980,APP11027,Priya Deshmukh (Internal),2025-07-17,20202.15,Contacted,Field Visit,,,Pending,11,2025-07-12,Customer contacted via Field Visit. Payment request sent.
COL10981,APP12638,Vanguard Legal & Recovery Services,2025-03-13,151297.71,Unreachable,Field Visit,,,Pending,11,2025-03-04,Borrower unreachable on registered phone number. Escalated to field team.
COL10982,APP10036,Rajesh Sharma (Internal),2025-10-25,21439.45,Promise to Pay,Tele-calling,2025-11-02,,Pending,2,2025-10-17,Borrower promised to pay ₹21439.45 by 2025-11-02.
COL10983,APP11101,Anita Roy (Internal),2024-10-15,37523.36,Settled,WhatsApp Bot,2024-09-30,26689.93,Waived Off,6,2024-10-13,Loan settled at ₹26689.93 under Waived Off arrangement.
COL10984,APP12043,Anita Roy (Internal),2025-06-27,28858.49,Contacted,Legal Notice,,,Pending,9,2025-06-17,Customer contacted via Legal Notice. Payment request sent.
COL10985,APP12761,Suresh Kumar (Field Specialist),2024-10-06,33307.36,Repossession Pending,WhatsApp Bot,,,Pending,5,2024-10-03,Asset recovery team assigned for asset repossession proceedings.
COL10986,APP11075,Priya Deshmukh (Internal),2025-03-31,9969.32,Contacted,WhatsApp Bot,,,Pending,4,2025-03-29,Customer contacted via WhatsApp Bot. Payment request sent.
COL10987,APP11013,Priya Deshmukh (Internal),2025-08-29,84092.76,Promise to Pay,Tele-calling,2025-09-05,,Pending,12,2025-08-24,Borrower promised to pay ₹84092.76 by 2025-09-05.
COL10988,APP10882,Prudence Resolution Services,2025-03-23,36092.25,Legal Action Initiated,Tele-calling,,,Rejected,1,2025-03-20,Section 25 / NI Act 138 legal notice issued for persistent loan default.
COL10989,APP10188,Prudence Resolution Services,2025-02-10,10218.96,Promise to Pay,Field Visit,2025-02-25,,Pending,11,2025-02-07,Borrower promised to pay ₹10218.96 by 2025-02-25.
COL10990,APP10554,Prudence Resolution Services,2025-10-17,25223.53,Unreachable,Field Visit,,,Pending,2,2025-10-14,Borrower unreachable on registered phone number. Escalated to field team.
COL10991,APP11390,Vikramaditya Singh (Internal),2024-12-27,11615.55,Promise to Pay,Field Visit,2025-01-01,,Pending,4,2024-12-19,Borrower promised to pay ₹11615.55 by 2025-01-01.
COL10992,APP11720,Zenith Financial Recovery,2024-11-28,138372.9,Promise to Pay,Legal Notice,2024-12-10,,Pending,10,2024-11-25,Borrower promised to pay ₹138372.9 by 2024-12-10.
COL10993,APP12655,Meenakshi Sundaram (Legal Agent),2025-10-06,145864.52,Repossession Pending,Digital Reminder,,,Pending,2,2025-10-01,Asset recovery team assigned for asset repossession proceedings.
COL10994,APP10124,Vanguard Legal & Recovery Services,2025-08-18,20103.32,Unreachable,Field Visit,,,Pending,3,2025-08-11,Borrower unreachable on registered phone number. Escalated to field team.
COL10995,APP11894,Vanguard Legal & Recovery Services,2026-01-31,78593.62,Contacted,Digital Reminder,,,Pending,9,2026-01-29,Customer contacted via Digital Reminder. Payment request sent.
COL10996,APP12465,Vikramaditya Singh (Internal),2025-06-20,51986.33,Unreachable,Legal Notice,,,Pending,9,2025-06-11,Borrower unreachable on registered phone number. Escalated to field team.
COL10997,APP12396,Anita Roy (Internal),2024-12-12,172161.1,Promise to Pay,Legal Notice,2024-12-31,,Pending,1,2024-12-12,Borrower promised to pay ₹172161.1 by 2024-12-31.
COL10998,APP12237,Zenith Financial Recovery,2025-06-18,19014.41,Unreachable,Digital Reminder,,,Pending,7,2025-06-11,Borrower unreachable on registered phone number. Escalated to field team.
COL10999,APP12525,Meenakshi Sundaram (Legal Agent),2024-10-06,20383.81,Unreachable,Tele-calling,,,Pending,7,2024-09-27,Borrower unreachable on registered phone number. Escalated to field team.
COL11000,APP11654,Priya Deshmukh (Internal),2025-05-23,42936.5,Settled,Digital Reminder,2025-05-08,31294.83,Waived Off,9,2025-05-16,Loan settled at ₹31294.83 under Waived Off arrangement.
COL11001,APP10899,Vanguard Legal & Recovery Services,2025-06-06,21212.71,Repossession Pending,Digital Reminder,,,Pending,11,2025-05-27,Asset recovery team assigned for asset repossession proceedings.
COL11002,APP12803,Vikramaditya Singh (Internal),2025-02-16,25073.12,Legal Action Initiated,Legal Notice,,,Rejected,4,2025-02-07,Section 25 / NI Act 138 legal notice issued for persistent loan default.
COL11003,APP11996,Rajesh Sharma (Internal),2025-07-13,452279.99,Contacted,Tele-calling,,,Pending,12,2025-07-04,Customer contacted via Tele-calling. Payment request sent.
COL11004,APP10848,Suresh Kumar (Field Specialist),2025-04-06,19364.45,Unreachable,Field Visit,,,Pending,9,2025-03-29,Borrower unreachable on registered phone number. Escalated to field team.
COL11005,APP10221,Meenakshi Sundaram (Legal Agent),2024-08-31,129381.4,Repossession Pending,Legal Notice,,,Pending,2,2024-08-21,Asset recovery team assigned for asset repossession proceedings.
COL11006,APP12540,Vikramaditya Singh (Internal),2025-04-12,48846.63,Repossession Pending,Legal Notice,,,Pending,1,2025-04-10,Asset recovery team assigned for asset repossession proceedings.
COL11007,APP11800,Rajesh Sharma (Internal),2025-08-01,59448.97,Contacted,Tele-calling,,,Pending,11,2025-07-28,Customer contacted via Tele-calling. Payment request sent.
COL11008,APP11242,Vikramaditya Singh (Internal),2025-10-12,53598.24,Settled,Field Visit,2025-10-06,42797.24,Partial Settlement,3,2025-10-04,Loan settled at ₹42797.24 under Partial Settlement arrangement.
COL11009,APP10559,Vikramaditya Singh (Internal),2024-12-14,30780.16,Contacted,Field Visit,,,Pending,5,2024-12-08,Customer contacted via Field Visit. Payment request sent.
COL11010,APP11803,Meenakshi Sundaram (Legal Agent),2025-06-22,20868.38,Repossession Pending,Tele-calling,,,Pending,2,2025-06-18,Asset recovery team assigned for asset repossession proceedings.
COL11011,APP11722,Prudence Resolution Services,2024-09-12,40040.46,Legal Action Initiated,Tele-calling,,,Rejected,1,2024-09-12,Section 25 / NI Act 138 legal notice issued for persistent loan default.
COL11012,APP11116,Rajesh Sharma (Internal),2024-06-08,18584.97,Contacted,WhatsApp Bot,,,Pending,7,2024-05-30,Customer contacted via WhatsApp Bot. Payment request sent.
COL11013,APP12575,Apex Recovery Agency,2025-05-11,316999.75,Unreachable,Digital Reminder,,,Pending,6,2025-05-01,Borrower unreachable on registered phone number. Escalated to field team.
COL11014,APP10206,Prudence Resolution Services,2024-07-29,65304.66,Settled,Field Visit,2024-07-23,49626.43,Full Settlement,6,2024-07-24,Loan settled at ₹49626.43 under Full Settlement arrangement.
COL11015,APP10962,Vikramaditya Singh (Internal),2025-02-10,8588.87,Legal Action Initiated,Tele-calling,,,Rejected,6,2025-02-03,Section 25 / NI Act 138 legal notice issued for persistent loan default.
COL11016,APP11224,Suresh Kumar (Field Specialist),2025-04-26,32098.5,Repossession Pending,Digital Reminder,,,Pending,1,2025-04-16,Asset recovery team assigned for asset repossession proceedings.
COL11017,APP10805,Rajesh Sharma (Internal),2025-07-15,130069.13,Repossession Pending,Legal Notice,,,Pending,12,2025-07-06,Asset recovery team assigned for asset repossession proceedings.
COL11018,APP10788,Prudence Resolution Services,2024-09-11,234769.07,Unreachable,Digital Reminder,,,Pending,12,2024-09-05,Borrower unreachable on registered phone number. Escalated to field team.
COL11019,APP12134,Meenakshi Sundaram (Legal Agent),2026-01-07,19289.19,Repossession Pending,Field Visit,,,Pending,12,2025-12-30,Asset recovery team assigned for asset repossession proceedings.
COL11020,APP11958,Vikramaditya Singh (Internal),2025-12-14,19463.87,Contacted,Digital Reminder,,,Pending,8,2025-12-12,Customer contacted via Digital Reminder. Payment request sent.
COL11021,APP11192,Anita Roy (Internal),2024-11-22,203060.93,Repossession Pending,Digital Reminder,,,Pending,11,2024-11-21,Asset recovery team assigned for asset repossession proceedings.
COL11022,APP11111,Vanguard Legal & Recovery Services,2025-06-28,60720.55,Promise to Pay,Tele-calling,2025-07-09,,Pending,5,2025-06-25,Borrower promised to pay ₹60720.55 by 2025-07-09.
COL11023,APP11197,Anita Roy (Internal),2025-05-07,71323.49,Legal Action Initiated,Field Visit,,,Rejected,4,2025-04-28,Section 25 / NI Act 138 legal notice issued for persistent loan default.
COL11024,APP11032,Prudence Resolution Services,2025-12-28,463136.23,Repossession Pending,Digital Reminder,,,Pending,7,2025-12-25,Asset recovery team assigned for asset repossession proceedings.
COL11025,APP10468,Apex Recovery Agency,2026-01-28,96730.17,Settled,Tele-calling,2026-01-14,62351.89,Partial Settlement,4,2026-01-27,Loan settled at ₹62351.89 under Partial Settlement arrangement.
COL11026,APP11590,Vanguard Legal & Recovery Services,2025-12-01,51297.19,Repossession Pending,WhatsApp Bot,,,Pending,4,2025-11-25,Asset recovery team assigned for asset repossession proceedings.
COL11027,APP10773,Prudence Resolution Services,2026-01-26,66754.25,Repossession Pending,Legal Notice,,,Pending,4,2026-01-25,Asset recovery team assigned for asset repossession proceedings.
COL11028,APP12964,Rajesh Sharma (Internal),2025-03-31,14075.08,Unreachable,WhatsApp Bot,,,Pending,4,2025-03-24,Borrower unreachable on registered phone number. Escalated to field team.
COL11029,APP10363,Vikramaditya Singh (Internal),2024-07-06,64042.66,Settled,WhatsApp Bot,2024-06-27,60623.89,Waived Off,10,2024-07-01,Loan settled at ₹60623.89 under Waived Off arrangement.
COL11030,APP10135,Apex Recovery Agency,2025-03-26,255786.01,Unreachable,WhatsApp Bot,,,Pending,12,2025-03-20,Borrower unreachable on registered phone number. Escalated to field team.
COL11031,APP11882,Prudence Resolution Services,2025-01-17,85910.03,Repossession Pending,Field Visit,,,Pending,12,2025-01-17,Asset recovery team assigned for asset repossession proceedings.
COL11032,APP12875,Zenith Financial Recovery,2024-11-11,229113.78,Settled,Digital Reminder,2024-10-31,171343.45,Partial Settlement,1,2024-11-03,Loan settled at ₹171343.45 under Partial Settlement arrangement.
COL11033,APP12774,Prudence Resolution Services,2025-03-17,23687.01,Unreachable,Digital Reminder,,,Pending,12,2025-03-14,Borrower unreachable on registered phone number. Escalated to field team.
COL11034,APP10456,Vanguard Legal & Recovery Services,2024-07-26,43219.79,Promise to Pay,Tele-calling,2024-08-12,,Pending,12,2024-07-22,Borrower promised to pay ₹43219.79 by 2024-08-12.
COL11035,APP12210,Meenakshi Sundaram (Legal Agent),2024-10-27,165633.51,Unreachable,Field Visit,,,Pending,4,2024-10-24,Borrower unreachable on registered phone number. Escalated to field team.
COL11036,APP12996,Rajesh Sharma (Internal),2024-10-30,17822.27,Repossession Pending,Legal Notice,,,Pending,7,2024-10-24,Asset recovery team assigned for asset repossession proceedings.
COL11037,APP12331,Rajesh Sharma (Internal),2024-07-24,61684.1,Settled,Tele-calling,2024-07-09,49821.47,Partial Settlement,2,2024-07-16,Loan settled at ₹49821.47 under Partial Settlement arrangement.
COL11038,APP11226,Vanguard Legal & Recovery Services,2025-04-06,183019.63,Contacted,Field Visit,,,Pending,12,2025-03-28,Customer contacted via Field Visit. Payment request sent.
COL11039,APP12541,Vanguard Legal & Recovery Services,2025-03-09,466878.98,Unreachable,Tele-calling,,,Pending,11,2025-02-27,Borrower unreachable on registered phone number. Escalated to field team.
COL11040,APP11297,Prudence Resolution Services,2025-11-04,34639.79,Contacted,Tele-calling,,,Pending,4,2025-11-04,Customer contacted via Tele-calling. Payment request sent.
COL11041,APP10071,Apex Recovery Agency,2025-08-19,21439.6,Legal Action Initiated,Tele-calling,,,Rejected,5,2025-08-10,Section 25 / NI Act 138 legal notice issued for persistent loan default.
COL11042,APP10924,Anita Roy (Internal),2025-12-03,132178.37,Contacted,Legal Notice,,,Pending,3,2025-11-27,Customer contacted via Legal Notice. Payment request sent.
COL11043,APP11894,Vanguard Legal & Recovery Services,2024-08-05,79482.9,Legal Action Initiated,WhatsApp Bot,,,Rejected,9,2024-07-27,Section 25 / NI Act 138 legal notice issued for persistent loan default.
COL11044,APP11565,Anita Roy (Internal),2024-12-02,49834.74,Repossession Pending,Field Visit,,,Pending,1,2024-11-24,Asset recovery team assigned for asset repossession proceedings.
COL11045,APP12370,Prudence Resolution Services,2024-11-13,12490.56,Contacted,Tele-calling,,,Pending,2,2024-11-05,Customer contacted via Tele-calling. Payment request sent.
COL11046,APP12652,Rajesh Sharma (Internal),2025-12-10,20040.8,Contacted,Tele-calling,,,Pending,3,2025-12-04,Customer contacted via Tele-calling. Payment request sent.
COL11047,APP10865,Priya Deshmukh (Internal),2025-03-28,80326.19,Contacted,Legal Notice,,,Pending,11,2025-03-20,Customer contacted via Legal Notice. Payment request sent.
COL11048,APP11297,Vikramaditya Singh (Internal),2025-05-27,76268.09,Unreachable,WhatsApp Bot,,,Pending,10,2025-05-19,Borrower unreachable on registered phone number. Escalated to field team.
COL11049,APP11572,Priya Deshmukh (Internal),2024-12-10,96813.43,Repossession Pending,Tele-calling,,,Pending,3,2024-12-06,Asset recovery team assigned for asset repossession proceedings.
COL11050,APP12779,Vikramaditya Singh (Internal),2024-10-10,38692.83,Legal Action Initiated,WhatsApp Bot,,,Rejected,12,2024-10-01,Section 25 / NI Act 138 legal notice issued for persistent loan default.
COL11051,APP11668,Anita Roy (Internal),2024-11-15,28206.4,Settled,WhatsApp Bot,2024-11-09,23602.66,Partial Settlement,7,2024-11-08,Loan settled at ₹23602.66 under Partial Settlement arrangement.
COL11052,APP10017,Suresh Kumar (Field Specialist),2024-12-15,49829.27,Contacted,Field Visit,,,Pending,12,2024-12-10,Customer contacted via Field Visit. Payment request sent.
COL11053,APP10272,Suresh Kumar (Field Specialist),2025-08-19,10535.5,Promise to Pay,WhatsApp Bot,2025-08-29,,Pending,7,2025-08-19,Borrower promised to pay ₹10535.5 by 2025-08-29.
COL11054,APP12431,Apex Recovery Agency,2024-08-07,14955.56,Legal Action Initiated,Tele-calling,,,Rejected,6,2024-07-28,Section 25 / NI Act 138 legal notice issued for persistent loan default.
COL11055,APP12146,Prudence Resolution Services,2025-03-08,51721.16,Settled,Legal Notice,2025-02-25,37886.85,Full Settlement,1,2025-03-07,Loan settled at ₹37886.85 under Full Settlement arrangement.
COL11056,APP11774,Anita Roy (Internal),2025-10-15,24045.97,Legal Action Initiated,Field Visit,,,Rejected,2,2025-10-07,Section 25 / NI Act 138 legal notice issued for persistent loan default.
COL11057,APP12330,Meenakshi Sundaram (Legal Agent),2024-07-20,109225.97,Legal Action Initiated,Legal Notice,,,Rejected,3,2024-07-15,Section 25 / NI Act 138 legal notice issued for persistent loan default.
COL11058,APP12618,Vikramaditya Singh (Internal),2025-12-17,124820.59,Repossession Pending,Legal Notice,,,Pending,10,2025-12-11,Asset recovery team assigned for asset repossession proceedings.
COL11059,APP11040,Meenakshi Sundaram (Legal Agent),2024-11-07,24631.62,Settled,Field Visit,2024-10-31,19671.95,Partial Settlement,11,2024-11-05,Loan settled at ₹19671.95 under Partial Settlement arrangement.
COL11060,APP11234,Rajesh Sharma (Internal),2025-08-03,21963.43,Repossession Pending,Legal Notice,,,Pending,12,2025-07-27,Asset recovery team assigned for asset repossession proceedings.
COL11061,APP11119,Zenith Financial Recovery,2025-08-13,117389.17,Unreachable,Legal Notice,,,Pending,9,2025-08-10,Borrower unreachable on registered phone number. Escalated to field team.
COL11062,APP12542,Anita Roy (Internal),2024-08-21,144228.94,Unreachable,Legal Notice,,,Pending,2,2024-08-18,Borrower unreachable on registered phone number. Escalated to field team.
COL11063,APP12871,Vikramaditya Singh (Internal),2025-10-18,21309.36,Contacted,WhatsApp Bot,,,Pending,1,2025-10-12,Customer contacted via WhatsApp Bot. Payment request sent.
COL11064,APP11539,Vikramaditya Singh (Internal),2025-11-28,129412.63,Unreachable,Digital Reminder,,,Pending,12,2025-11-27,Borrower unreachable on registered phone number. Escalated to field team.
COL11065,APP10328,Rajesh Sharma (Internal),2025-08-10,23885.15,Promise to Pay,WhatsApp Bot,2025-08-24,,Pending,12,2025-08-02,Borrower promised to pay ₹23885.15 by 2025-08-24.
COL11066,APP11806,Suresh Kumar (Field Specialist),2025-11-19,57423.72,Contacted,WhatsApp Bot,,,Pending,4,2025-11-17,Customer contacted via WhatsApp Bot. Payment request sent.
COL11067,APP12611,Prudence Resolution Services,2025-10-21,19644.57,Legal Action Initiated,Field Visit,,,Rejected,7,2025-10-19,Section 25 / NI Act 138 legal notice issued for persistent loan default.
COL11068,APP11102,Anita Roy (Internal),2024-09-29,7398.68,Repossession Pending,Legal Notice,,,Pending,5,2024-09-25,Asset recovery team assigned for asset repossession proceedings.
COL11069,APP11768,Apex Recovery Agency,2025-07-09,23024.01,Promise to Pay,Legal Notice,2025-07-28,,Pending,4,2025-07-05,Borrower promised to pay ₹23024.01 by 2025-07-28.
COL11070,APP11561,Zenith Financial Recovery,2025-09-15,15339.54,Unreachable,WhatsApp Bot,,,Pending,6,2025-09-11,Borrower unreachable on registered phone number. Escalated to field team.
COL11071,APP12349,Anita Roy (Internal),2025-05-30,144435.49,Settled,Tele-calling,2025-05-19,96647.64,Partial Settlement,1,2025-05-29,Loan settled at ₹96647.64 under Partial Settlement arrangement.
COL11072,APP11067,Suresh Kumar (Field Specialist),2024-11-07,56066.47,Unreachable,Field Visit,,,Pending,11,2024-11-03,Borrower unreachable on registered phone number. Escalated to field team.
COL11073,APP12078,Zenith Financial Recovery,2024-12-04,22696.83,Settled,Digital Reminder,2024-11-28,18831.51,Partial Settlement,9,2024-11-30,Loan settled at ₹18831.51 under Partial Settlement arrangement.
COL11074,APP11728,Vikramaditya Singh (Internal),2024-12-21,15542.84,Settled,Field Visit,2024-12-12,10052.92,Full Settlement,2,2024-12-18,Loan settled at ₹10052.92 under Full Settlement arrangement.
COL11075,APP11352,Prudence Resolution Services,2025-02-28,18421.11,Promise to Pay,Tele-calling,2025-03-18,,Pending,2,2025-02-22,Borrower promised to pay ₹18421.11 by 2025-03-18.
COL11076,APP11643,Zenith Financial Recovery,2025-07-15,128661.09,Settled,Field Visit,2025-07-08,120322.24,Full Settlement,9,2025-07-09,Loan settled at ₹120322.24 under Full Settlement arrangement.
COL11077,APP11662,Vikramaditya Singh (Internal),2025-01-29,31879.6,Settled,Field Visit,2025-01-19,30022.72,Partial Settlement,1,2025-01-19,Loan settled at ₹30022.72 under Partial Settlement arrangement.
COL11078,APP12815,Vanguard Legal & Recovery Services,2025-08-14,15141.23,Settled,Digital Reminder,2025-08-07,11794.02,Waived Off,4,2025-08-05,Loan settled at ₹11794.02 under Waived Off arrangement.
COL11079,APP12957,Apex Recovery Agency,2025-08-14,45286.96,Settled,Tele-calling,2025-08-08,38750.23,Waived Off,4,2025-08-07,Loan settled at ₹38750.23 under Waived Off arrangement.
COL11080,APP12463,Priya Deshmukh (Internal),2024-10-14,61301.28,Repossession Pending,WhatsApp Bot,,,Pending,7,2024-10-14,Asset recovery team assigned for asset repossession proceedings.
COL11081,APP10820,Priya Deshmukh (Internal),2024-07-23,29181.4,Unreachable,Field Visit,,,Pending,7,2024-07-17,Borrower unreachable on registered phone number. Escalated to field team.
COL11082,APP12245,Apex Recovery Agency,2025-11-05,21368.54,Promise to Pay,Field Visit,2025-11-09,,Pending,7,2025-10-26,Borrower promised to pay ₹21368.54 by 2025-11-09.
COL11083,APP10478,Anita Roy (Internal),2025-08-03,6930.9,Settled,Legal Notice,2025-07-29,4257.73,Full Settlement,4,2025-07-29,Loan settled at ₹4257.73 under Full Settlement arrangement.
COL11084,APP11390,Prudence Resolution Services,2024-09-12,20539.98,Settled,Field Visit,2024-09-03,14937.77,Partial Settlement,7,2024-09-10,Loan settled at ₹14937.77 under Partial Settlement arrangement.
COL11085,APP10478,Anita Roy (Internal),2024-10-12,4958.87,Repossession Pending,Tele-calling,,,Pending,6,2024-10-07,Asset recovery team assigned for asset repossession proceedings.
COL11086,APP11613,Meenakshi Sundaram (Legal Agent),2025-01-02,21994.41,Legal Action Initiated,WhatsApp Bot,,,Rejected,10,2024-12-27,Section 25 / NI Act 138 legal notice issued for persistent loan default.
COL11087,APP12630,Anita Roy (Internal),2026-01-22,21483.47,Repossession Pending,Field Visit,,,Pending,11,2026-01-19,Asset recovery team assigned for asset repossession proceedings.
COL11088,APP12368,Zenith Financial Recovery,2025-04-05,51922.29,Contacted,Tele-calling,,,Pending,12,2025-03-29,Customer contacted via Tele-calling. Payment request sent.
COL11089,APP10830,Suresh Kumar (Field Specialist),2025-02-14,6659.86,Contacted,Field Visit,,,Pending,9,2025-02-09,Customer contacted via Field Visit. Payment request sent.
COL11090,APP10612,Zenith Financial Recovery,2025-10-29,18081.51,Unreachable,Tele-calling,,,Pending,1,2025-10-27,Borrower unreachable on registered phone number. Escalated to field team.
COL11091,APP11905,Vikramaditya Singh (Internal),2024-12-12,15856.84,Contacted,Legal Notice,,,Pending,12,2024-12-06,Customer contacted via Legal Notice. Payment request sent.
COL11092,APP11168,Suresh Kumar (Field Specialist),2025-06-29,103219.44,Contacted,WhatsApp Bot,,,Pending,9,2025-06-23,Customer contacted via WhatsApp Bot. Payment request sent.
COL11093,APP12744,Meenakshi Sundaram (Legal Agent),2025-01-10,171465.46,Promise to Pay,Legal Notice,2025-01-29,,Pending,10,2025-01-10,Borrower promised to pay ₹171465.46 by 2025-01-29.
COL11094,APP12919,Suresh Kumar (Field Specialist),2025-03-02,99648.25,Settled,WhatsApp Bot,2025-02-23,61379.77,Full Settlement,9,2025-03-01,Loan settled at ₹61379.77 under Full Settlement arrangement.
COL11095,APP11885,Apex Recovery Agency,2024-10-15,142174.65,Repossession Pending,Tele-calling,,,Pending,5,2024-10-15,Asset recovery team assigned for asset repossession proceedings.
COL11096,APP11967,Priya Deshmukh (Internal),2025-06-13,17285.28,Contacted,WhatsApp Bot,,,Pending,6,2025-06-12,Customer contacted via WhatsApp Bot. Payment request sent.
COL11097,APP11714,Apex Recovery Agency,2024-07-29,223862.65,Unreachable,Field Visit,,,Pending,11,2024-07-29,Borrower unreachable on registered phone number. Escalated to field team.
COL11098,APP11165,Priya Deshmukh (Internal),2026-01-19,12811.72,Promise to Pay,Legal Notice,2026-01-30,,Pending,2,2026-01-13,Borrower promised to pay ₹12811.72 by 2026-01-30.
COL11099,APP10432,Priya Deshmukh (Internal),2025-07-10,14668.69,Promise to Pay,Digital Reminder,2025-07-20,,Pending,3,2025-07-03,Borrower promised to pay ₹14668.69 by 2025-07-20.
COL11100,APP10875,Prudence Resolution Services,2024-12-07,9014.29,Unreachable,Field Visit,,,Pending,3,2024-12-04,Borrower unreachable on registered phone number. Escalated to field team.
COL11101,APP11887,Vikramaditya Singh (Internal),2025-07-09,37581.1,Contacted,Legal Notice,,,Pending,11,2025-06-30,Customer contacted via Legal Notice. Payment request sent.
COL11102,APP12072,Anita Roy (Internal),2025-07-18,26032.79,Contacted,Field Visit,,,Pending,2,2025-07-10,Customer contacted via Field Visit. Payment request sent.
COL11103,APP11029,Rajesh Sharma (Internal),2024-06-14,23294.77,Contacted,WhatsApp Bot,,,Pending,11,2024-06-14,Customer contacted via WhatsApp Bot. Payment request sent.
COL11104,APP12927,Priya Deshmukh (Internal),2024-06-14,27471.61,Settled,Tele-calling,2024-06-01,24350.54,Waived Off,1,2024-06-13,Loan settled at ₹24350.54 under Waived Off arrangement.
COL11105,APP11091,Priya Deshmukh (Internal),2024-11-15,61751.73,Unreachable,Field Visit,,,Pending,5,2024-11-10,Borrower unreachable on registered phone number. Escalated to field team.
COL11106,APP10391,Vikramaditya Singh (Internal),2025-12-09,28917.65,Contacted,Field Visit,,,Pending,2,2025-12-09,Customer contacted via Field Visit. Payment request sent.
COL11107,APP11084,Anita Roy (Internal),2025-07-31,21922.09,Settled,WhatsApp Bot,2025-07-23,14892.47,Full Settlement,3,2025-07-31,Loan settled at ₹14892.47 under Full Settlement arrangement.
COL11108,APP11409,Vikramaditya Singh (Internal),2025-06-29,27027.69,Repossession Pending,Legal Notice,,,Pending,11,2025-06-28,Asset recovery team assigned for asset repossession proceedings.
COL11109,APP11800,Vikramaditya Singh (Internal),2025-06-01,26189.45,Promise to Pay,Tele-calling,2025-06-14,,Pending,2,2025-05-23,Borrower promised to pay ₹26189.45 by 2025-06-14.
COL11110,APP10831,Prudence Resolution Services,2025-11-26,13311.79,Contacted,Tele-calling,,,Pending,6,2025-11-17,Customer contacted via Tele-calling. Payment request sent.
COL11111,APP12463,Vanguard Legal & Recovery Services,2025-03-21,65277.09,Repossession Pending,Field Visit,,,Pending,6,2025-03-20,Asset recovery team assigned for asset repossession proceedings.
COL11112,APP10243,Zenith Financial Recovery,2024-08-18,44390.75,Settled,Legal Notice,2024-08-03,31610.19,Full Settlement,1,2024-08-16,Loan settled at ₹31610.19 under Full Settlement arrangement.
COL11113,APP12190,Zenith Financial Recovery,2025-03-13,35455.19,Contacted,Digital Reminder,,,Pending,3,2025-03-12,Customer contacted via Digital Reminder. Payment request sent.
COL11114,APP11847,Vikramaditya Singh (Internal),2025-10-06,10623.41,Unreachable,Field Visit,,,Pending,12,2025-09-30,Borrower unreachable on registered phone number. Escalated to field team.
COL11115,APP12471,Vikramaditya Singh (Internal),2025-11-29,387557.03,Unreachable,Field Visit,,,Pending,8,2025-11-21,Borrower unreachable on registered phone number. Escalated to field team.
COL11116,APP10718,Priya Deshmukh (Internal),2026-01-13,70773.5,Contacted,Digital Reminder,,,Pending,12,2026-01-10,Customer contacted via Digital Reminder. Payment request sent.
COL11117,APP12630,Priya Deshmukh (Internal),2025-06-07,12831.41,Contacted,Legal Notice,,,Pending,9,2025-05-31,Customer contacted via Legal Notice. Payment request sent.
COL11118,APP10556,Anita Roy (Internal),2024-10-21,47483.05,Settled,Tele-calling,2024-10-14,44640.57,Waived Off,5,2024-10-14,Loan settled at ₹44640.57 under Waived Off arrangement.
COL11119,APP11352,Priya Deshmukh (Internal),2024-10-25,7303.07,Promise to Pay,Field Visit,2024-11-10,,Pending,7,2024-10-25,Borrower promised to pay ₹7303.07 by 2024-11-10.
COL11120,APP10604,Rajesh Sharma (Internal),2026-01-30,49430.69,Repossession Pending,Tele-calling,,,Pending,3,2026-01-30,Asset recovery team assigned for asset repossession proceedings.
COL11121,APP10754,Prudence Resolution Services,2025-08-01,118081.69,Contacted,Field Visit,,,Pending,3,2025-07-30,Customer contacted via Field Visit. Payment request sent.
COL11122,APP12793,Vikramaditya Singh (Internal),2025-05-12,37811.62,Repossession Pending,WhatsApp Bot,,,Pending,8,2025-05-02,Asset recovery team assigned for asset repossession proceedings.
COL11123,APP11330,Apex Recovery Agency,2024-11-25,49070.7,Promise to Pay,Tele-calling,2024-11-28,,Pending,9,2024-11-23,Borrower promised to pay ₹49070.7 by 2024-11-28.
COL11124,APP12403,Vanguard Legal & Recovery Services,2026-01-07,39070.0,Legal Action Initiated,Digital Reminder,,,Rejected,9,2026-01-03,Section 25 / NI Act 138 legal notice issued for persistent loan default.
COL11125,APP10067,Vanguard Legal & Recovery Services,2024-10-07,64331.65,Settled,Field Visit,2024-09-26,39859.82,Waived Off,12,2024-10-04,Loan settled at ₹39859.82 under Waived Off arrangement.
COL11126,APP12448,Vikramaditya Singh (Internal),2025-09-23,65355.13,Legal Action Initiated,WhatsApp Bot,,,Rejected,8,2025-09-18,Section 25 / NI Act 138 legal notice issued for persistent loan default.
COL11127,APP10316,Vanguard Legal & Recovery Services,2024-12-17,68122.29,Contacted,Field Visit,,,Pending,5,2024-12-16,Customer contacted via Field Visit. Payment request sent.
COL11128,APP10184,Anita Roy (Internal),2025-02-01,72969.52,Legal Action Initiated,Legal Notice,,,Rejected,5,2025-01-30,Section 25 / NI Act 138 legal notice issued for persistent loan default.
COL11129,APP10832,Anita Roy (Internal),2025-04-13,453517.45,Promise to Pay,Tele-calling,2025-04-22,,Pending,4,2025-04-05,Borrower promised to pay ₹453517.45 by 2025-04-22.
COL11130,APP11416,Priya Deshmukh (Internal),2025-12-30,56438.65,Contacted,Legal Notice,,,Pending,8,2025-12-30,Customer contacted via Legal Notice. Payment request sent.
COL11131,APP12079,Prudence Resolution Services,2025-03-17,9160.55,Settled,Tele-calling,2025-03-09,7906.88,Partial Settlement,7,2025-03-09,Loan settled at ₹7906.88 under Partial Settlement arrangement.
COL11132,APP11165,Vikramaditya Singh (Internal),2024-09-12,17261.98,Settled,Tele-calling,2024-09-07,15166.79,Waived Off,9,2024-09-10,Loan settled at ₹15166.79 under Waived Off arrangement.
COL11133,APP11040,Meenakshi Sundaram (Legal Agent),2024-08-20,34364.1,Settled,Tele-calling,2024-08-12,30330.33,Full Settlement,11,2024-08-19,Loan settled at ₹30330.33 under Full Settlement arrangement.
COL11134,APP12580,Vikramaditya Singh (Internal),2025-11-18,27915.93,Legal Action Initiated,WhatsApp Bot,,,Rejected,6,2025-11-11,Section 25 / NI Act 138 legal notice issued for persistent loan default.
COL11135,APP11189,Prudence Resolution Services,2024-07-11,85517.34,Settled,Legal Notice,2024-06-30,57560.63,Full Settlement,12,2024-07-01,Loan settled at ₹57560.63 under Full Settlement arrangement.
COL11136,APP12611,Vikramaditya Singh (Internal),2024-06-16,36766.55,Repossession Pending,WhatsApp Bot,,,Pending,3,2024-06-12,Asset recovery team assigned for asset repossession proceedings.
COL11137,APP11771,Anita Roy (Internal),2025-03-30,25877.89,Contacted,Digital Reminder,,,Pending,3,2025-03-29,Customer contacted via Digital Reminder. Payment request sent.
COL11138,APP12760,Meenakshi Sundaram (Legal Agent),2025-09-15,9180.73,Settled,Legal Notice,2025-09-06,7597.99,Partial Settlement,5,2025-09-08,Loan settled at ₹7597.99 under Partial Settlement arrangement.
COL11139,APP10678,Anita Roy (Internal),2025-07-16,21335.88,Unreachable,WhatsApp Bot,,,Pending,7,2025-07-07,Borrower unreachable on registered phone number. Escalated to field team.
COL11140,APP10681,Zenith Financial Recovery,2025-06-18,9754.06,Legal Action Initiated,Legal Notice,,,Rejected,2,2025-06-08,Section 25 / NI Act 138 legal notice issued for persistent loan default.
COL11141,APP12427,Suresh Kumar (Field Specialist),2024-07-14,197784.32,Settled,Digital Reminder,2024-07-09,173398.84,Waived Off,10,2024-07-04,Loan settled at ₹173398.84 under Waived Off arrangement.
COL11142,APP11177,Rajesh Sharma (Internal),2025-07-14,330255.24,Contacted,Field Visit,,,Pending,2,2025-07-11,Customer contacted via Field Visit. Payment request sent.
COL11143,APP10534,Zenith Financial Recovery,2025-09-20,284700.52,Settled,Tele-calling,2025-09-13,181616.7,Waived Off,2,2025-09-19,Loan settled at ₹181616.7 under Waived Off arrangement.
COL11144,APP12041,Vanguard Legal & Recovery Services,2025-10-11,25540.25,Unreachable,Field Visit,,,Pending,4,2025-10-04,Borrower unreachable on registered phone number. Escalated to field team.
COL11145,APP10167,Apex Recovery Agency,2024-10-28,40058.6,Contacted,Digital Reminder,,,Pending,11,2024-10-25,Customer contacted via Digital Reminder. Payment request sent.
COL11146,APP12001,Meenakshi Sundaram (Legal Agent),2025-06-06,26763.48,Legal Action Initiated,Tele-calling,,,Rejected,7,2025-05-30,Section 25 / NI Act 138 legal notice issued for persistent loan default.
COL11147,APP11255,Rajesh Sharma (Internal),2025-03-04,145957.2,Contacted,Field Visit,,,Pending,5,2025-02-22,Customer contacted via Field Visit. Payment request sent.
COL11148,APP12110,Anita Roy (Internal),2025-09-06,23828.71,Contacted,Field Visit,,,Pending,7,2025-08-29,Customer contacted via Field Visit. Payment request sent.
COL11149,APP12130,Apex Recovery Agency,2025-05-17,7756.18,Contacted,Field Visit,,,Pending,5,2025-05-15,Customer contacted via Field Visit. Payment request sent.
COL11150,APP10563,Prudence Resolution Services,2024-11-12,41832.95,Unreachable,Digital Reminder,,,Pending,12,2024-11-06,Borrower unreachable on registered phone number. Escalated to field team.
COL11151,APP10059,Meenakshi Sundaram (Legal Agent),2024-12-21,68743.78,Contacted,Digital Reminder,,,Pending,2,2024-12-11,Customer contacted via Digital Reminder. Payment request sent.
COL11152,APP11076,Prudence Resolution Services,2024-10-30,38857.87,Contacted,Legal Notice,,,Pending,8,2024-10-25,Customer contacted via Legal Notice. Payment request sent.
COL11153,APP12429,Vanguard Legal & Recovery Services,2024-10-07,39452.13,Legal Action Initiated,Legal Notice,,,Rejected,11,2024-09-30,Section 25 / NI Act 138 legal notice issued for persistent loan default.
COL11154,APP12345,Rajesh Sharma (Internal),2025-12-12,56931.63,Repossession Pending,Field Visit,,,Pending,3,2025-12-03,Asset recovery team assigned for asset repossession proceedings.
COL11155,APP12899,Priya Deshmukh (Internal),2026-01-12,41806.72,Promise to Pay,Legal Notice,2026-01-26,,Pending,1,2026-01-07,Borrower promised to pay ₹41806.72 by 2026-01-26.
COL11156,APP10428,Apex Recovery Agency,2025-10-25,137771.37,Legal Action Initiated,Legal Notice,,,Rejected,11,2025-10-18,Section 25 / NI Act 138 legal notice issued for persistent loan default.
COL11157,APP11487,Vanguard Legal & Recovery Services,2025-05-10,29953.16,Settled,Legal Notice,2025-04-28,21883.55,Partial Settlement,2,2025-05-08,Loan settled at ₹21883.55 under Partial Settlement arrangement.
COL11158,APP12465,Meenakshi Sundaram (Legal Agent),2025-08-22,49951.06,Legal Action Initiated,Field Visit,,,Rejected,11,2025-08-18,Section 25 / NI Act 138 legal notice issued for persistent loan default.
COL11159,APP10493,Anita Roy (Internal),2025-07-27,93331.31,Contacted,Tele-calling,,,Pending,2,2025-07-20,Customer contacted via Tele-calling. Payment request sent.
COL11160,APP11848,Anita Roy (Internal),2025-03-24,207139.02,Legal Action Initiated,Digital Reminder,,,Rejected,7,2025-03-21,Section 25 / NI Act 138 legal notice issued for persistent loan default.
COL11161,APP10223,Zenith Financial Recovery,2024-10-06,39490.87,Unreachable,WhatsApp Bot,,,Pending,6,2024-09-29,Borrower unreachable on registered phone number. Escalated to field team.
COL11162,APP11524,Vanguard Legal & Recovery Services,2025-03-02,18991.63,Settled,Tele-calling,2025-02-21,15870.46,Partial Settlement,11,2025-02-26,Loan settled at ₹15870.46 under Partial Settlement arrangement.
COL11163,APP10760,Vanguard Legal & Recovery Services,2025-11-14,21315.46,Contacted,Tele-calling,,,Pending,12,2025-11-05,Customer contacted via Tele-calling. Payment request sent.
COL11164,APP10616,Prudence Resolution Services,2025-07-06,9415.07,Legal Action Initiated,Field Visit,,,Rejected,4,2025-06-27,Section 25 / NI Act 138 legal notice issued for persistent loan default.
COL11165,APP12651,Rajesh Sharma (Internal),2024-11-25,13079.62,Unreachable,WhatsApp Bot,,,Pending,7,2024-11-20,Borrower unreachable on registered phone number. Escalated to field team.
COL11166,APP11916,Vikramaditya Singh (Internal),2025-10-30,148282.33,Promise to Pay,Digital Reminder,2025-11-14,,Pending,2,2025-10-20,Borrower promised to pay ₹148282.33 by 2025-11-14.
COL11167,APP12490,Suresh Kumar (Field Specialist),2025-08-22,11081.4,Settled,Field Visit,2025-08-08,6756.73,Full Settlement,1,2025-08-12,Loan settled at ₹6756.73 under Full Settlement arrangement.
COL11168,APP11527,Anita Roy (Internal),2025-09-08,36186.23,Unreachable,WhatsApp Bot,,,Pending,11,2025-08-29,Borrower unreachable on registered phone number. Escalated to field team.
COL11169,APP11543,Vikramaditya Singh (Internal),2025-12-01,124003.6,Repossession Pending,Field Visit,,,Pending,4,2025-11-25,Asset recovery team assigned for asset repossession proceedings.
COL11170,APP12208,Rajesh Sharma (Internal),2026-01-15,53994.28,Contacted,Legal Notice,,,Pending,2,2026-01-14,Customer contacted via Legal Notice. Payment request sent.
COL11171,APP10476,Meenakshi Sundaram (Legal Agent),2024-12-02,10232.3,Contacted,Tele-calling,,,Pending,2,2024-12-01,Customer contacted via Tele-calling. Payment request sent.
COL11172,APP10601,Prudence Resolution Services,2025-07-29,251831.23,Unreachable,Field Visit,,,Pending,2,2025-07-22,Borrower unreachable on registered phone number. Escalated to field team.
COL11173,APP10322,Priya Deshmukh (Internal),2025-09-05,22745.67,Unreachable,Digital Reminder,,,Pending,3,2025-09-03,Borrower unreachable on registered phone number. Escalated to field team.
COL11174,APP12576,Rajesh Sharma (Internal),2024-07-03,22235.23,Repossession Pending,Field Visit,,,Pending,2,2024-06-28,Asset recovery team assigned for asset repossession proceedings.
COL11175,APP11858,Zenith Financial Recovery,2025-02-16,8794.69,Legal Action Initiated,WhatsApp Bot,,,Rejected,2,2025-02-13,Section 25 / NI Act 138 legal notice issued for persistent loan default.
COL11176,APP11563,Suresh Kumar (Field Specialist),2025-06-09,57997.15,Legal Action Initiated,Tele-calling,,,Rejected,2,2025-06-06,Section 25 / NI Act 138 legal notice issued for persistent loan default.
COL11177,APP11563,Prudence Resolution Services,2024-10-08,31092.83,Promise to Pay,Field Visit,2024-10-26,,Pending,5,2024-10-04,Borrower promised to pay ₹31092.83 by 2024-10-26.
COL11178,APP12254,Anita Roy (Internal),2025-10-21,95169.63,Repossession Pending,Legal Notice,,,Pending,7,2025-10-13,Asset recovery team assigned for asset repossession proceedings.
COL11179,APP11470,Priya Deshmukh (Internal),2025-03-15,56355.37,Promise to Pay,Legal Notice,2025-03-27,,Pending,7,2025-03-14,Borrower promised to pay ₹56355.37 by 2025-03-27.
COL11180,APP11026,Priya Deshmukh (Internal),2025-03-06,32296.18,Unreachable,Digital Reminder,,,Pending,6,2025-02-25,Borrower unreachable on registered phone number. Escalated to field team.
COL11181,APP12198,Meenakshi Sundaram (Legal Agent),2024-08-05,130232.04,Unreachable,Digital Reminder,,,Pending,8,2024-08-03,Borrower unreachable on registered phone number. Escalated to field team.
COL11182,APP10319,Suresh Kumar (Field Specialist),2025-11-26,97299.53,Legal Action Initiated,Legal Notice,,,Rejected,6,2025-11-20,Section 25 / NI Act 138 legal notice issued for persistent loan default.
COL11183,APP11631,Anita Roy (Internal),2025-02-07,152072.83,Settled,Field Visit,2025-01-23,111041.68,Partial Settlement,2,2025-02-04,Loan settled at ₹111041.68 under Partial Settlement arrangement.
COL11184,APP10535,Anita Roy (Internal),2025-01-05,40941.61,Settled,Tele-calling,2024-12-26,32613.03,Full Settlement,8,2024-12-27,Loan settled at ₹32613.03 under Full Settlement arrangement.
COL11185,APP11409,Apex Recovery Agency,2025-03-12,34513.39,Promise to Pay,WhatsApp Bot,2025-03-17,,Pending,12,2025-03-03,Borrower promised to pay ₹34513.39 by 2025-03-17.
COL11186,APP11148,Vanguard Legal & Recovery Services,2025-10-19,155249.31,Settled,Legal Notice,2025-10-10,99629.79,Partial Settlement,8,2025-10-19,Loan settled at ₹99629.79 under Partial Settlement arrangement.
COL11187,APP10975,Vikramaditya Singh (Internal),2024-06-22,15440.79,Settled,WhatsApp Bot,2024-06-07,14603.65,Waived Off,5,2024-06-22,Loan settled at ₹14603.65 under Waived Off arrangement.
COL11188,APP10345,Apex Recovery Agency,2025-11-23,16882.26,Unreachable,Field Visit,,,Pending,1,2025-11-18,Borrower unreachable on registered phone number. Escalated to field team.
COL11189,APP10428,Anita Roy (Internal),2025-04-05,139603.14,Contacted,Digital Reminder,,,Pending,5,2025-03-31,Customer contacted via Digital Reminder. Payment request sent.
COL11190,APP10923,Vanguard Legal & Recovery Services,2024-07-19,21395.81,Legal Action Initiated,Tele-calling,,,Rejected,7,2024-07-15,Section 25 / NI Act 138 legal notice issued for persistent loan default.
COL11191,APP10812,Zenith Financial Recovery,2025-01-16,305726.37,Settled,Tele-calling,2025-01-09,289748.84,Full Settlement,1,2025-01-16,Loan settled at ₹289748.84 under Full Settlement arrangement.
COL11192,APP12994,Priya Deshmukh (Internal),2025-06-13,27965.86,Contacted,Field Visit,,,Pending,9,2025-06-13,Customer contacted via Field Visit. Payment request sent.
COL11193,APP10303,Apex Recovery Agency,2025-02-26,28994.06,Contacted,Tele-calling,,,Pending,6,2025-02-17,Customer contacted via Tele-calling. Payment request sent.
COL11194,APP11817,Apex Recovery Agency,2025-04-23,21342.29,Promise to Pay,Field Visit,2025-05-09,,Pending,3,2025-04-14,Borrower promised to pay ₹21342.29 by 2025-05-09.
COL11195,APP12370,Anita Roy (Internal),2025-10-15,15660.32,Legal Action Initiated,WhatsApp Bot,,,Rejected,5,2025-10-10,Section 25 / NI Act 138 legal notice issued for persistent loan default.
COL11196,APP11486,Priya Deshmukh (Internal),2025-05-28,166365.14,Settled,Tele-calling,2025-05-13,142632.14,Waived Off,9,2025-05-25,Loan settled at ₹142632.14 under Waived Off arrangement.
COL11197,APP10652,Anita Roy (Internal),2025-01-08,13595.92,Unreachable,Tele-calling,,,Pending,8,2025-01-02,Borrower unreachable on registered phone number. Escalated to field team.
COL11198,APP12072,Zenith Financial Recovery,2025-11-23,19517.73,Settled,Tele-calling,2025-11-14,14812.16,Waived Off,9,2025-11-18,Loan settled at ₹14812.16 under Waived Off arrangement.
COL11199,APP12242,Suresh Kumar (Field Specialist),2025-09-07,6885.11,Promise to Pay,Tele-calling,2025-09-16,,Pending,10,2025-08-30,Borrower promised to pay ₹6885.11 by 2025-09-16.
COL11200,APP11470,Priya Deshmukh (Internal),2026-01-13,77760.22,Settled,Tele-calling,2026-01-06,70502.76,Partial Settlement,11,2026-01-12,Loan settled at ₹70502.76 under Partial Settlement arrangement.
COL11201,APP10629,Priya Deshmukh (Internal),2025-11-26,15840.74,Unreachable,Tele-calling,,,Pending,8,2025-11-21,Borrower unreachable on registered phone number. Escalated to field team.
COL11202,APP10536,Anita Roy (Internal),2025-07-12,72511.31,Contacted,WhatsApp Bot,,,Pending,9,2025-07-06,Customer contacted via WhatsApp Bot. Payment request sent.
COL11203,APP10706,Prudence Resolution Services,2025-06-27,49538.01,Unreachable,Tele-calling,,,Pending,12,2025-06-21,Borrower unreachable on registered phone number. Escalated to field team.
COL11204,APP12978,Apex Recovery Agency,2025-10-19,20453.88,Unreachable,Field Visit,,,Pending,9,2025-10-13,Borrower unreachable on registered phone number. Escalated to field team.
COL11205,APP11762,Rajesh Sharma (Internal),2024-07-07,117584.81,Contacted,Field Visit,,,Pending,10,2024-07-03,Customer contacted via Field Visit. Payment request sent.
COL11206,APP12166,Anita Roy (Internal),2025-07-20,18424.19,Contacted,WhatsApp Bot,,,Pending,7,2025-07-14,Customer contacted via WhatsApp Bot. Payment request sent.
COL11207,APP11930,Priya Deshmukh (Internal),2025-05-22,60363.5,Unreachable,Legal Notice,,,Pending,11,2025-05-18,Borrower unreachable on registered phone number. Escalated to field team.
COL11208,APP10943,Rajesh Sharma (Internal),2025-10-02,109564.79,Promise to Pay,Tele-calling,2025-10-12,,Pending,12,2025-09-28,Borrower promised to pay ₹109564.79 by 2025-10-12.
COL11209,APP12377,Prudence Resolution Services,2024-10-24,74386.47,Promise to Pay,Tele-calling,2024-11-11,,Pending,1,2024-10-14,Borrower promised to pay ₹74386.47 by 2024-11-11.
COL11210,APP12187,Prudence Resolution Services,2024-11-22,28025.14,Promise to Pay,Tele-calling,2024-12-06,,Pending,11,2024-11-22,Borrower promised to pay ₹28025.14 by 2024-12-06.
COL11211,APP11960,Meenakshi Sundaram (Legal Agent),2024-07-17,40749.19,Unreachable,Tele-calling,,,Pending,1,2024-07-08,Borrower unreachable on registered phone number. Escalated to field team.
COL11212,APP10487,Priya Deshmukh (Internal),2024-09-05,112182.18,Legal Action Initiated,WhatsApp Bot,,,Rejected,2,2024-09-01,Section 25 / NI Act 138 legal notice issued for persistent loan default.
COL11213,APP10307,Zenith Financial Recovery,2025-10-12,24507.34,Repossession Pending,Digital Reminder,,,Pending,5,2025-10-07,Asset recovery team assigned for asset repossession proceedings.
COL11214,APP10860,Rajesh Sharma (Internal),2025-10-09,74400.75,Settled,Legal Notice,2025-09-24,63603.37,Waived Off,2,2025-10-05,Loan settled at ₹63603.37 under Waived Off arrangement.
COL11215,APP10869,Vikramaditya Singh (Internal),2025-10-23,49898.18,Promise to Pay,Digital Reminder,2025-11-08,,Pending,1,2025-10-20,Borrower promised to pay ₹49898.18 by 2025-11-08.
COL11216,APP12750,Priya Deshmukh (Internal),2024-09-19,181010.75,Promise to Pay,Tele-calling,2024-10-09,,Pending,5,2024-09-09,Borrower promised to pay ₹181010.75 by 2024-10-09.
COL11217,APP11362,Suresh Kumar (Field Specialist),2025-05-06,57136.59,Settled,Field Visit,2025-04-25,40467.74,Partial Settlement,7,2025-04-27,Loan settled at ₹40467.74 under Partial Settlement arrangement.
COL11218,APP10685,Meenakshi Sundaram (Legal Agent),2025-08-18,10600.24,Repossession Pending,WhatsApp Bot,,,Pending,8,2025-08-09,Asset recovery team assigned for asset repossession proceedings.
COL11219,APP11858,Apex Recovery Agency,2025-09-21,9432.1,Contacted,Tele-calling,,,Pending,11,2025-09-19,Customer contacted via Tele-calling. Payment request sent.
COL11220,APP12378,Apex Recovery Agency,2025-03-23,127573.69,Legal Action Initiated,WhatsApp Bot,,,Rejected,2,2025-03-19,Section 25 / NI Act 138 legal notice issued for persistent loan default.
COL11221,APP10057,Zenith Financial Recovery,2024-07-25,28530.3,Promise to Pay,Tele-calling,2024-07-28,,Pending,8,2024-07-21,Borrower promised to pay ₹28530.3 by 2024-07-28.
COL11222,APP12592,Prudence Resolution Services,2025-03-18,6888.27,Contacted,Tele-calling,,,Pending,9,2025-03-08,Customer contacted via Tele-calling. Payment request sent.
COL11223,APP11177,Vikramaditya Singh (Internal),2024-12-19,321864.82,Repossession Pending,Tele-calling,,,Pending,7,2024-12-10,Asset recovery team assigned for asset repossession proceedings.
COL11224,APP11843,Apex Recovery Agency,2025-07-01,39920.12,Contacted,Field Visit,,,Pending,7,2025-06-25,Customer contacted via Field Visit. Payment request sent.
COL11225,APP10021,Apex Recovery Agency,2025-04-27,50629.09,Legal Action Initiated,Legal Notice,,,Rejected,10,2025-04-25,Section 25 / NI Act 138 legal notice issued for persistent loan default.
COL11226,APP12254,Apex Recovery Agency,2024-08-27,95469.6,Unreachable,Field Visit,,,Pending,5,2024-08-18,Borrower unreachable on registered phone number. Escalated to field team.
COL11227,APP12328,Suresh Kumar (Field Specialist),2024-09-07,118634.06,Unreachable,Field Visit,,,Pending,3,2024-08-30,Borrower unreachable on registered phone number. Escalated to field team.
COL11228,APP12042,Prudence Resolution Services,2025-08-12,19576.0,Repossession Pending,WhatsApp Bot,,,Pending,8,2025-08-06,Asset recovery team assigned for asset repossession proceedings.
COL11229,APP12705,Zenith Financial Recovery,2024-08-30,39400.88,Legal Action Initiated,Tele-calling,,,Rejected,3,2024-08-21,Section 25 / NI Act 138 legal notice issued for persistent loan default.
COL11230,APP10908,Priya Deshmukh (Internal),2026-01-01,54309.56,Legal Action Initiated,WhatsApp Bot,,,Rejected,5,2026-01-01,Section 25 / NI Act 138 legal notice issued for persistent loan default.
COL11231,APP10704,Vikramaditya Singh (Internal),2025-11-13,33111.2,Repossession Pending,Digital Reminder,,,Pending,8,2025-11-13,Asset recovery team assigned for asset repossession proceedings.
COL11232,APP11321,Rajesh Sharma (Internal),2025-03-25,12991.87,Repossession Pending,Legal Notice,,,Pending,10,2025-03-18,Asset recovery team assigned for asset repossession proceedings.
COL11233,APP10188,Rajesh Sharma (Internal),2024-07-25,9824.01,Repossession Pending,Tele-calling,,,Pending,12,2024-07-22,Asset recovery team assigned for asset repossession proceedings.
COL11234,APP11366,Vikramaditya Singh (Internal),2024-11-06,198475.1,Repossession Pending,WhatsApp Bot,,,Pending,5,2024-10-27,Asset recovery team assigned for asset repossession proceedings.
COL11235,APP10110,Rajesh Sharma (Internal),2024-06-01,64321.49,Legal Action Initiated,Digital Reminder,,,Rejected,3,2024-05-23,Section 25 / NI Act 138 legal notice issued for persistent loan default.
COL11236,APP11027,Suresh Kumar (Field Specialist),2025-10-31,16709.97,Promise to Pay,Tele-calling,2025-11-04,,Pending,8,2025-10-25,Borrower promised to pay ₹16709.97 by 2025-11-04.
COL11237,APP10381,Apex Recovery Agency,2025-12-12,71916.69,Unreachable,Digital Reminder,,,Pending,5,2025-12-03,Borrower unreachable on registered phone number. Escalated to field team.
COL11238,APP11728,Meenakshi Sundaram (Legal Agent),2024-10-24,7443.44,Unreachable,Tele-calling,,,Pending,12,2024-10-14,Borrower unreachable on registered phone number. Escalated to field team.
COL11239,APP10985,Vikramaditya Singh (Internal),2025-10-05,98141.27,Repossession Pending,WhatsApp Bot,,,Pending,5,2025-10-01,Asset recovery team assigned for asset repossession proceedings.
COL11240,APP10811,Meenakshi Sundaram (Legal Agent),2024-09-18,12460.74,Settled,Digital Reminder,2024-09-07,7598.43,Full Settlement,8,2024-09-12,Loan settled at ₹7598.43 under Full Settlement arrangement.
COL11241,APP10659,Anita Roy (Internal),2025-08-30,80525.59,Unreachable,WhatsApp Bot,,,Pending,1,2025-08-25,Borrower unreachable on registered phone number. Escalated to field team.
COL11242,APP10113,Zenith Financial Recovery,2025-10-26,13428.85,Settled,Digital Reminder,2025-10-16,10525.12,Waived Off,9,2025-10-23,Loan settled at ₹10525.12 under Waived Off arrangement.
COL11243,APP12730,Anita Roy (Internal),2025-12-29,13343.05,Repossession Pending,Field Visit,,,Pending,6,2025-12-22,Asset recovery team assigned for asset repossession proceedings.
COL11244,APP10054,Apex Recovery Agency,2025-10-09,9959.02,Unreachable,Legal Notice,,,Pending,7,2025-10-02,Borrower unreachable on registered phone number. Escalated to field team.
COL11245,APP11937,Meenakshi Sundaram (Legal Agent),2025-04-28,117710.21,Repossession Pending,WhatsApp Bot,,,Pending,10,2025-04-19,Asset recovery team assigned for asset repossession proceedings.
COL11246,APP11769,Meenakshi Sundaram (Legal Agent),2024-11-10,21614.39,Unreachable,WhatsApp Bot,,,Pending,4,2024-11-09,Borrower unreachable on registered phone number. Escalated to field team.
COL11247,APP11219,Zenith Financial Recovery,2025-01-29,57477.63,Settled,Digital Reminder,2025-01-18,53042.17,Partial Settlement,2,2025-01-27,Loan settled at ₹53042.17 under Partial Settlement arrangement.
COL11248,APP12489,Meenakshi Sundaram (Legal Agent),2025-08-27,10599.53,Contacted,Legal Notice,,,Pending,6,2025-08-18,Customer contacted via Legal Notice. Payment request sent.
COL11249,APP11563,Vikramaditya Singh (Internal),2026-01-09,70664.0,Contacted,Legal Notice,,,Pending,9,2026-01-06,Customer contacted via Legal Notice. Payment request sent.
COL11250,APP12996,Apex Recovery Agency,2024-11-13,15581.24,Unreachable,Digital Reminder,,,Pending,7,2024-11-05,Borrower unreachable on registered phone number. Escalated to field team.
COL11251,APP11467,Anita Roy (Internal),2024-12-26,139316.97,Contacted,WhatsApp Bot,,,Pending,1,2024-12-24,Customer contacted via WhatsApp Bot. Payment request sent.
COL11252,APP12437,Prudence Resolution Services,2024-12-07,33173.16,Legal Action Initiated,Digital Reminder,,,Rejected,11,2024-11-27,Section 25 / NI Act 138 legal notice issued for persistent loan default.
COL11253,APP11730,Zenith Financial Recovery,2025-05-27,60637.49,Promise to Pay,Field Visit,2025-06-16,,Pending,6,2025-05-18,Borrower promised to pay ₹60637.49 by 2025-06-16.
COL11254,APP10692,Anita Roy (Internal),2026-01-04,19531.74,Unreachable,Digital Reminder,,,Pending,2,2026-01-02,Borrower unreachable on registered phone number. Escalated to field team.
COL11255,APP11916,Apex Recovery Agency,2025-12-06,272740.73,Contacted,Tele-calling,,,Pending,6,2025-12-06,Customer contacted via Tele-calling. Payment request sent.
COL11256,APP11676,Apex Recovery Agency,2024-11-09,130391.26,Unreachable,Legal Notice,,,Pending,5,2024-11-08,Borrower unreachable on registered phone number. Escalated to field team.
COL11257,APP10863,Meenakshi Sundaram (Legal Agent),2025-07-14,102460.39,Legal Action Initiated,Field Visit,,,Rejected,10,2025-07-14,Section 25 / NI Act 138 legal notice issued for persistent loan default.
COL11258,APP11567,Anita Roy (Internal),2024-07-01,151766.16,Unreachable,WhatsApp Bot,,,Pending,1,2024-06-26,Borrower unreachable on registered phone number. Escalated to field team.
COL11259,APP11148,Apex Recovery Agency,2024-12-27,345179.93,Settled,Field Visit,2024-12-12,235573.57,Full Settlement,9,2024-12-22,Loan settled at ₹235573.57 under Full Settlement arrangement.
COL11260,APP12288,Meenakshi Sundaram (Legal Agent),2025-05-21,107137.05,Repossession Pending,WhatsApp Bot,,,Pending,2,2025-05-15,Asset recovery team assigned for asset repossession proceedings.
COL11261,APP11843,Suresh Kumar (Field Specialist),2024-07-07,29918.89,Promise to Pay,Digital Reminder,2024-07-17,,Pending,8,2024-06-29,Borrower promised to pay ₹29918.89 by 2024-07-17.
COL11262,APP10824,Vanguard Legal & Recovery Services,2025-01-20,48336.61,Settled,Digital Reminder,2025-01-15,38039.22,Full Settlement,1,2025-01-20,Loan settled at ₹38039.22 under Full Settlement arrangement.
COL11263,APP12865,Rajesh Sharma (Internal),2024-10-07,23696.49,Unreachable,WhatsApp Bot,,,Pending,7,2024-10-01,Borrower unreachable on registered phone number. Escalated to field team.
COL11264,APP12303,Vikramaditya Singh (Internal),2025-06-12,11777.78,Unreachable,Tele-calling,,,Pending,6,2025-06-09,Borrower unreachable on registered phone number. Escalated to field team.
COL11265,APP10206,Vanguard Legal & Recovery Services,2025-01-19,38763.64,Promise to Pay,Tele-calling,2025-01-23,,Pending,7,2025-01-11,Borrower promised to pay ₹38763.64 by 2025-01-23.
COL11266,APP12259,Priya Deshmukh (Internal),2025-03-17,29932.68,Contacted,Tele-calling,,,Pending,1,2025-03-12,Customer contacted via Tele-calling. Payment request sent.
COL11267,APP10982,Meenakshi Sundaram (Legal Agent),2024-10-04,94311.93,Settled,Field Visit,2024-09-28,87561.98,Partial Settlement,11,2024-10-03,Loan settled at ₹87561.98 under Partial Settlement arrangement.
COL11268,APP10652,Zenith Financial Recovery,2025-06-11,25992.12,Promise to Pay,Legal Notice,2025-06-21,,Pending,9,2025-06-07,Borrower promised to pay ₹25992.12 by 2025-06-21.
COL11269,APP11132,Apex Recovery Agency,2025-05-21,11285.23,Repossession Pending,Legal Notice,,,Pending,7,2025-05-12,Asset recovery team assigned for asset repossession proceedings.
COL11270,APP11347,Apex Recovery Agency,2025-11-16,42247.75,Promise to Pay,Tele-calling,2025-12-06,,Pending,4,2025-11-12,Borrower promised to pay ₹42247.75 by 2025-12-06.
COL11271,APP10633,Anita Roy (Internal),2025-01-27,8611.75,Repossession Pending,Legal Notice,,,Pending,12,2025-01-20,Asset recovery team assigned for asset repossession proceedings.
COL11272,APP11318,Anita Roy (Internal),2026-01-24,53127.11,Unreachable,Tele-calling,,,Pending,7,2026-01-20,Borrower unreachable on registered phone number. Escalated to field team.
COL11273,APP11321,Rajesh Sharma (Internal),2025-06-27,18490.15,Legal Action Initiated,Legal Notice,,,Rejected,7,2025-06-20,Section 25 / NI Act 138 legal notice issued for persistent loan default.
COL11274,APP10161,Priya Deshmukh (Internal),2024-07-24,7128.57,Unreachable,Field Visit,,,Pending,11,2024-07-20,Borrower unreachable on registered phone number. Escalated to field team.
COL11275,APP11005,Suresh Kumar (Field Specialist),2025-05-11,126449.51,Contacted,Legal Notice,,,Pending,5,2025-05-02,Customer contacted via Legal Notice. Payment request sent.
COL11276,APP10769,Rajesh Sharma (Internal),2025-08-12,24406.07,Repossession Pending,Legal Notice,,,Pending,12,2025-08-12,Asset recovery team assigned for asset repossession proceedings.
COL11277,APP11762,Suresh Kumar (Field Specialist),2025-11-30,261041.81,Repossession Pending,Digital Reminder,,,Pending,8,2025-11-24,Asset recovery team assigned for asset repossession proceedings.
COL11278,APP10033,Apex Recovery Agency,2025-01-30,70850.23,Unreachable,Field Visit,,,Pending,3,2025-01-30,Borrower unreachable on registered phone number. Escalated to field team.
COL11279,APP12116,Apex Recovery Agency,2026-01-06,35909.71,Promise to Pay,Tele-calling,2026-01-17,,Pending,7,2026-01-06,Borrower promised to pay ₹35909.71 by 2026-01-17.
COL11280,APP11613,Apex Recovery Agency,2024-10-06,33958.41,Repossession Pending,Legal Notice,,,Pending,5,2024-09-27,Asset recovery team assigned for asset repossession proceedings.
COL11281,APP11156,Apex Recovery Agency,2025-09-21,22260.71,Unreachable,Field Visit,,,Pending,1,2025-09-16,Borrower unreachable on registered phone number. Escalated to field team.
COL11282,APP12506,Suresh Kumar (Field Specialist),2025-03-11,38409.18,Unreachable,Field Visit,,,Pending,10,2025-03-03,Borrower unreachable on registered phone number. Escalated to field team.
COL11283,APP10535,Anita Roy (Internal),2025-02-21,25125.48,Promise to Pay,Digital Reminder,2025-03-03,,Pending,8,2025-02-19,Borrower promised to pay ₹25125.48 by 2025-03-03.
COL11284,APP12231,Vikramaditya Singh (Internal),2024-07-10,101288.75,Repossession Pending,WhatsApp Bot,,,Pending,3,2024-06-30,Asset recovery team assigned for asset repossession proceedings.
COL11285,APP12274,Zenith Financial Recovery,2024-08-02,34931.57,Settled,WhatsApp Bot,2024-07-24,29252.95,Full Settlement,12,2024-07-29,Loan settled at ₹29252.95 under Full Settlement arrangement.
COL11286,APP12850,Suresh Kumar (Field Specialist),2025-11-02,16385.25,Legal Action Initiated,Tele-calling,,,Rejected,8,2025-11-01,Section 25 / NI Act 138 legal notice issued for persistent loan default.
COL11287,APP11825,Anita Roy (Internal),2025-07-31,54131.15,Promise to Pay,Field Visit,2025-08-16,,Pending,2,2025-07-21,Borrower promised to pay ₹54131.15 by 2025-08-16.
COL11288,APP11971,Vikramaditya Singh (Internal),2025-07-23,78824.8,Settled,Tele-calling,2025-07-11,64452.73,Partial Settlement,11,2025-07-18,Loan settled at ₹64452.73 under Partial Settlement arrangement.
COL11289,APP11077,Prudence Resolution Services,2024-06-27,318426.01,Settled,Tele-calling,2024-06-19,247983.38,Partial Settlement,2,2024-06-18,Loan settled at ₹247983.38 under Partial Settlement arrangement.
COL11290,APP10706,Meenakshi Sundaram (Legal Agent),2024-11-01,58664.53,Promise to Pay,Legal Notice,2024-11-06,,Pending,7,2024-10-22,Borrower promised to pay ₹58664.53 by 2024-11-06.
COL11291,APP12431,Priya Deshmukh (Internal),2025-08-03,40160.87,Legal Action Initiated,WhatsApp Bot,,,Rejected,9,2025-08-02,Section 25 / NI Act 138 legal notice issued for persistent loan default.
COL11292,APP10817,Rajesh Sharma (Internal),2025-04-21,143631.41,Unreachable,WhatsApp Bot,,,Pending,5,2025-04-18,Borrower unreachable on registered phone number. Escalated to field team.
COL11293,APP12537,Priya Deshmukh (Internal),2025-01-23,108597.8,Promise to Pay,Legal Notice,2025-01-29,,Pending,8,2025-01-18,Borrower promised to pay ₹108597.8 by 2025-01-29.
COL11294,APP11873,Zenith Financial Recovery,2024-08-18,15811.41,Settled,Digital Reminder,2024-08-06,10761.6,Waived Off,6,2024-08-08,Loan settled at ₹10761.6 under Waived Off arrangement.
COL11295,APP11576,Priya Deshmukh (Internal),2025-07-23,231884.91,Promise to Pay,WhatsApp Bot,2025-07-30,,Pending,11,2025-07-14,Borrower promised to pay ₹231884.91 by 2025-07-30.
COL11296,APP12208,Apex Recovery Agency,2025-10-31,20690.39,Settled,Legal Notice,2025-10-19,18797.31,Waived Off,3,2025-10-22,Loan settled at ₹18797.31 under Waived Off arrangement.
COL11297,APP10323,Vikramaditya Singh (Internal),2025-12-20,82307.71,Contacted,Digital Reminder,,,Pending,12,2025-12-13,Customer contacted via Digital Reminder. Payment request sent.
COL11298,APP10615,Vikramaditya Singh (Internal),2024-08-14,30515.03,Unreachable,Tele-calling,,,Pending,3,2024-08-06,Borrower unreachable on registered phone number. Escalated to field team.
COL11299,APP10064,Vanguard Legal & Recovery Services,2025-02-03,8058.86,Settled,Digital Reminder,2025-01-28,7366.6,Partial Settlement,12,2025-01-30,Loan settled at ₹7366.6 under Partial Settlement arrangement.
COL11300,APP10711,Meenakshi Sundaram (Legal Agent),2024-08-15,56821.45,Legal Action Initiated,WhatsApp Bot,,,Rejected,12,2024-08-10,Section 25 / NI Act 138 legal notice issued for persistent loan default.
COL11301,APP12566,Vanguard Legal & Recovery Services,2025-10-02,162859.97,Repossession Pending,Digital Reminder,,,Pending,12,2025-09-30,Asset recovery team assigned for asset repossession proceedings.
COL11302,APP10494,Meenakshi Sundaram (Legal Agent),2026-01-29,86545.63,Contacted,WhatsApp Bot,,,Pending,6,2026-01-19,Customer contacted via WhatsApp Bot. Payment request sent.
COL11303,APP10712,Vanguard Legal & Recovery Services,2025-03-14,23237.85,Unreachable,Legal Notice,,,Pending,2,2025-03-11,Borrower unreachable on registered phone number. Escalated to field team.
COL11304,APP10907,Zenith Financial Recovery,2026-01-15,84432.87,Contacted,Legal Notice,,,Pending,9,2026-01-09,Customer contacted via Legal Notice. Payment request sent.
COL11305,APP12655,Prudence Resolution Services,2024-07-13,287363.34,Settled,Digital Reminder,2024-07-02,200404.23,Waived Off,12,2024-07-10,Loan settled at ₹200404.23 under Waived Off arrangement.
COL11306,APP10535,Anita Roy (Internal),2025-10-12,20700.75,Settled,Legal Notice,2025-10-05,19225.24,Partial Settlement,8,2025-10-09,Loan settled at ₹19225.24 under Partial Settlement arrangement.
COL11307,APP10671,Meenakshi Sundaram (Legal Agent),2024-12-29,54418.03,Promise to Pay,Tele-calling,2025-01-06,,Pending,9,2024-12-21,Borrower promised to pay ₹54418.03 by 2025-01-06.
COL11308,APP12343,Meenakshi Sundaram (Legal Agent),2025-10-14,13395.39,Legal Action Initiated,Tele-calling,,,Rejected,1,2025-10-09,Section 25 / NI Act 138 legal notice issued for persistent loan default.
COL11309,APP12834,Apex Recovery Agency,2025-09-08,22145.41,Unreachable,WhatsApp Bot,,,Pending,5,2025-09-07,Borrower unreachable on registered phone number. Escalated to field team.
COL11310,APP10693,Zenith Financial Recovery,2025-03-13,17655.61,Unreachable,Digital Reminder,,,Pending,12,2025-03-03,Borrower unreachable on registered phone number. Escalated to field team.
COL11311,APP11328,Prudence Resolution Services,2025-05-01,98122.26,Repossession Pending,Tele-calling,,,Pending,3,2025-04-23,Asset recovery team assigned for asset repossession proceedings.
COL11312,APP11371,Apex Recovery Agency,2024-08-15,23743.26,Repossession Pending,Digital Reminder,,,Pending,12,2024-08-10,Asset recovery team assigned for asset repossession proceedings.
COL11313,APP11372,Vanguard Legal & Recovery Services,2025-12-24,123020.18,Repossession Pending,Tele-calling,,,Pending,11,2025-12-14,Asset recovery team assigned for asset repossession proceedings.
COL11314,APP11561,Rajesh Sharma (Internal),2025-01-12,35692.24,Promise to Pay,Field Visit,2025-01-23,,Pending,11,2025-01-09,Borrower promised to pay ₹35692.24 by 2025-01-23.
COL11315,APP12793,Vikramaditya Singh (Internal),2024-12-21,31472.37,Promise to Pay,Digital Reminder,2025-01-09,,Pending,11,2024-12-20,Borrower promised to pay ₹31472.37 by 2025-01-09.
COL11316,APP12130,Rajesh Sharma (Internal),2024-11-30,11936.83,Contacted,Digital Reminder,,,Pending,1,2024-11-24,Customer contacted via Digital Reminder. Payment request sent.
COL11317,APP11864,Meenakshi Sundaram (Legal Agent),2025-10-09,18477.87,Repossession Pending,Digital Reminder,,,Pending,9,2025-09-29,Asset recovery team assigned for asset repossession proceedings.
COL11318,APP11660,Apex Recovery Agency,2025-07-07,18470.45,Settled,Field Visit,2025-06-24,12992.04,Partial Settlement,10,2025-07-02,Loan settled at ₹12992.04 under Partial Settlement arrangement.
COL11319,APP11072,Anita Roy (Internal),2025-08-10,24476.46,Unreachable,Legal Notice,,,Pending,2,2025-08-08,Borrower unreachable on registered phone number. Escalated to field team.
COL11320,APP12969,Prudence Resolution Services,2025-10-09,25042.37,Settled,Tele-calling,2025-09-28,17083.93,Waived Off,8,2025-09-30,Loan settled at ₹17083.93 under Waived Off arrangement.
COL11321,APP10487,Apex Recovery Agency,2024-08-02,265033.09,Promise to Pay,WhatsApp Bot,2024-08-13,,Pending,9,2024-07-28,Borrower promised to pay ₹265033.09 by 2024-08-13.
COL11322,APP10616,Vanguard Legal & Recovery Services,2024-07-26,5924.58,Unreachable,Digital Reminder,,,Pending,5,2024-07-19,Borrower unreachable on registered phone number. Escalated to field team.
COL11323,APP11072,Prudence Resolution Services,2024-11-18,15138.79,Settled,Tele-calling,2024-11-03,14105.68,Full Settlement,9,2024-11-15,Loan settled at ₹14105.68 under Full Settlement arrangement.
COL11324,APP11480,Vikramaditya Singh (Internal),2025-06-24,15134.92,Legal Action Initiated,WhatsApp Bot,,,Rejected,2,2025-06-19,Section 25 / NI Act 138 legal notice issued for persistent loan default.
COL11325,APP10213,Suresh Kumar (Field Specialist),2025-12-01,31311.73,Repossession Pending,Tele-calling,,,Pending,4,2025-11-29,Asset recovery team assigned for asset repossession proceedings.
COL11326,APP12922,Vanguard Legal & Recovery Services,2025-05-06,72867.49,Settled,Field Visit,2025-04-23,50063.34,Waived Off,7,2025-05-03,Loan settled at ₹50063.34 under Waived Off arrangement.
COL11327,APP11330,Rajesh Sharma (Internal),2025-10-10,53327.68,Legal Action Initiated,Tele-calling,,,Rejected,1,2025-10-08,Section 25 / NI Act 138 legal notice issued for persistent loan default.
COL11328,APP11971,Apex Recovery Agency,2024-07-05,81446.35,Promise to Pay,Tele-calling,2024-07-20,,Pending,5,2024-07-04,Borrower promised to pay ₹81446.35 by 2024-07-20.
COL11329,APP12744,Vikramaditya Singh (Internal),2025-07-31,138648.91,Contacted,Legal Notice,,,Pending,1,2025-07-31,Customer contacted via Legal Notice. Payment request sent.
COL11330,APP10832,Meenakshi Sundaram (Legal Agent),2024-12-16,518801.34,Contacted,Field Visit,,,Pending,10,2024-12-12,Customer contacted via Field Visit. Payment request sent.
COL11331,APP12856,Vanguard Legal & Recovery Services,2024-12-25,11745.84,Repossession Pending,WhatsApp Bot,,,Pending,2,2024-12-21,Asset recovery team assigned for asset repossession proceedings.
COL11332,APP12984,Vanguard Legal & Recovery Services,2025-12-27,9095.17,Unreachable,Legal Notice,,,Pending,5,2025-12-20,Borrower unreachable on registered phone number. Escalated to field team.
COL11333,APP10344,Suresh Kumar (Field Specialist),2025-07-09,18511.99,Promise to Pay,WhatsApp Bot,2025-07-15,,Pending,6,2025-07-01,Borrower promised to pay ₹18511.99 by 2025-07-15.
COL11334,APP12438,Priya Deshmukh (Internal),2025-06-14,55300.91,Contacted,WhatsApp Bot,,,Pending,8,2025-06-05,Customer contacted via WhatsApp Bot. Payment request sent.
COL11335,APP11762,Apex Recovery Agency,2024-09-06,237789.63,Promise to Pay,Legal Notice,2024-09-15,,Pending,9,2024-09-04,Borrower promised to pay ₹237789.63 by 2024-09-15.
COL11336,APP12418,Meenakshi Sundaram (Legal Agent),2025-09-28,24790.59,Contacted,Field Visit,,,Pending,9,2025-09-19,Customer contacted via Field Visit. Payment request sent.
COL11337,APP12761,Rajesh Sharma (Internal),2024-11-02,20531.95,Settled,Digital Reminder,2024-10-19,15240.6,Waived Off,1,2024-10-28,Loan settled at ₹15240.6 under Waived Off arrangement.
COL11338,APP12755,Apex Recovery Agency,2025-04-17,49114.13,Legal Action Initiated,Field Visit,,,Rejected,11,2025-04-14,Section 25 / NI Act 138 legal notice issued for persistent loan default.
COL11339,APP10569,Zenith Financial Recovery,2024-08-23,44878.76,Legal Action Initiated,Digital Reminder,,,Rejected,2,2024-08-17,Section 25 / NI Act 138 legal notice issued for persistent loan default.
COL11340,APP12431,Vanguard Legal & Recovery Services,2024-11-18,16824.71,Contacted,Field Visit,,,Pending,4,2024-11-11,Customer contacted via Field Visit. Payment request sent.
COL11341,APP12429,Rajesh Sharma (Internal),2025-10-12,20301.21,Unreachable,Digital Reminder,,,Pending,3,2025-10-04,Borrower unreachable on registered phone number. Escalated to field team.
COL11342,APP11778,Vanguard Legal & Recovery Services,2025-03-05,67371.8,Settled,Tele-calling,2025-02-19,53717.8,Partial Settlement,9,2025-02-28,Loan settled at ₹53717.8 under Partial Settlement arrangement.
COL11343,APP11026,Vikramaditya Singh (Internal),2025-06-16,28142.4,Legal Action Initiated,Legal Notice,,,Rejected,9,2025-06-07,Section 25 / NI Act 138 legal notice issued for persistent loan default.
COL11344,APP12076,Zenith Financial Recovery,2024-10-17,312460.49,Promise to Pay,Digital Reminder,2024-11-04,,Pending,3,2024-10-09,Borrower promised to pay ₹312460.49 by 2024-11-04.
COL11345,APP10619,Prudence Resolution Services,2024-06-06,16614.17,Promise to Pay,Digital Reminder,2024-06-15,,Pending,5,2024-06-03,Borrower promised to pay ₹16614.17 by 2024-06-15.
COL11346,APP12854,Suresh Kumar (Field Specialist),2026-01-30,54749.18,Settled,Digital Reminder,2026-01-20,43564.18,Waived Off,3,2026-01-29,Loan settled at ₹43564.18 under Waived Off arrangement.
COL11347,APP11717,Prudence Resolution Services,2025-08-11,18792.23,Promise to Pay,Tele-calling,2025-08-25,,Pending,10,2025-08-07,Borrower promised to pay ₹18792.23 by 2025-08-25.
COL11348,APP10050,Apex Recovery Agency,2026-01-28,91832.03,Legal Action Initiated,WhatsApp Bot,,,Rejected,3,2026-01-27,Section 25 / NI Act 138 legal notice issued for persistent loan default.
COL11349,APP10769,Apex Recovery Agency,2025-11-17,18662.2,Settled,Field Visit,2025-11-06,14957.37,Partial Settlement,10,2025-11-07,Loan settled at ₹14957.37 under Partial Settlement arrangement.
COL11350,APP12692,Meenakshi Sundaram (Legal Agent),2025-01-08,39197.37,Promise to Pay,Digital Reminder,2025-01-15,,Pending,2,2024-12-30,Borrower promised to pay ₹39197.37 by 2025-01-15.
COL11351,APP10017,Vikramaditya Singh (Internal),2024-07-24,36039.03,Contacted,Digital Reminder,,,Pending,3,2024-07-16,Customer contacted via Digital Reminder. Payment request sent.
COL11352,APP11395,Vanguard Legal & Recovery Services,2025-02-02,23157.67,Settled,Digital Reminder,2025-01-22,19618.84,Partial Settlement,9,2025-01-27,Loan settled at ₹19618.84 under Partial Settlement arrangement.
COL11353,APP10006,Apex Recovery Agency,2025-01-06,21070.6,Settled,WhatsApp Bot,2024-12-28,13696.09,Waived Off,3,2024-12-27,Loan settled at ₹13696.09 under Waived Off arrangement.
COL11354,APP10242,Suresh Kumar (Field Specialist),2024-10-02,37263.85,Unreachable,Digital Reminder,,,Pending,9,2024-09-26,Borrower unreachable on registered phone number. Escalated to field team.
COL11355,APP10906,Vikramaditya Singh (Internal),2025-05-21,159350.94,Settled,Tele-calling,2025-05-13,126831.86,Waived Off,12,2025-05-15,Loan settled at ₹126831.86 under Waived Off arrangement.
COL11356,APP10117,Vanguard Legal & Recovery Services,2024-12-18,196670.5,Promise to Pay,Legal Notice,2025-01-06,,Pending,8,2024-12-13,Borrower promised to pay ₹196670.5 by 2025-01-06.
COL11357,APP10576,Rajesh Sharma (Internal),2025-02-15,48526.02,Settled,WhatsApp Bot,2025-02-01,29685.06,Partial Settlement,9,2025-02-15,Loan settled at ₹29685.06 under Partial Settlement arrangement.
COL11358,APP11208,Zenith Financial Recovery,2025-03-08,406146.44,Contacted,Digital Reminder,,,Pending,11,2025-03-08,Customer contacted via Digital Reminder. Payment request sent.
COL11359,APP11185,Zenith Financial Recovery,2025-12-11,14824.47,Repossession Pending,WhatsApp Bot,,,Pending,2,2025-12-11,Asset recovery team assigned for asset repossession proceedings.
COL11360,APP12338,Rajesh Sharma (Internal),2024-10-13,84399.99,Repossession Pending,WhatsApp Bot,,,Pending,2,2024-10-07,Asset recovery team assigned for asset repossession proceedings.
COL11361,APP11983,Rajesh Sharma (Internal),2025-12-10,49804.29,Repossession Pending,Digital Reminder,,,Pending,5,2025-12-07,Asset recovery team assigned for asset repossession proceedings.
COL11362,APP12284,Prudence Resolution Services,2025-06-11,54488.09,Repossession Pending,Legal Notice,,,Pending,9,2025-06-11,Asset recovery team assigned for asset repossession proceedings.
COL11363,APP10050,Vanguard Legal & Recovery Services,2024-10-30,52366.73,Contacted,Tele-calling,,,Pending,12,2024-10-26,Customer contacted via Tele-calling. Payment request sent.
COL11364,APP10066,Vikramaditya Singh (Internal),2025-10-31,63857.03,Contacted,Digital Reminder,,,Pending,7,2025-10-29,Customer contacted via Digital Reminder. Payment request sent.
COL11365,APP11578,Apex Recovery Agency,2026-01-03,7328.26,Legal Action Initiated,Legal Notice,,,Rejected,12,2026-01-02,Section 25 / NI Act 138 legal notice issued for persistent loan default.
COL11366,APP10108,Zenith Financial Recovery,2024-08-28,20439.68,Contacted,Tele-calling,,,Pending,3,2024-08-23,Customer contacted via Tele-calling. Payment request sent.
COL11367,APP10868,Vikramaditya Singh (Internal),2025-02-08,81213.28,Promise to Pay,Tele-calling,2025-02-17,,Pending,5,2025-01-29,Borrower promised to pay ₹81213.28 by 2025-02-17.
COL11368,APP11311,Apex Recovery Agency,2024-10-22,70710.0,Unreachable,Tele-calling,,,Pending,10,2024-10-17,Borrower unreachable on registered phone number. Escalated to field team.
COL11369,APP11487,Priya Deshmukh (Internal),2025-03-30,30784.77,Settled,Field Visit,2025-03-21,23749.22,Full Settlement,5,2025-03-23,Loan settled at ₹23749.22 under Full Settlement arrangement.
COL11370,APP11304,Prudence Resolution Services,2024-11-22,44540.98,Unreachable,WhatsApp Bot,,,Pending,1,2024-11-13,Borrower unreachable on registered phone number. Escalated to field team.
COL11371,APP11409,Vikramaditya Singh (Internal),2025-05-22,23697.7,Legal Action Initiated,WhatsApp Bot,,,Rejected,11,2025-05-12,Section 25 / NI Act 138 legal notice issued for persistent loan default.
COL11372,APP11034,Priya Deshmukh (Internal),2025-03-03,11875.14,Repossession Pending,Legal Notice,,,Pending,2,2025-02-23,Asset recovery team assigned for asset repossession proceedings.
COL11373,APP10633,Apex Recovery Agency,2025-11-12,6486.44,Unreachable,Field Visit,,,Pending,11,2025-11-02,Borrower unreachable on registered phone number. Escalated to field team.
COL11374,APP11904,Zenith Financial Recovery,2025-06-22,51083.03,Unreachable,Field Visit,,,Pending,11,2025-06-13,Borrower unreachable on registered phone number. Escalated to field team.
COL11375,APP10319,Prudence Resolution Services,2024-11-10,91599.99,Repossession Pending,Tele-calling,,,Pending,7,2024-11-03,Asset recovery team assigned for asset repossession proceedings.
COL11376,APP12511,Prudence Resolution Services,2025-09-22,55817.87,Promise to Pay,Tele-calling,2025-09-25,,Pending,9,2025-09-20,Borrower promised to pay ₹55817.87 by 2025-09-25.
COL11377,APP11728,Meenakshi Sundaram (Legal Agent),2025-07-14,14085.35,Legal Action Initiated,Digital Reminder,,,Rejected,8,2025-07-11,Section 25 / NI Act 138 legal notice issued for persistent loan default.
COL11378,APP12727,Prudence Resolution Services,2024-07-12,19595.94,Settled,WhatsApp Bot,2024-07-06,14678.59,Partial Settlement,4,2024-07-04,Loan settled at ₹14678.59 under Partial Settlement arrangement.
COL11379,APP11810,Meenakshi Sundaram (Legal Agent),2025-04-04,29722.62,Legal Action Initiated,Digital Reminder,,,Rejected,10,2025-03-27,Section 25 / NI Act 138 legal notice issued for persistent loan default.
COL11380,APP10563,Meenakshi Sundaram (Legal Agent),2024-07-26,50979.58,Promise to Pay,Field Visit,2024-08-02,,Pending,2,2024-07-22,Borrower promised to pay ₹50979.58 by 2024-08-02.
COL11381,APP10923,Zenith Financial Recovery,2024-12-23,16233.03,Promise to Pay,Digital Reminder,2025-01-04,,Pending,3,2024-12-19,Borrower promised to pay ₹16233.03 by 2025-01-04.
COL11382,APP10848,Vikramaditya Singh (Internal),2024-11-05,29168.27,Promise to Pay,Field Visit,2024-11-19,,Pending,11,2024-10-28,Borrower promised to pay ₹29168.27 by 2024-11-19.
COL11383,APP12437,Zenith Financial Recovery,2025-07-09,18165.95,Settled,Field Visit,2025-06-27,13292.06,Waived Off,12,2025-07-06,Loan settled at ₹13292.06 under Waived Off arrangement.
COL11384,APP11221,Priya Deshmukh (Internal),2024-10-15,31901.01,Unreachable,Tele-calling,,,Pending,7,2024-10-10,Borrower unreachable on registered phone number. Escalated to field team.
COL11385,APP11971,Vanguard Legal & Recovery Services,2026-01-22,72973.14,Unreachable,WhatsApp Bot,,,Pending,1,2026-01-19,Borrower unreachable on registered phone number. Escalated to field team.
COL11386,APP12020,Priya Deshmukh (Internal),2025-07-13,22944.98,Settled,Legal Notice,2025-07-05,17781.96,Full Settlement,2,2025-07-03,Loan settled at ₹17781.96 under Full Settlement arrangement.
COL11387,APP10161,Priya Deshmukh (Internal),2024-12-02,6071.02,Unreachable,Legal Notice,,,Pending,7,2024-11-30,Borrower unreachable on registered phone number. Escalated to field team.
COL11388,APP12708,Apex Recovery Agency,2025-08-06,107092.93,Repossession Pending,Digital Reminder,,,Pending,3,2025-08-04,Asset recovery team assigned for asset repossession proceedings.
COL11389,APP10124,Suresh Kumar (Field Specialist),2024-09-12,28212.02,Unreachable,Tele-calling,,,Pending,11,2024-09-06,Borrower unreachable on registered phone number. Escalated to field team.
COL11390,APP12215,Vikramaditya Singh (Internal),2025-09-09,39337.95,Promise to Pay,Legal Notice,2025-09-24,,Pending,1,2025-09-02,Borrower promised to pay ₹39337.95 by 2025-09-24.
COL11391,APP10917,Rajesh Sharma (Internal),2025-09-05,30652.18,Unreachable,Legal Notice,,,Pending,9,2025-08-31,Borrower unreachable on registered phone number. Escalated to field team.
COL11392,APP12774,Prudence Resolution Services,2025-08-09,24580.01,Settled,WhatsApp Bot,2025-07-25,16041.79,Full Settlement,9,2025-08-03,Loan settled at ₹16041.79 under Full Settlement arrangement.
COL11393,APP11979,Meenakshi Sundaram (Legal Agent),2025-09-09,51742.82,Promise to Pay,Legal Notice,2025-09-26,,Pending,7,2025-09-09,Borrower promised to pay ₹51742.82 by 2025-09-26.
COL11394,APP12492,Rajesh Sharma (Internal),2025-06-14,16507.03,Unreachable,Tele-calling,,,Pending,5,2025-06-08,Borrower unreachable on registered phone number. Escalated to field team.
COL11395,APP12255,Apex Recovery Agency,2025-08-02,27147.67,Legal Action Initiated,Tele-calling,,,Rejected,1,2025-07-26,Section 25 / NI Act 138 legal notice issued for persistent loan default.
COL11396,APP10886,Apex Recovery Agency,2025-11-27,13526.77,Legal Action Initiated,Tele-calling,,,Rejected,12,2025-11-21,Section 25 / NI Act 138 legal notice issued for persistent loan default.
COL11397,APP11967,Vikramaditya Singh (Internal),2025-10-19,22150.87,Legal Action Initiated,Tele-calling,,,Rejected,7,2025-10-15,Section 25 / NI Act 138 legal notice issued for persistent loan default.
COL11398,APP10442,Zenith Financial Recovery,2025-11-19,49893.07,Promise to Pay,WhatsApp Bot,2025-11-23,,Pending,10,2025-11-12,Borrower promised to pay ₹49893.07 by 2025-11-23.
COL11399,APP10322,Prudence Resolution Services,2024-09-12,10996.54,Contacted,Legal Notice,,,Pending,7,2024-09-04,Customer contacted via Legal Notice. Payment request sent.
COL11400,APP12987,Prudence Resolution Services,2025-02-19,13594.05,Unreachable,Legal Notice,,,Pending,12,2025-02-09,Borrower unreachable on registered phone number. Escalated to field team.
COL11401,APP10046,Vanguard Legal & Recovery Services,2025-11-09,33572.67,Promise to Pay,Tele-calling,2025-11-13,,Pending,9,2025-11-06,Borrower promised to pay ₹33572.67 by 2025-11-13.
COL11402,APP12237,Meenakshi Sundaram (Legal Agent),2024-12-08,15664.95,Promise to Pay,Digital Reminder,2024-12-12,,Pending,5,2024-11-30,Borrower promised to pay ₹15664.95 by 2024-12-12.
COL11403,APP11886,Vikramaditya Singh (Internal),2025-07-30,23657.43,Settled,Legal Notice,2025-07-21,18023.52,Partial Settlement,11,2025-07-28,Loan settled at ₹18023.52 under Partial Settlement arrangement.
COL11404,APP10957,Anita Roy (Internal),2024-08-05,60697.85,Promise to Pay,Field Visit,2024-08-22,,Pending,10,2024-08-01,Borrower promised to pay ₹60697.85 by 2024-08-22.
COL11405,APP12486,Meenakshi Sundaram (Legal Agent),2024-06-13,43970.26,Legal Action Initiated,Legal Notice,,,Rejected,6,2024-06-08,Section 25 / NI Act 138 legal notice issued for persistent loan default.
COL11406,APP11440,Prudence Resolution Services,2025-01-02,14363.44,Promise to Pay,Digital Reminder,2025-01-17,,Pending,9,2024-12-31,Borrower promised to pay ₹14363.44 by 2025-01-17.
COL11407,APP12477,Vanguard Legal & Recovery Services,2025-10-12,43891.32,Repossession Pending,Tele-calling,,,Pending,9,2025-10-07,Asset recovery team assigned for asset repossession proceedings.
COL11408,APP12693,Priya Deshmukh (Internal),2025-09-06,121383.97,Settled,WhatsApp Bot,2025-09-01,99377.29,Full Settlement,11,2025-08-30,Loan settled at ₹99377.29 under Full Settlement arrangement.
COL11409,APP12376,Meenakshi Sundaram (Legal Agent),2024-06-24,20492.23,Legal Action Initiated,Legal Notice,,,Rejected,5,2024-06-16,Section 25 / NI Act 138 legal notice issued for persistent loan default.
COL11410,APP11587,Priya Deshmukh (Internal),2024-10-05,54990.81,Legal Action Initiated,Digital Reminder,,,Rejected,2,2024-09-29,Section 25 / NI Act 138 legal notice issued for persistent loan default.
COL11411,APP11712,Priya Deshmukh (Internal),2025-07-16,27716.92,Legal Action Initiated,Tele-calling,,,Rejected,9,2025-07-10,Section 25 / NI Act 138 legal notice issued for persistent loan default.
COL11412,APP10998,Priya Deshmukh (Internal),2024-09-17,59172.88,Legal Action Initiated,Digital Reminder,,,Rejected,11,2024-09-07,Section 25 / NI Act 138 legal notice issued for persistent loan default.
COL11413,APP10616,Suresh Kumar (Field Specialist),2025-10-20,6916.01,Legal Action Initiated,WhatsApp Bot,,,Rejected,8,2025-10-16,Section 25 / NI Act 138 legal notice issued for persistent loan default.
COL11414,APP11362,Vikramaditya Singh (Internal),2025-05-09,30196.16,Unreachable,Field Visit,,,Pending,8,2025-04-29,Borrower unreachable on registered phone number. Escalated to field team.
COL11415,APP11146,Anita Roy (Internal),2025-07-26,70004.02,Legal Action Initiated,Digital Reminder,,,Rejected,4,2025-07-16,Section 25 / NI Act 138 legal notice issued for persistent loan default.
COL11416,APP11532,Meenakshi Sundaram (Legal Agent),2024-08-22,76270.83,Promise to Pay,Field Visit,2024-09-07,,Pending,10,2024-08-13,Borrower promised to pay ₹76270.83 by 2024-09-07.
COL11417,APP11394,Prudence Resolution Services,2024-09-02,23556.79,Promise to Pay,WhatsApp Bot,2024-09-17,,Pending,6,2024-09-02,Borrower promised to pay ₹23556.79 by 2024-09-17.
COL11418,APP10417,Suresh Kumar (Field Specialist),2025-02-01,55055.26,Promise to Pay,Field Visit,2025-02-10,,Pending,3,2025-01-25,Borrower promised to pay ₹55055.26 by 2025-02-10.
COL11419,APP10813,Vikramaditya Singh (Internal),2025-09-16,23189.97,Contacted,Legal Notice,,,Pending,8,2025-09-13,Customer contacted via Legal Notice. Payment request sent.
COL11420,APP12227,Priya Deshmukh (Internal),2025-05-06,18149.78,Unreachable,Field Visit,,,Pending,3,2025-05-03,Borrower unreachable on registered phone number. Escalated to field team.
COL11421,APP11550,Anita Roy (Internal),2025-11-15,16695.73,Repossession Pending,Tele-calling,,,Pending,8,2025-11-09,Asset recovery team assigned for asset repossession proceedings.
COL11422,APP12993,Vanguard Legal & Recovery Services,2025-11-29,29425.61,Repossession Pending,Legal Notice,,,Pending,12,2025-11-29,Asset recovery team assigned for asset repossession proceedings.
COL11423,APP12877,Zenith Financial Recovery,2024-07-11,75552.19,Settled,Tele-calling,2024-06-28,62509.65,Waived Off,6,2024-07-05,Loan settled at ₹62509.65 under Waived Off arrangement.
COL11424,APP11075,Anita Roy (Internal),2026-01-15,26942.0,Promise to Pay,Tele-calling,2026-01-29,,Pending,2,2026-01-13,Borrower promised to pay ₹26942.0 by 2026-01-29.
COL11425,APP11524,Prudence Resolution Services,2024-09-08,18600.4,Promise to Pay,Field Visit,2024-09-13,,Pending,6,2024-08-29,Borrower promised to pay ₹18600.4 by 2024-09-13.
COL11426,APP12675,Zenith Financial Recovery,2025-05-05,47164.91,Settled,Field Visit,2025-04-21,38111.6,Partial Settlement,8,2025-05-01,Loan settled at ₹38111.6 under Partial Settlement arrangement.
COL11427,APP10054,Vikramaditya Singh (Internal),2025-12-30,9279.16,Settled,WhatsApp Bot,2025-12-21,6081.62,Waived Off,6,2025-12-26,Loan settled at ₹6081.62 under Waived Off arrangement.
COL11428,APP11610,Zenith Financial Recovery,2024-10-10,33039.45,Repossession Pending,Digital Reminder,,,Pending,3,2024-10-01,Asset recovery team assigned for asset repossession proceedings.
COL11429,APP10078,Vanguard Legal & Recovery Services,2026-01-19,21991.38,Repossession Pending,Legal Notice,,,Pending,5,2026-01-17,Asset recovery team assigned for asset repossession proceedings.
COL11430,APP12638,Apex Recovery Agency,2025-11-12,225599.93,Repossession Pending,Legal Notice,,,Pending,7,2025-11-05,Asset recovery team assigned for asset repossession proceedings.
COL11431,APP12377,Prudence Resolution Services,2025-06-19,160254.4,Legal Action Initiated,Field Visit,,,Rejected,7,2025-06-12,Section 25 / NI Act 138 legal notice issued for persistent loan default.
COL11432,APP12934,Suresh Kumar (Field Specialist),2024-08-06,86289.43,Promise to Pay,Digital Reminder,2024-08-18,,Pending,6,2024-08-03,Borrower promised to pay ₹86289.43 by 2024-08-18.
COL11433,APP11307,Priya Deshmukh (Internal),2024-10-01,80195.9,Settled,Field Visit,2024-09-21,61010.04,Partial Settlement,11,2024-09-28,Loan settled at ₹61010.04 under Partial Settlement arrangement.
COL11434,APP12638,Suresh Kumar (Field Specialist),2025-07-14,146811.94,Repossession Pending,Field Visit,,,Pending,11,2025-07-13,Asset recovery team assigned for asset repossession proceedings.
COL11435,APP12311,Suresh Kumar (Field Specialist),2025-12-03,27920.06,Settled,Tele-calling,2025-11-21,21862.3,Waived Off,2,2025-12-03,Loan settled at ₹21862.3 under Waived Off arrangement.
COL11436,APP11752,Apex Recovery Agency,2025-01-20,48180.0,Repossession Pending,Field Visit,,,Pending,12,2025-01-13,Asset recovery team assigned for asset repossession proceedings.
COL11437,APP12421,Rajesh Sharma (Internal),2024-12-12,5627.68,Settled,WhatsApp Bot,2024-12-05,3972.95,Waived Off,12,2024-12-11,Loan settled at ₹3972.95 under Waived Off arrangement.
COL11438,APP10422,Priya Deshmukh (Internal),2024-09-09,67523.29,Legal Action Initiated,Field Visit,,,Rejected,9,2024-09-09,Section 25 / NI Act 138 legal notice issued for persistent loan default.
COL11439,APP12251,Anita Roy (Internal),2024-12-20,7584.7,Unreachable,Field Visit,,,Pending,2,2024-12-12,Borrower unreachable on registered phone number. Escalated to field team.
COL11440,APP12779,Meenakshi Sundaram (Legal Agent),2024-09-23,61977.44,Settled,Digital Reminder,2024-09-08,49961.76,Full Settlement,12,2024-09-16,Loan settled at ₹49961.76 under Full Settlement arrangement.
COL11441,APP11149,Rajesh Sharma (Internal),2024-11-28,19616.68,Unreachable,Legal Notice,,,Pending,6,2024-11-20,Borrower unreachable on registered phone number. Escalated to field team.
COL11442,APP11768,Suresh Kumar (Field Specialist),2025-02-10,40779.01,Repossession Pending,Legal Notice,,,Pending,6,2025-02-06,Asset recovery team assigned for asset repossession proceedings.
COL11443,APP11173,Suresh Kumar (Field Specialist),2024-12-04,49725.78,Repossession Pending,Legal Notice,,,Pending,8,2024-12-04,Asset recovery team assigned for asset repossession proceedings.
COL11444,APP12251,Suresh Kumar (Field Specialist),2025-08-17,8222.4,Unreachable,Digital Reminder,,,Pending,11,2025-08-13,Borrower unreachable on registered phone number. Escalated to field team.
COL11445,APP12314,Zenith Financial Recovery,2024-12-16,17311.21,Repossession Pending,Legal Notice,,,Pending,2,2024-12-13,Asset recovery team assigned for asset repossession proceedings.
COL11446,APP12909,Apex Recovery Agency,2024-09-14,102468.43,Settled,WhatsApp Bot,2024-08-31,81959.68,Full Settlement,11,2024-09-10,Loan settled at ₹81959.68 under Full Settlement arrangement.
COL11447,APP11666,Prudence Resolution Services,2024-11-09,19500.85,Promise to Pay,Field Visit,2024-11-17,,Pending,10,2024-10-30,Borrower promised to pay ₹19500.85 by 2024-11-17.
COL11448,APP10231,Suresh Kumar (Field Specialist),2025-03-03,40391.87,Repossession Pending,Digital Reminder,,,Pending,4,2025-02-27,Asset recovery team assigned for asset repossession proceedings.
COL11449,APP10116,Apex Recovery Agency,2025-04-19,54783.34,Promise to Pay,Legal Notice,2025-05-05,,Pending,8,2025-04-15,Borrower promised to pay ₹54783.34 by 2025-05-05.
COL11450,APP12088,Vanguard Legal & Recovery Services,2025-07-24,58339.78,Contacted,Digital Reminder,,,Pending,6,2025-07-14,Customer contacted via Digital Reminder. Payment request sent.
COL11451,APP10054,Zenith Financial Recovery,2025-02-18,22203.0,Contacted,Legal Notice,,,Pending,5,2025-02-13,Customer contacted via Legal Notice. Payment request sent.
COL11452,APP11250,Prudence Resolution Services,2024-12-22,6162.8,Unreachable,Digital Reminder,,,Pending,4,2024-12-13,Borrower unreachable on registered phone number. Escalated to field team.
COL11453,APP12384,Zenith Financial Recovery,2025-10-05,55621.52,Contacted,Legal Notice,,,Pending,12,2025-09-26,Customer contacted via Legal Notice. Payment request sent.
COL11454,APP12793,Rajesh Sharma (Internal),2025-02-11,38588.14,Repossession Pending,Digital Reminder,,,Pending,5,2025-02-02,Asset recovery team assigned for asset repossession proceedings.
COL11455,APP10165,Rajesh Sharma (Internal),2025-06-14,80050.88,Contacted,Tele-calling,,,Pending,8,2025-06-10,Customer contacted via Tele-calling. Payment request sent.
COL11456,APP10929,Zenith Financial Recovery,2025-07-29,33927.84,Repossession Pending,Field Visit,,,Pending,3,2025-07-27,Asset recovery team assigned for asset repossession proceedings.
COL11457,APP10515,Meenakshi Sundaram (Legal Agent),2026-01-08,13601.68,Legal Action Initiated,Field Visit,,,Rejected,9,2025-12-29,Section 25 / NI Act 138 legal notice issued for persistent loan default.
COL11458,APP12208,Suresh Kumar (Field Specialist),2024-08-09,43148.38,Settled,WhatsApp Bot,2024-07-30,37174.3,Partial Settlement,12,2024-08-04,Loan settled at ₹37174.3 under Partial Settlement arrangement.
COL11459,APP12498,Vikramaditya Singh (Internal),2024-12-21,17391.41,Unreachable,Legal Notice,,,Pending,11,2024-12-17,Borrower unreachable on registered phone number. Escalated to field team.
COL11460,APP12610,Meenakshi Sundaram (Legal Agent),2025-07-11,36192.08,Promise to Pay,Tele-calling,2025-07-30,,Pending,8,2025-07-11,Borrower promised to pay ₹36192.08 by 2025-07-30.
COL11461,APP11000,Suresh Kumar (Field Specialist),2025-10-30,75059.0,Contacted,Legal Notice,,,Pending,6,2025-10-22,Customer contacted via Legal Notice. Payment request sent.
COL11462,APP11800,Apex Recovery Agency,2025-12-31,52961.2,Settled,WhatsApp Bot,2025-12-25,34709.62,Waived Off,2,2025-12-23,Loan settled at ₹34709.62 under Waived Off arrangement.
COL11463,APP12464,Anita Roy (Internal),2024-08-14,43761.01,Unreachable,WhatsApp Bot,,,Pending,11,2024-08-08,Borrower unreachable on registered phone number. Escalated to field team.
COL11464,APP12692,Zenith Financial Recovery,2024-12-04,37181.63,Repossession Pending,Digital Reminder,,,Pending,11,2024-11-25,Asset recovery team assigned for asset repossession proceedings.
COL11465,APP10426,Zenith Financial Recovery,2024-06-22,58820.97,Repossession Pending,WhatsApp Bot,,,Pending,7,2024-06-13,Asset recovery team assigned for asset repossession proceedings.
COL11466,APP12134,Rajesh Sharma (Internal),2025-08-12,14346.66,Unreachable,WhatsApp Bot,,,Pending,3,2025-08-08,Borrower unreachable on registered phone number. Escalated to field team.
COL11467,APP10223,Meenakshi Sundaram (Legal Agent),2026-01-10,65870.78,Legal Action Initiated,Legal Notice,,,Rejected,6,2026-01-01,Section 25 / NI Act 138 legal notice issued for persistent loan default.
COL11468,APP11650,Priya Deshmukh (Internal),2025-11-29,28771.32,Promise to Pay,Field Visit,2025-12-06,,Pending,10,2025-11-29,Borrower promised to pay ₹28771.32 by 2025-12-06.
COL11469,APP11744,Prudence Resolution Services,2024-12-31,47208.82,Settled,Tele-calling,2024-12-24,44699.73,Partial Settlement,4,2024-12-27,Loan settled at ₹44699.73 under Partial Settlement arrangement.
COL11470,APP11316,Priya Deshmukh (Internal),2025-08-25,138435.94,Contacted,Legal Notice,,,Pending,2,2025-08-19,Customer contacted via Legal Notice. Payment request sent.
COL11471,APP12011,Zenith Financial Recovery,2024-12-21,48343.18,Unreachable,Field Visit,,,Pending,4,2024-12-15,Borrower unreachable on registered phone number. Escalated to field team.
COL11472,APP11404,Anita Roy (Internal),2024-10-03,114015.93,Legal Action Initiated,Field Visit,,,Rejected,3,2024-09-30,Section 25 / NI Act 138 legal notice issued for persistent loan default.
COL11473,APP10467,Zenith Financial Recovery,2024-12-13,22380.19,Settled,WhatsApp Bot,2024-11-30,17172.15,Partial Settlement,4,2024-12-12,Loan settled at ₹17172.15 under Partial Settlement arrangement.
COL11474,APP11539,Anita Roy (Internal),2025-07-15,55680.49,Contacted,Digital Reminder,,,Pending,2,2025-07-10,Customer contacted via Digital Reminder. Payment request sent.
COL11475,APP10637,Apex Recovery Agency,2025-01-21,269551.7,Unreachable,Tele-calling,,,Pending,12,2025-01-20,Borrower unreachable on registered phone number. Escalated to field team.
COL11476,APP12003,Zenith Financial Recovery,2024-07-17,53821.1,Settled,Tele-calling,2024-07-10,32467.36,Waived Off,3,2024-07-14,Loan settled at ₹32467.36 under Waived Off arrangement.
COL11477,APP10033,Vikramaditya Singh (Internal),2025-01-01,69147.04,Repossession Pending,Field Visit,,,Pending,12,2024-12-22,Asset recovery team assigned for asset repossession proceedings.
COL11478,APP12537,Prudence Resolution Services,2024-11-26,109694.74,Unreachable,WhatsApp Bot,,,Pending,9,2024-11-24,Borrower unreachable on registered phone number. Escalated to field team.
COL11479,APP12463,Prudence Resolution Services,2025-07-19,24704.85,Promise to Pay,Tele-calling,2025-07-30,,Pending,11,2025-07-14,Borrower promised to pay ₹24704.85 by 2025-07-30.
COL11480,APP11156,Rajesh Sharma (Internal),2024-10-26,11349.62,Settled,Tele-calling,2024-10-13,9838.71,Partial Settlement,7,2024-10-26,Loan settled at ₹9838.71 under Partial Settlement arrangement.
COL11481,APP12245,Vikramaditya Singh (Internal),2024-09-03,13065.07,Contacted,Field Visit,,,Pending,7,2024-09-02,Customer contacted via Field Visit. Payment request sent.
COL11482,APP11619,Zenith Financial Recovery,2024-10-16,54472.3,Unreachable,Digital Reminder,,,Pending,10,2024-10-06,Borrower unreachable on registered phone number. Escalated to field team.
COL11483,APP10664,Apex Recovery Agency,2025-04-27,126324.73,Unreachable,Digital Reminder,,,Pending,11,2025-04-19,Borrower unreachable on registered phone number. Escalated to field team.
COL11484,APP12100,Meenakshi Sundaram (Legal Agent),2026-01-06,18987.53,Unreachable,Tele-calling,,,Pending,4,2026-01-04,Borrower unreachable on registered phone number. Escalated to field team.
COL11485,APP12678,Suresh Kumar (Field Specialist),2024-09-06,63906.34,Promise to Pay,Field Visit,2024-09-18,,Pending,12,2024-08-31,Borrower promised to pay ₹63906.34 by 2024-09-18.
COL11486,APP11774,Priya Deshmukh (Internal),2025-05-03,13333.08,Settled,Field Visit,2025-04-18,10426.08,Waived Off,12,2025-04-26,Loan settled at ₹10426.08 under Waived Off arrangement.
COL11487,APP10187,Vikramaditya Singh (Internal),2024-07-06,24043.43,Unreachable,Legal Notice,,,Pending,12,2024-06-30,Borrower unreachable on registered phone number. Escalated to field team.
COL11488,APP12079,Priya Deshmukh (Internal),2025-01-30,11387.47,Contacted,Field Visit,,,Pending,3,2025-01-24,Customer contacted via Field Visit. Payment request sent.
COL11489,APP10813,Rajesh Sharma (Internal),2026-01-13,16193.55,Unreachable,WhatsApp Bot,,,Pending,7,2026-01-06,Borrower unreachable on registered phone number. Escalated to field team.
COL11490,APP12498,Zenith Financial Recovery,2025-03-14,25602.34,Settled,WhatsApp Bot,2025-03-04,24292.52,Partial Settlement,11,2025-03-06,Loan settled at ₹24292.52 under Partial Settlement arrangement.
COL11491,APP11904,Apex Recovery Agency,2024-09-07,60961.62,Unreachable,Legal Notice,,,Pending,11,2024-09-02,Borrower unreachable on registered phone number. Escalated to field team.
COL11492,APP10517,Apex Recovery Agency,2025-12-09,8395.93,Settled,Tele-calling,2025-12-01,7476.8,Partial Settlement,3,2025-12-08,Loan settled at ₹7476.8 under Partial Settlement arrangement.
COL11493,APP10467,Suresh Kumar (Field Specialist),2025-08-21,24719.72,Promise to Pay,Legal Notice,2025-09-09,,Pending,9,2025-08-20,Borrower promised to pay ₹24719.72 by 2025-09-09.
COL11494,APP12491,Vanguard Legal & Recovery Services,2024-06-18,10242.45,Promise to Pay,WhatsApp Bot,2024-07-07,,Pending,4,2024-06-13,Borrower promised to pay ₹10242.45 by 2024-07-07.
COL11495,APP12319,Meenakshi Sundaram (Legal Agent),2025-12-05,13024.65,Legal Action Initiated,WhatsApp Bot,,,Rejected,4,2025-11-27,Section 25 / NI Act 138 legal notice issued for persistent loan default.
COL11496,APP12376,Prudence Resolution Services,2025-01-18,25404.09,Contacted,Field Visit,,,Pending,12,2025-01-16,Customer contacted via Field Visit. Payment request sent.
COL11497,APP12717,Meenakshi Sundaram (Legal Agent),2025-07-16,58970.39,Promise to Pay,Digital Reminder,2025-08-04,,Pending,5,2025-07-10,Borrower promised to pay ₹58970.39 by 2025-08-04.
COL11498,APP11352,Zenith Financial Recovery,2024-06-01,10152.51,Settled,Digital Reminder,2024-05-19,7198.76,Waived Off,2,2024-05-28,Loan settled at ₹7198.76 under Waived Off arrangement.
COL11499,APP11074,Rajesh Sharma (Internal),2025-02-04,42686.25,Promise to Pay,Digital Reminder,2025-02-20,,Pending,7,2025-02-02,Borrower promised to pay ₹42686.25 by 2025-02-20.
COL11500,APP11627,Meenakshi Sundaram (Legal Agent),2025-03-10,147294.17,Promise to Pay,Field Visit,2025-03-16,,Pending,3,2025-03-04,Borrower promised to pay ₹147294.17 by 2025-03-16.
COL11501,APP12319,Priya Deshmukh (Internal),2024-06-12,30926.39,Promise to Pay,Digital Reminder,2024-07-01,,Pending,11,2024-06-11,Borrower promised to pay ₹30926.39 by 2024-07-01.
COL11502,APP11919,Suresh Kumar (Field Specialist),2025-08-23,107941.34,Repossession Pending,Tele-calling,,,Pending,5,2025-08-22,Asset recovery team assigned for asset repossession proceedings.
COL11503,APP11006,Meenakshi Sundaram (Legal Agent),2025-05-16,18747.82,Promise to Pay,Digital Reminder,2025-05-31,,Pending,5,2025-05-16,Borrower promised to pay ₹18747.82 by 2025-05-31.
COL11504,APP12477,Anita Roy (Internal),2025-10-12,34594.58,Unreachable,Digital Reminder,,,Pending,5,2025-10-09,Borrower unreachable on registered phone number. Escalated to field team.
COL11505,APP10928,Anita Roy (Internal),2025-06-07,36148.57,Repossession Pending,Tele-calling,,,Pending,4,2025-05-28,Asset recovery team assigned for asset repossession proceedings.
COL11506,APP10601,Vanguard Legal & Recovery Services,2025-03-14,541019.09,Contacted,Digital Reminder,,,Pending,12,2025-03-10,Customer contacted via Digital Reminder. Payment request sent.
COL11507,APP11101,Suresh Kumar (Field Specialist),2025-06-01,28303.71,Unreachable,Legal Notice,,,Pending,2,2025-06-01,Borrower unreachable on registered phone number. Escalated to field team.
COL11508,APP11930,Zenith Financial Recovery,2025-02-28,89591.18,Legal Action Initiated,Field Visit,,,Rejected,2,2025-02-21,Section 25 / NI Act 138 legal notice issued for persistent loan default.
COL11509,APP11177,Meenakshi Sundaram (Legal Agent),2025-06-27,490769.27,Unreachable,WhatsApp Bot,,,Pending,1,2025-06-18,Borrower unreachable on registered phone number. Escalated to field team.
COL11510,APP12198,Meenakshi Sundaram (Legal Agent),2025-01-31,107455.57,Legal Action Initiated,Tele-calling,,,Rejected,6,2025-01-22,Section 25 / NI Act 138 legal notice issued for persistent loan default.
COL11511,APP11148,Vanguard Legal & Recovery Services,2025-09-15,279615.22,Settled,Tele-calling,2025-09-10,247349.37,Partial Settlement,10,2025-09-07,Loan settled at ₹247349.37 under Partial Settlement arrangement.
COL11512,APP11423,Rajesh Sharma (Internal),2025-05-03,59327.6,Legal Action Initiated,Field Visit,,,Rejected,2,2025-04-29,Section 25 / NI Act 138 legal notice issued for persistent loan default.
COL11513,APP10430,Rajesh Sharma (Internal),2025-05-27,45043.75,Settled,Digital Reminder,2025-05-15,32142.29,Full Settlement,4,2025-05-23,Loan settled at ₹32142.29 under Full Settlement arrangement.
COL11514,APP11864,Vikramaditya Singh (Internal),2025-04-26,21591.7,Legal Action Initiated,Field Visit,,,Rejected,12,2025-04-20,Section 25 / NI Act 138 legal notice issued for persistent loan default.
COL11515,APP10906,Vikramaditya Singh (Internal),2025-01-20,91730.16,Contacted,Digital Reminder,,,Pending,6,2025-01-16,Customer contacted via Digital Reminder. Payment request sent.
COL11516,APP11930,Anita Roy (Internal),2025-06-27,102672.8,Settled,Digital Reminder,2025-06-15,73713.98,Partial Settlement,4,2025-06-23,Loan settled at ₹73713.98 under Partial Settlement arrangement.
COL11517,APP11020,Prudence Resolution Services,2026-01-17,5989.74,Promise to Pay,Field Visit,2026-02-06,,Pending,5,2026-01-09,Borrower promised to pay ₹5989.74 by 2026-02-06.
COL11518,APP12811,Suresh Kumar (Field Specialist),2024-12-21,24550.73,Promise to Pay,WhatsApp Bot,2025-01-05,,Pending,2,2024-12-20,Borrower promised to pay ₹24550.73 by 2025-01-05.
COL11519,APP10799,Vikramaditya Singh (Internal),2025-06-30,36484.6,Legal Action Initiated,Legal Notice,,,Rejected,2,2025-06-26,Section 25 / NI Act 138 legal notice issued for persistent loan default.
COL11520,APP11823,Prudence Resolution Services,2024-11-06,46522.44,Unreachable,Field Visit,,,Pending,11,2024-11-02,Borrower unreachable on registered phone number. Escalated to field team.
COL11521,APP10081,Zenith Financial Recovery,2025-01-18,13895.81,Repossession Pending,Field Visit,,,Pending,8,2025-01-08,Asset recovery team assigned for asset repossession proceedings.
COL11522,APP10379,Vikramaditya Singh (Internal),2025-10-08,33424.07,Settled,Tele-calling,2025-09-25,31733.83,Waived Off,8,2025-10-02,Loan settled at ₹31733.83 under Waived Off arrangement.
COL11523,APP11467,Vanguard Legal & Recovery Services,2025-07-02,132556.49,Legal Action Initiated,Field Visit,,,Rejected,12,2025-06-28,Section 25 / NI Act 138 legal notice issued for persistent loan default.
COL11524,APP12852,Apex Recovery Agency,2025-01-27,14441.48,Settled,Digital Reminder,2025-01-17,13507.58,Full Settlement,6,2025-01-19,Loan settled at ₹13507.58 under Full Settlement arrangement.
COL11525,APP11232,Prudence Resolution Services,2025-11-02,41472.23,Legal Action Initiated,Field Visit,,,Rejected,12,2025-10-26,Section 25 / NI Act 138 legal notice issued for persistent loan default.
COL11526,APP11465,Prudence Resolution Services,2025-12-20,47898.31,Legal Action Initiated,Tele-calling,,,Rejected,4,2025-12-13,Section 25 / NI Act 138 legal notice issued for persistent loan default.
COL11527,APP11810,Meenakshi Sundaram (Legal Agent),2025-08-21,72130.96,Unreachable,Tele-calling,,,Pending,2,2025-08-19,Borrower unreachable on registered phone number. Escalated to field team.
COL11528,APP12823,Suresh Kumar (Field Specialist),2025-10-02,9493.97,Legal Action Initiated,Digital Reminder,,,Rejected,12,2025-09-30,Section 25 / NI Act 138 legal notice issued for persistent loan default.
COL11529,APP11417,Prudence Resolution Services,2024-06-29,70083.23,Repossession Pending,Tele-calling,,,Pending,12,2024-06-20,Asset recovery team assigned for asset repossession proceedings.
COL11530,APP11587,Vanguard Legal & Recovery Services,2025-12-04,63662.51,Unreachable,Field Visit,,,Pending,12,2025-11-24,Borrower unreachable on registered phone number. Escalated to field team.
COL11531,APP10478,Prudence Resolution Services,2025-07-22,11850.13,Legal Action Initiated,Field Visit,,,Rejected,3,2025-07-14,Section 25 / NI Act 138 legal notice issued for persistent loan default.
COL11532,APP12538,Rajesh Sharma (Internal),2024-10-01,188086.08,Contacted,WhatsApp Bot,,,Pending,2,2024-09-22,Customer contacted via WhatsApp Bot. Payment request sent.
COL11533,APP11417,Suresh Kumar (Field Specialist),2024-12-01,57563.09,Repossession Pending,Digital Reminder,,,Pending,3,2024-12-01,Asset recovery team assigned for asset repossession proceedings.
COL11534,APP11168,Anita Roy (Internal),2025-07-02,88875.8,Contacted,Legal Notice,,,Pending,7,2025-06-26,Customer contacted via Legal Notice. Payment request sent.
COL11535,APP12739,Vikramaditya Singh (Internal),2025-08-15,74083.59,Promise to Pay,Legal Notice,2025-08-20,,Pending,5,2025-08-08,Borrower promised to pay ₹74083.59 by 2025-08-20.
COL11536,APP10491,Apex Recovery Agency,2024-08-23,11138.98,Promise to Pay,Digital Reminder,2024-08-29,,Pending,6,2024-08-16,Borrower promised to pay ₹11138.98 by 2024-08-29.
COL11537,APP10343,Apex Recovery Agency,2025-06-18,72563.17,Legal Action Initiated,Tele-calling,,,Rejected,2,2025-06-16,Section 25 / NI Act 138 legal notice issued for persistent loan default.
COL11538,APP11948,Suresh Kumar (Field Specialist),2026-01-03,10924.13,Contacted,Tele-calling,,,Pending,10,2025-12-29,Customer contacted via Tele-calling. Payment request sent.
COL11539,APP12783,Vikramaditya Singh (Internal),2025-01-10,54405.91,Repossession Pending,Field Visit,,,Pending,6,2025-01-09,Asset recovery team assigned for asset repossession proceedings.
COL11540,APP11666,Meenakshi Sundaram (Legal Agent),2024-11-29,9718.87,Legal Action Initiated,Legal Notice,,,Rejected,9,2024-11-27,Section 25 / NI Act 138 legal notice issued for persistent loan default.
COL11541,APP11297,Rajesh Sharma (Internal),2024-10-02,93951.27,Contacted,WhatsApp Bot,,,Pending,5,2024-09-28,Customer contacted via WhatsApp Bot. Payment request sent.
COL11542,APP12198,Prudence Resolution Services,2025-10-23,204334.41,Legal Action Initiated,Field Visit,,,Rejected,4,2025-10-14,Section 25 / NI Act 138 legal notice issued for persistent loan default.
COL11543,APP10856,Meenakshi Sundaram (Legal Agent),2025-07-04,14725.58,Unreachable,Legal Notice,,,Pending,8,2025-07-03,Borrower unreachable on registered phone number. Escalated to field team.
COL11544,APP12689,Anita Roy (Internal),2025-10-16,12491.54,Promise to Pay,Legal Notice,2025-10-20,,Pending,4,2025-10-10,Borrower promised to pay ₹12491.54 by 2025-10-20.
COL11545,APP11543,Rajesh Sharma (Internal),2024-09-10,106550.09,Repossession Pending,Digital Reminder,,,Pending,9,2024-09-09,Asset recovery team assigned for asset repossession proceedings.
COL11546,APP12434,Suresh Kumar (Field Specialist),2025-12-12,139886.5,Legal Action Initiated,WhatsApp Bot,,,Rejected,11,2025-12-09,Section 25 / NI Act 138 legal notice issued for persistent loan default.
COL11547,APP10142,Prudence Resolution Services,2025-08-11,90991.37,Unreachable,Field Visit,,,Pending,7,2025-08-05,Borrower unreachable on registered phone number. Escalated to field team.
COL11548,APP11547,Anita Roy (Internal),2025-10-09,102224.04,Contacted,Digital Reminder,,,Pending,10,2025-10-03,Customer contacted via Digital Reminder. Payment request sent.
COL11549,APP10122,Zenith Financial Recovery,2024-07-13,194449.02,Repossession Pending,Legal Notice,,,Pending,4,2024-07-12,Asset recovery team assigned for asset repossession proceedings.
COL11550,APP12260,Meenakshi Sundaram (Legal Agent),2024-07-20,13776.78,Legal Action Initiated,WhatsApp Bot,,,Rejected,9,2024-07-20,Section 25 / NI Act 138 legal notice issued for persistent loan default.
COL11551,APP12884,Apex Recovery Agency,2025-08-19,22934.11,Promise to Pay,Digital Reminder,2025-09-07,,Pending,12,2025-08-11,Borrower promised to pay ₹22934.11 by 2025-09-07.
COL11552,APP12766,Suresh Kumar (Field Specialist),2024-09-10,40265.24,Repossession Pending,Legal Notice,,,Pending,8,2024-09-08,Asset recovery team assigned for asset repossession proceedings.
COL11553,APP12764,Prudence Resolution Services,2024-06-16,26003.53,Repossession Pending,Tele-calling,,,Pending,1,2024-06-10,Asset recovery team assigned for asset repossession proceedings.
COL11554,APP10652,Anita Roy (Internal),2025-05-05,40914.78,Contacted,Legal Notice,,,Pending,3,2025-04-29,Customer contacted via Legal Notice. Payment request sent.
COL11555,APP12543,Prudence Resolution Services,2025-02-20,94238.7,Contacted,Digital Reminder,,,Pending,7,2025-02-10,Customer contacted via Digital Reminder. Payment request sent.
COL11556,APP11896,Priya Deshmukh (Internal),2025-07-29,15156.92,Unreachable,Legal Notice,,,Pending,7,2025-07-25,Borrower unreachable on registered phone number. Escalated to field team.
COL11557,APP10540,Zenith Financial Recovery,2024-07-13,36102.27,Legal Action Initiated,Legal Notice,,,Rejected,12,2024-07-06,Section 25 / NI Act 138 legal notice issued for persistent loan default.
COL11558,APP10237,Priya Deshmukh (Internal),2025-10-14,26572.83,Repossession Pending,Tele-calling,,,Pending,2,2025-10-12,Asset recovery team assigned for asset repossession proceedings.
COL11559,APP11062,Prudence Resolution Services,2025-07-13,18253.28,Repossession Pending,Field Visit,,,Pending,5,2025-07-05,Asset recovery team assigned for asset repossession proceedings.
COL11560,APP12864,Apex Recovery Agency,2024-12-24,3687.97,Settled,WhatsApp Bot,2024-12-12,2376.86,Full Settlement,2,2024-12-16,Loan settled at ₹2376.86 under Full Settlement arrangement.
COL11561,APP12741,Zenith Financial Recovery,2025-07-03,24079.11,Contacted,Digital Reminder,,,Pending,3,2025-07-02,Customer contacted via Digital Reminder. Payment request sent.
COL11562,APP12948,Priya Deshmukh (Internal),2025-08-27,33988.06,Legal Action Initiated,Digital Reminder,,,Rejected,10,2025-08-27,Section 25 / NI Act 138 legal notice issued for persistent loan default.
COL11563,APP11477,Priya Deshmukh (Internal),2024-11-04,21357.05,Repossession Pending,Field Visit,,,Pending,6,2024-10-31,Asset recovery team assigned for asset repossession proceedings.
COL11564,APP11879,Prudence Resolution Services,2025-06-25,90783.6,Promise to Pay,Digital Reminder,2025-07-14,,Pending,3,2025-06-21,Borrower promised to pay ₹90783.6 by 2025-07-14.
COL11565,APP11417,Priya Deshmukh (Internal),2025-08-24,62067.54,Repossession Pending,Field Visit,,,Pending,1,2025-08-17,Asset recovery team assigned for asset repossession proceedings.
COL11566,APP12783,Priya Deshmukh (Internal),2025-12-13,36250.8,Legal Action Initiated,WhatsApp Bot,,,Rejected,6,2025-12-13,Section 25 / NI Act 138 legal notice issued for persistent loan default.
COL11567,APP12365,Anita Roy (Internal),2024-11-21,11822.92,Legal Action Initiated,Digital Reminder,,,Rejected,12,2024-11-16,Section 25 / NI Act 138 legal notice issued for persistent loan default.
COL11568,APP11746,Rajesh Sharma (Internal),2024-06-04,13311.98,Contacted,Field Visit,,,Pending,10,2024-06-04,Customer contacted via Field Visit. Payment request sent.
COL11569,APP12246,Meenakshi Sundaram (Legal Agent),2025-12-11,103971.18,Promise to Pay,Tele-calling,2025-12-29,,Pending,2,2025-12-11,Borrower promised to pay ₹103971.18 by 2025-12-29.
COL11570,APP11801,Apex Recovery Agency,2025-10-16,385098.0,Unreachable,WhatsApp Bot,,,Pending,10,2025-10-12,Borrower unreachable on registered phone number. Escalated to field team.
COL11571,APP11677,Zenith Financial Recovery,2025-01-16,51906.31,Promise to Pay,Digital Reminder,2025-01-24,,Pending,3,2025-01-12,Borrower promised to pay ₹51906.31 by 2025-01-24.
COL11572,APP10534,Apex Recovery Agency,2025-04-04,377773.61,Settled,Field Visit,2025-03-23,320631.59,Partial Settlement,3,2025-04-04,Loan settled at ₹320631.59 under Partial Settlement arrangement.
COL11573,APP11006,Priya Deshmukh (Internal),2025-07-21,46384.4,Promise to Pay,Digital Reminder,2025-08-07,,Pending,7,2025-07-15,Borrower promised to pay ₹46384.4 by 2025-08-07.
COL11574,APP12438,Zenith Financial Recovery,2025-07-14,53076.11,Unreachable,Digital Reminder,,,Pending,3,2025-07-06,Borrower unreachable on registered phone number. Escalated to field team.
COL11575,APP10652,Priya Deshmukh (Internal),2025-06-08,17988.51,Repossession Pending,Field Visit,,,Pending,8,2025-05-31,Asset recovery team assigned for asset repossession proceedings.
COL11576,APP10469,Prudence Resolution Services,2025-12-08,203625.43,Promise to Pay,Legal Notice,2025-12-20,,Pending,11,2025-12-01,Borrower promised to pay ₹203625.43 by 2025-12-20.
COL11577,APP10430,Rajesh Sharma (Internal),2025-06-29,44207.74,Promise to Pay,Field Visit,2025-07-07,,Pending,9,2025-06-23,Borrower promised to pay ₹44207.74 by 2025-07-07.
COL11578,APP12294,Rajesh Sharma (Internal),2025-12-29,183685.89,Unreachable,Field Visit,,,Pending,3,2025-12-19,Borrower unreachable on registered phone number. Escalated to field team.
COL11579,APP10251,Meenakshi Sundaram (Legal Agent),2024-10-12,73766.0,Promise to Pay,Field Visit,2024-10-31,,Pending,8,2024-10-07,Borrower promised to pay ₹73766.0 by 2024-10-31.
COL11580,APP11561,Anita Roy (Internal),2024-07-25,15899.49,Contacted,Tele-calling,,,Pending,6,2024-07-24,Customer contacted via Tele-calling. Payment request sent.
COL11581,APP11590,Prudence Resolution Services,2024-08-07,72257.0,Repossession Pending,Field Visit,,,Pending,6,2024-07-29,Asset recovery team assigned for asset repossession proceedings.
COL11582,APP10375,Meenakshi Sundaram (Legal Agent),2025-04-07,29263.56,Unreachable,Digital Reminder,,,Pending,2,2025-03-30,Borrower unreachable on registered phone number. Escalated to field team.
COL11583,APP11776,Vikramaditya Singh (Internal),2025-07-25,21315.72,Unreachable,Field Visit,,,Pending,3,2025-07-17,Borrower unreachable on registered phone number. Escalated to field team.
COL11584,APP11635,Zenith Financial Recovery,2024-09-25,122442.29,Repossession Pending,Legal Notice,,,Pending,11,2024-09-23,Asset recovery team assigned for asset repossession proceedings.
COL11585,APP11297,Anita Roy (Internal),2025-10-02,89234.36,Promise to Pay,Tele-calling,2025-10-16,,Pending,3,2025-10-02,Borrower promised to pay ₹89234.36 by 2025-10-16.
COL11586,APP11726,Meenakshi Sundaram (Legal Agent),2025-10-17,170568.94,Promise to Pay,WhatsApp Bot,2025-10-31,,Pending,11,2025-10-08,Borrower promised to pay ₹170568.94 by 2025-10-31.
COL11587,APP10426,Anita Roy (Internal),2025-07-09,29413.98,Contacted,Legal Notice,,,Pending,3,2025-07-08,Customer contacted via Legal Notice. Payment request sent.
COL11588,APP10414,Prudence Resolution Services,2025-05-30,93105.19,Repossession Pending,Legal Notice,,,Pending,10,2025-05-23,Asset recovery team assigned for asset repossession proceedings.
COL11589,APP10077,Meenakshi Sundaram (Legal Agent),2025-02-14,91399.17,Unreachable,WhatsApp Bot,,,Pending,4,2025-02-06,Borrower unreachable on registered phone number. Escalated to field team.
COL11590,APP12760,Suresh Kumar (Field Specialist),2025-01-31,13370.7,Unreachable,Tele-calling,,,Pending,12,2025-01-27,Borrower unreachable on registered phone number. Escalated to field team.
COL11591,APP11864,Zenith Financial Recovery,2025-09-13,9123.03,Settled,Digital Reminder,2025-09-03,5574.0,Waived Off,11,2025-09-12,Loan settled at ₹5574.0 under Waived Off arrangement.
COL11592,APP10948,Meenakshi Sundaram (Legal Agent),2025-06-25,33232.47,Settled,Tele-calling,2025-06-10,28044.87,Partial Settlement,7,2025-06-25,Loan settled at ₹28044.87 under Partial Settlement arrangement.
COL11593,APP10307,Prudence Resolution Services,2025-05-21,25909.73,Unreachable,WhatsApp Bot,,,Pending,12,2025-05-17,Borrower unreachable on registered phone number. Escalated to field team.
COL11594,APP11635,Priya Deshmukh (Internal),2024-08-26,65503.48,Settled,Digital Reminder,2024-08-13,39829.56,Full Settlement,11,2024-08-21,Loan settled at ₹39829.56 under Full Settlement arrangement.
COL11595,APP10237,Anita Roy (Internal),2026-01-07,29764.55,Contacted,Field Visit,,,Pending,4,2026-01-06,Customer contacted via Field Visit. Payment request sent.
COL11596,APP10657,Rajesh Sharma (Internal),2024-08-12,57751.87,Repossession Pending,Tele-calling,,,Pending,3,2024-08-03,Asset recovery team assigned for asset repossession proceedings.
COL11597,APP11155,Prudence Resolution Services,2024-12-22,40059.17,Legal Action Initiated,Tele-calling,,,Rejected,12,2024-12-21,Section 25 / NI Act 138 legal notice issued for persistent loan default.
COL11598,APP11773,Anita Roy (Internal),2025-01-02,167585.11,Contacted,Tele-calling,,,Pending,1,2025-01-01,Customer contacted via Tele-calling. Payment request sent.
COL11599,APP11098,Prudence Resolution Services,2025-10-21,57073.22,Promise to Pay,WhatsApp Bot,2025-11-08,,Pending,10,2025-10-19,Borrower promised to pay ₹57073.22 by 2025-11-08.
COL11600,APP10943,Meenakshi Sundaram (Legal Agent),2024-11-28,68642.9,Unreachable,Tele-calling,,,Pending,4,2024-11-24,Borrower unreachable on registered phone number. Escalated to field team.
COL11601,APP10182,Suresh Kumar (Field Specialist),2024-08-17,152724.32,Promise to Pay,WhatsApp Bot,2024-08-30,,Pending,4,2024-08-15,Borrower promised to pay ₹152724.32 by 2024-08-30.
COL11602,APP10162,Vikramaditya Singh (Internal),2025-07-28,24282.5,Repossession Pending,Digital Reminder,,,Pending,9,2025-07-18,Asset recovery team assigned for asset repossession proceedings.
COL11603,APP12655,Priya Deshmukh (Internal),2025-11-26,304002.24,Settled,Digital Reminder,2025-11-11,212347.75,Partial Settlement,1,2025-11-16,Loan settled at ₹212347.75 under Partial Settlement arrangement.
COL11604,APP11996,Anita Roy (Internal),2024-08-01,385085.84,Contacted,Tele-calling,,,Pending,10,2024-07-26,Customer contacted via Tele-calling. Payment request sent.
COL11605,APP10440,Zenith Financial Recovery,2025-06-06,31638.75,Repossession Pending,Tele-calling,,,Pending,12,2025-05-27,Asset recovery team assigned for asset repossession proceedings.
COL11606,APP10954,Meenakshi Sundaram (Legal Agent),2025-10-05,19758.07,Repossession Pending,Legal Notice,,,Pending,6,2025-09-28,Asset recovery team assigned for asset repossession proceedings.
COL11607,APP10873,Zenith Financial Recovery,2026-01-23,215799.52,Legal Action Initiated,Legal Notice,,,Rejected,3,2026-01-23,Section 25 / NI Act 138 legal notice issued for persistent loan default.
COL11608,APP10213,Vanguard Legal & Recovery Services,2025-07-18,52737.83,Unreachable,Digital Reminder,,,Pending,8,2025-07-11,Borrower unreachable on registered phone number. Escalated to field team.
COL11609,APP12438,Vikramaditya Singh (Internal),2024-06-26,80895.69,Repossession Pending,Field Visit,,,Pending,3,2024-06-21,Asset recovery team assigned for asset repossession proceedings.
COL11610,APP11630,Vikramaditya Singh (Internal),2024-11-24,9190.71,Settled,Digital Reminder,2024-11-17,5819.52,Full Settlement,3,2024-11-15,Loan settled at ₹5819.52 under Full Settlement arrangement.
COL11611,APP11986,Zenith Financial Recovery,2025-07-07,88039.86,Settled,Field Visit,2025-06-24,59841.46,Partial Settlement,3,2025-07-03,Loan settled at ₹59841.46 under Partial Settlement arrangement.
COL11612,APP10170,Meenakshi Sundaram (Legal Agent),2025-10-13,34337.82,Unreachable,Digital Reminder,,,Pending,11,2025-10-13,Borrower unreachable on registered phone number. Escalated to field team.
COL11613,APP12850,Anita Roy (Internal),2024-10-23,29723.92,Settled,Tele-calling,2024-10-11,22165.75,Full Settlement,4,2024-10-15,Loan settled at ₹22165.75 under Full Settlement arrangement.
COL11614,APP12191,Apex Recovery Agency,2025-08-14,466055.48,Settled,Field Visit,2025-07-31,366027.32,Full Settlement,10,2025-08-13,Loan settled at ₹366027.32 under Full Settlement arrangement.
COL11615,APP12271,Prudence Resolution Services,2024-06-19,60476.69,Settled,Field Visit,2024-06-08,40719.54,Full Settlement,8,2024-06-14,Loan settled at ₹40719.54 under Full Settlement arrangement.
COL11616,APP11496,Priya Deshmukh (Internal),2025-03-15,48062.73,Repossession Pending,Legal Notice,,,Pending,9,2025-03-10,Asset recovery team assigned for asset repossession proceedings.
COL11617,APP10188,Priya Deshmukh (Internal),2025-01-21,11671.54,Settled,Field Visit,2025-01-07,10325.38,Full Settlement,12,2025-01-12,Loan settled at ₹10325.38 under Full Settlement arrangement.
COL11618,APP12957,Zenith Financial Recovery,2024-09-06,42036.65,Unreachable,WhatsApp Bot,,,Pending,7,2024-09-04,Borrower unreachable on registered phone number. Escalated to field team.
COL11619,APP11955,Anita Roy (Internal),2025-02-28,76958.71,Unreachable,WhatsApp Bot,,,Pending,2,2025-02-21,Borrower unreachable on registered phone number. Escalated to field team.
COL11620,APP12618,Priya Deshmukh (Internal),2024-07-31,61916.56,Repossession Pending,Legal Notice,,,Pending,8,2024-07-28,Asset recovery team assigned for asset repossession proceedings.
COL11621,APP10468,Rajesh Sharma (Internal),2024-10-28,254402.98,Settled,Legal Notice,2024-10-16,206491.23,Partial Settlement,5,2024-10-23,Loan settled at ₹206491.23 under Partial Settlement arrangement.
COL11622,APP10718,Priya Deshmukh (Internal),2024-08-02,72293.73,Legal Action Initiated,Field Visit,,,Rejected,12,2024-07-30,Section 25 / NI Act 138 legal notice issued for persistent loan default.
COL11623,APP10343,Suresh Kumar (Field Specialist),2024-06-12,194260.9,Promise to Pay,Legal Notice,2024-06-21,,Pending,5,2024-06-08,Borrower promised to pay ₹194260.9 by 2024-06-21.
COL11624,APP12209,Apex Recovery Agency,2024-08-20,107422.96,Contacted,Tele-calling,,,Pending,6,2024-08-13,Customer contacted via Tele-calling. Payment request sent.
COL11625,APP12060,Zenith Financial Recovery,2025-04-18,8689.08,Legal Action Initiated,Digital Reminder,,,Rejected,2,2025-04-14,Section 25 / NI Act 138 legal notice issued for persistent loan default.
COL11626,APP10363,Apex Recovery Agency,2026-01-22,119530.54,Repossession Pending,Field Visit,,,Pending,3,2026-01-17,Asset recovery team assigned for asset repossession proceedings.
COL11627,APP12284,Anita Roy (Internal),2025-04-19,90676.04,Settled,Tele-calling,2025-04-06,74364.47,Full Settlement,12,2025-04-13,Loan settled at ₹74364.47 under Full Settlement arrangement.
COL11628,APP10699,Vanguard Legal & Recovery Services,2025-03-17,106828.2,Settled,Field Visit,2025-03-03,97121.88,Full Settlement,6,2025-03-08,Loan settled at ₹97121.88 under Full Settlement arrangement.
COL11629,APP12997,Vikramaditya Singh (Internal),2024-09-13,82153.34,Contacted,Digital Reminder,,,Pending,9,2024-09-11,Customer contacted via Digital Reminder. Payment request sent.
COL11630,APP11753,Anita Roy (Internal),2024-08-11,23252.13,Settled,Legal Notice,2024-07-29,18221.25,Full Settlement,8,2024-08-05,Loan settled at ₹18221.25 under Full Settlement arrangement.
COL11631,APP12158,Vikramaditya Singh (Internal),2024-09-27,22048.35,Contacted,WhatsApp Bot,,,Pending,5,2024-09-24,Customer contacted via WhatsApp Bot. Payment request sent.
COL11632,APP11046,Rajesh Sharma (Internal),2025-01-17,109085.33,Contacted,WhatsApp Bot,,,Pending,8,2025-01-17,Customer contacted via WhatsApp Bot. Payment request sent.
COL11633,APP11478,Priya Deshmukh (Internal),2025-04-24,67677.42,Promise to Pay,Field Visit,2025-05-09,,Pending,6,2025-04-18,Borrower promised to pay ₹67677.42 by 2025-05-09.
COL11634,APP11622,Suresh Kumar (Field Specialist),2025-07-30,4583.77,Unreachable,Legal Notice,,,Pending,9,2025-07-29,Borrower unreachable on registered phone number. Escalated to field team.
COL11635,APP12021,Priya Deshmukh (Internal),2024-06-08,19968.42,Contacted,WhatsApp Bot,,,Pending,6,2024-06-07,Customer contacted via WhatsApp Bot. Payment request sent.
COL11636,APP12163,Suresh Kumar (Field Specialist),2025-03-16,20817.23,Unreachable,Field Visit,,,Pending,5,2025-03-08,Borrower unreachable on registered phone number. Escalated to field team.
COL11637,APP12237,Suresh Kumar (Field Specialist),2025-02-18,17241.29,Promise to Pay,Digital Reminder,2025-03-03,,Pending,6,2025-02-15,Borrower promised to pay ₹17241.29 by 2025-03-03.
COL11638,APP12208,Vanguard Legal & Recovery Services,2025-11-07,26665.75,Repossession Pending,Tele-calling,,,Pending,7,2025-11-04,Asset recovery team assigned for asset repossession proceedings.
COL11639,APP11422,Anita Roy (Internal),2024-12-28,68175.78,Unreachable,Tele-calling,,,Pending,4,2024-12-19,Borrower unreachable on registered phone number. Escalated to field team.
COL11640,APP12576,Priya Deshmukh (Internal),2025-01-22,16581.64,Settled,WhatsApp Bot,2025-01-14,10087.18,Waived Off,10,2025-01-18,Loan settled at ₹10087.18 under Waived Off arrangement.
COL11641,APP12215,Priya Deshmukh (Internal),2025-07-03,25519.5,Settled,Field Visit,2025-06-21,20686.99,Partial Settlement,12,2025-06-28,Loan settled at ₹20686.99 under Partial Settlement arrangement.
COL11642,APP12126,Zenith Financial Recovery,2025-02-10,48826.61,Legal Action Initiated,Digital Reminder,,,Rejected,2,2025-02-01,Section 25 / NI Act 138 legal notice issued for persistent loan default.
COL11643,APP11828,Rajesh Sharma (Internal),2025-03-08,8882.25,Legal Action Initiated,Tele-calling,,,Rejected,1,2025-03-04,Section 25 / NI Act 138 legal notice issued for persistent loan default.
COL11644,APP11297,Vanguard Legal & Recovery Services,2024-12-13,33762.95,Promise to Pay,WhatsApp Bot,2024-12-18,,Pending,7,2024-12-08,Borrower promised to pay ₹33762.95 by 2024-12-18.
COL11645,APP12760,Vanguard Legal & Recovery Services,2025-04-06,23138.15,Settled,Tele-calling,2025-03-25,14857.32,Full Settlement,3,2025-04-02,Loan settled at ₹14857.32 under Full Settlement arrangement.
COL11646,APP11185,Zenith Financial Recovery,2025-09-10,10085.54,Contacted,Field Visit,,,Pending,10,2025-09-02,Customer contacted via Field Visit. Payment request sent.
COL11647,APP11593,Apex Recovery Agency,2024-11-04,123183.66,Repossession Pending,Tele-calling,,,Pending,4,2024-11-03,Asset recovery team assigned for asset repossession proceedings.
COL11648,APP12889,Vanguard Legal & Recovery Services,2025-07-28,135079.3,Contacted,Tele-calling,,,Pending,3,2025-07-28,Customer contacted via Tele-calling. Payment request sent.
COL11649,APP10161,Anita Roy (Internal),2025-03-01,8246.82,Repossession Pending,Legal Notice,,,Pending,1,2025-02-19,Asset recovery team assigned for asset repossession proceedings.
COL11650,APP11923,Priya Deshmukh (Internal),2024-07-16,42498.29,Repossession Pending,Field Visit,,,Pending,10,2024-07-10,Asset recovery team assigned for asset repossession proceedings.
COL11651,APP10457,Zenith Financial Recovery,2025-06-08,22520.32,Repossession Pending,Field Visit,,,Pending,2,2025-05-30,Asset recovery team assigned for asset repossession proceedings.
COL11652,APP11339,Zenith Financial Recovery,2025-06-16,40309.3,Legal Action Initiated,Digital Reminder,,,Rejected,12,2025-06-08,Section 25 / NI Act 138 legal notice issued for persistent loan default.
COL11653,APP12717,Vikramaditya Singh (Internal),2026-01-16,89653.63,Repossession Pending,Legal Notice,,,Pending,7,2026-01-11,Asset recovery team assigned for asset repossession proceedings.
COL11654,APP10497,Prudence Resolution Services,2025-10-20,47252.63,Promise to Pay,Legal Notice,2025-11-05,,Pending,11,2025-10-12,Borrower promised to pay ₹47252.63 by 2025-11-05.
COL11655,APP10805,Vanguard Legal & Recovery Services,2025-06-03,98770.43,Legal Action Initiated,Tele-calling,,,Rejected,11,2025-05-27,Section 25 / NI Act 138 legal notice issued for persistent loan default.
COL11656,APP11571,Suresh Kumar (Field Specialist),2024-10-27,273843.37,Contacted,Field Visit,,,Pending,10,2024-10-22,Customer contacted via Field Visit. Payment request sent.
COL11657,APP11744,Vikramaditya Singh (Internal),2025-07-11,50813.17,Promise to Pay,WhatsApp Bot,2025-07-17,,Pending,2,2025-07-05,Borrower promised to pay ₹50813.17 by 2025-07-17.
COL11658,APP10955,Suresh Kumar (Field Specialist),2025-12-16,65136.84,Legal Action Initiated,Tele-calling,,,Rejected,11,2025-12-14,Section 25 / NI Act 138 legal notice issued for persistent loan default.
COL11659,APP10938,Prudence Resolution Services,2025-06-18,42537.26,Contacted,Digital Reminder,,,Pending,9,2025-06-12,Customer contacted via Digital Reminder. Payment request sent.
COL11660,APP12378,Vanguard Legal & Recovery Services,2024-09-17,89252.07,Legal Action Initiated,Field Visit,,,Rejected,4,2024-09-07,Section 25 / NI Act 138 legal notice issued for persistent loan default.
COL11661,APP11318,Vikramaditya Singh (Internal),2025-10-30,17897.36,Repossession Pending,Field Visit,,,Pending,2,2025-10-23,Asset recovery team assigned for asset repossession proceedings.
COL11662,APP12209,Anita Roy (Internal),2025-01-01,117317.66,Promise to Pay,Legal Notice,2025-01-07,,Pending,9,2024-12-22,Borrower promised to pay ₹117317.66 by 2025-01-07.
COL11663,APP10117,Rajesh Sharma (Internal),2024-08-13,99651.97,Contacted,Tele-calling,,,Pending,2,2024-08-09,Customer contacted via Tele-calling. Payment request sent.
COL11664,APP12438,Anita Roy (Internal),2025-04-04,73725.11,Settled,Digital Reminder,2025-03-25,52073.91,Full Settlement,6,2025-03-29,Loan settled at ₹52073.91 under Full Settlement arrangement.
COL11665,APP11413,Meenakshi Sundaram (Legal Agent),2025-10-25,80407.91,Contacted,WhatsApp Bot,,,Pending,6,2025-10-20,Customer contacted via WhatsApp Bot. Payment request sent.
COL11666,APP12152,Apex Recovery Agency,2025-08-07,252481.32,Unreachable,Digital Reminder,,,Pending,12,2025-07-29,Borrower unreachable on registered phone number. Escalated to field team.
COL11667,APP12743,Zenith Financial Recovery,2024-08-28,45318.51,Unreachable,Tele-calling,,,Pending,8,2024-08-24,Borrower unreachable on registered phone number. Escalated to field team.
COL11668,APP11527,Anita Roy (Internal),2024-09-05,97646.42,Promise to Pay,Tele-calling,2024-09-18,,Pending,8,2024-08-30,Borrower promised to pay ₹97646.42 by 2024-09-18.
COL11669,APP11945,Meenakshi Sundaram (Legal Agent),2025-09-06,35150.45,Contacted,Digital Reminder,,,Pending,4,2025-08-28,Customer contacted via Digital Reminder. Payment request sent.
COL11670,APP12705,Anita Roy (Internal),2024-06-29,49360.67,Repossession Pending,Tele-calling,,,Pending,9,2024-06-22,Asset recovery team assigned for asset repossession proceedings.
COL11671,APP11296,Suresh Kumar (Field Specialist),2025-12-01,133303.55,Unreachable,Field Visit,,,Pending,11,2025-12-01,Borrower unreachable on registered phone number. Escalated to field team.
COL11672,APP11256,Meenakshi Sundaram (Legal Agent),2025-09-06,52474.06,Repossession Pending,Tele-calling,,,Pending,5,2025-09-04,Asset recovery team assigned for asset repossession proceedings.
COL11673,APP10862,Apex Recovery Agency,2024-08-18,128013.72,Settled,WhatsApp Bot,2024-08-06,77063.28,Full Settlement,4,2024-08-11,Loan settled at ₹77063.28 under Full Settlement arrangement.
COL11674,APP10027,Vanguard Legal & Recovery Services,2026-01-19,26096.46,Settled,Tele-calling,2026-01-07,24317.06,Waived Off,8,2026-01-16,Loan settled at ₹24317.06 under Waived Off arrangement.
COL11675,APP10981,Anita Roy (Internal),2025-12-29,14571.23,Promise to Pay,Field Visit,2026-01-16,,Pending,1,2025-12-22,Borrower promised to pay ₹14571.23 by 2026-01-16.
COL11676,APP11856,Vanguard Legal & Recovery Services,2025-12-09,79198.14,Repossession Pending,Tele-calling,,,Pending,2,2025-12-03,Asset recovery team assigned for asset repossession proceedings.
COL11677,APP11960,Rajesh Sharma (Internal),2024-08-06,30608.9,Unreachable,Legal Notice,,,Pending,2,2024-08-02,Borrower unreachable on registered phone number. Escalated to field team.
COL11678,APP10995,Zenith Financial Recovery,2024-10-19,68400.79,Legal Action Initiated,Digital Reminder,,,Rejected,2,2024-10-19,Section 25 / NI Act 138 legal notice issued for persistent loan default.
COL11679,APP10736,Anita Roy (Internal),2025-12-12,56995.47,Promise to Pay,WhatsApp Bot,2025-12-23,,Pending,6,2025-12-04,Borrower promised to pay ₹56995.47 by 2025-12-23.
COL11680,APP10367,Anita Roy (Internal),2025-01-24,30229.38,Legal Action Initiated,Field Visit,,,Rejected,4,2025-01-22,Section 25 / NI Act 138 legal notice issued for persistent loan default.
COL11681,APP10190,Vikramaditya Singh (Internal),2024-06-13,17381.17,Contacted,Digital Reminder,,,Pending,2,2024-06-05,Customer contacted via Digital Reminder. Payment request sent.
COL11682,APP11116,Meenakshi Sundaram (Legal Agent),2025-04-24,26804.99,Contacted,WhatsApp Bot,,,Pending,4,2025-04-17,Customer contacted via WhatsApp Bot. Payment request sent.
COL11683,APP11255,Priya Deshmukh (Internal),2025-07-03,92910.2,Unreachable,Digital Reminder,,,Pending,9,2025-06-23,Borrower unreachable on registered phone number. Escalated to field team.
COL11684,APP11006,Anita Roy (Internal),2024-08-09,19932.04,Repossession Pending,Field Visit,,,Pending,8,2024-08-01,Asset recovery team assigned for asset repossession proceedings.
COL11685,APP12321,Meenakshi Sundaram (Legal Agent),2025-06-06,39049.82,Promise to Pay,Field Visit,2025-06-22,,Pending,4,2025-06-02,Borrower promised to pay ₹39049.82 by 2025-06-22.
COL11686,APP11564,Vanguard Legal & Recovery Services,2025-06-18,50059.13,Settled,Tele-calling,2025-06-04,43151.62,Full Settlement,7,2025-06-11,Loan settled at ₹43151.62 under Full Settlement arrangement.
COL11687,APP10578,Zenith Financial Recovery,2024-11-09,49130.27,Legal Action Initiated,WhatsApp Bot,,,Rejected,4,2024-10-31,Section 25 / NI Act 138 legal notice issued for persistent loan default.
COL11688,APP10554,Apex Recovery Agency,2024-08-07,20277.94,Contacted,Digital Reminder,,,Pending,9,2024-08-06,Customer contacted via Digital Reminder. Payment request sent.
COL11689,APP11367,Rajesh Sharma (Internal),2025-05-16,31441.44,Settled,Legal Notice,2025-05-02,28981.6,Partial Settlement,5,2025-05-08,Loan settled at ₹28981.6 under Partial Settlement arrangement.
COL11690,APP12793,Suresh Kumar (Field Specialist),2026-01-25,33247.35,Unreachable,Digital Reminder,,,Pending,12,2026-01-17,Borrower unreachable on registered phone number. Escalated to field team.
COL11691,APP11029,Zenith Financial Recovery,2025-11-28,34825.07,Contacted,Legal Notice,,,Pending,9,2025-11-19,Customer contacted via Legal Notice. Payment request sent.
COL11692,APP11545,Apex Recovery Agency,2025-01-20,119726.65,Settled,Legal Notice,2025-01-12,79850.89,Waived Off,6,2025-01-15,Loan settled at ₹79850.89 under Waived Off arrangement.
COL11693,APP10914,Priya Deshmukh (Internal),2025-08-09,40402.37,Legal Action Initiated,Legal Notice,,,Rejected,11,2025-07-30,Section 25 / NI Act 138 legal notice issued for persistent loan default.
COL11694,APP12439,Meenakshi Sundaram (Legal Agent),2025-06-06,128536.19,Repossession Pending,Field Visit,,,Pending,12,2025-05-29,Asset recovery team assigned for asset repossession proceedings.
COL11695,APP12465,Prudence Resolution Services,2025-03-26,58646.28,Unreachable,Field Visit,,,Pending,11,2025-03-23,Borrower unreachable on registered phone number. Escalated to field team.
COL11696,APP10652,Meenakshi Sundaram (Legal Agent),2025-06-19,40686.83,Promise to Pay,Legal Notice,2025-07-07,,Pending,4,2025-06-13,Borrower promised to pay ₹40686.83 by 2025-07-07.
COL11697,APP11385,Meenakshi Sundaram (Legal Agent),2024-08-13,11694.42,Legal Action Initiated,Digital Reminder,,,Rejected,5,2024-08-12,Section 25 / NI Act 138 legal notice issued for persistent loan default.
COL11698,APP10662,Suresh Kumar (Field Specialist),2025-02-16,9997.02,Contacted,Digital Reminder,,,Pending,8,2025-02-09,Customer contacted via Digital Reminder. Payment request sent.
COL11699,APP12480,Meenakshi Sundaram (Legal Agent),2024-07-23,59898.57,Legal Action Initiated,Legal Notice,,,Rejected,7,2024-07-13,Section 25 / NI Act 138 legal notice issued for persistent loan default.
COL11700,APP10546,Meenakshi Sundaram (Legal Agent),2024-10-22,93403.32,Unreachable,Tele-calling,,,Pending,3,2024-10-21,Borrower unreachable on registered phone number. Escalated to field team.
COL11701,APP11613,Rajesh Sharma (Internal),2025-03-02,19202.58,Contacted,Tele-calling,,,Pending,3,2025-03-01,Customer contacted via Tele-calling. Payment request sent.
COL11702,APP11742,Priya Deshmukh (Internal),2025-05-12,86562.99,Repossession Pending,Tele-calling,,,Pending,10,2025-05-08,Asset recovery team assigned for asset repossession proceedings.
COL11703,APP10344,Vanguard Legal & Recovery Services,2025-03-01,14253.73,Promise to Pay,Field Visit,2025-03-11,,Pending,9,2025-02-24,Borrower promised to pay ₹14253.73 by 2025-03-11.
COL11704,APP12319,Rajesh Sharma (Internal),2025-06-28,19924.46,Legal Action Initiated,WhatsApp Bot,,,Rejected,4,2025-06-20,Section 25 / NI Act 138 legal notice issued for persistent loan default.
COL11705,APP10789,Vikramaditya Singh (Internal),2025-03-04,337538.45,Legal Action Initiated,Tele-calling,,,Rejected,8,2025-03-03,Section 25 / NI Act 138 legal notice issued for persistent loan default.
COL11706,APP10286,Priya Deshmukh (Internal),2024-11-25,105219.6,Promise to Pay,Digital Reminder,2024-12-01,,Pending,4,2024-11-21,Borrower promised to pay ₹105219.6 by 2024-12-01.
COL11707,APP11578,Priya Deshmukh (Internal),2025-07-01,9814.48,Unreachable,Legal Notice,,,Pending,8,2025-06-28,Borrower unreachable on registered phone number. Escalated to field team.
COL11708,APP10587,Anita Roy (Internal),2025-06-29,153579.75,Unreachable,Tele-calling,,,Pending,10,2025-06-23,Borrower unreachable on registered phone number. Escalated to field team.
COL11709,APP12273,Suresh Kumar (Field Specialist),2025-11-19,109496.26,Promise to Pay,Legal Notice,2025-11-22,,Pending,6,2025-11-14,Borrower promised to pay ₹109496.26 by 2025-11-22.
COL11710,APP12353,Suresh Kumar (Field Specialist),2025-06-17,20068.88,Unreachable,WhatsApp Bot,,,Pending,3,2025-06-16,Borrower unreachable on registered phone number. Escalated to field team.
COL11711,APP12899,Vikramaditya Singh (Internal),2025-03-08,18601.7,Promise to Pay,Digital Reminder,2025-03-18,,Pending,4,2025-03-04,Borrower promised to pay ₹18601.7 by 2025-03-18.
COL11712,APP11817,Meenakshi Sundaram (Legal Agent),2024-08-06,24470.56,Contacted,Digital Reminder,,,Pending,8,2024-08-06,Customer contacted via Digital Reminder. Payment request sent.
COL11713,APP11852,Meenakshi Sundaram (Legal Agent),2025-08-31,22953.04,Settled,Legal Notice,2025-08-20,16569.35,Partial Settlement,7,2025-08-30,Loan settled at ₹16569.35 under Partial Settlement arrangement.
COL11714,APP11810,Prudence Resolution Services,2026-01-21,38450.51,Unreachable,Legal Notice,,,Pending,11,2026-01-13,Borrower unreachable on registered phone number. Escalated to field team.
COL11715,APP12968,Priya Deshmukh (Internal),2024-09-01,31500.57,Unreachable,Tele-calling,,,Pending,12,2024-08-30,Borrower unreachable on registered phone number. Escalated to field team.
COL11716,APP12550,Meenakshi Sundaram (Legal Agent),2025-02-17,334459.05,Contacted,WhatsApp Bot,,,Pending,8,2025-02-15,Customer contacted via WhatsApp Bot. Payment request sent.
COL11717,APP12537,Vikramaditya Singh (Internal),2025-07-25,113588.35,Settled,Digital Reminder,2025-07-12,77369.05,Full Settlement,5,2025-07-23,Loan settled at ₹77369.05 under Full Settlement arrangement.
COL11718,APP11068,Meenakshi Sundaram (Legal Agent),2024-11-28,121221.22,Legal Action Initiated,Tele-calling,,,Rejected,5,2024-11-20,Section 25 / NI Act 138 legal notice issued for persistent loan default.
COL11719,APP12034,Vanguard Legal & Recovery Services,2024-08-18,6713.51,Promise to Pay,Field Visit,2024-08-29,,Pending,2,2024-08-17,Borrower promised to pay ₹6713.51 by 2024-08-29.
COL11720,APP12875,Suresh Kumar (Field Specialist),2024-12-01,155869.03,Unreachable,Tele-calling,,,Pending,3,2024-11-23,Borrower unreachable on registered phone number. Escalated to field team.
COL11721,APP12840,Priya Deshmukh (Internal),2025-11-08,32899.94,Settled,Tele-calling,2025-10-26,24274.63,Full Settlement,1,2025-10-31,Loan settled at ₹24274.63 under Full Settlement arrangement.
COL11722,APP10376,Rajesh Sharma (Internal),2025-06-12,31385.8,Promise to Pay,Digital Reminder,2025-06-29,,Pending,10,2025-06-08,Borrower promised to pay ₹31385.8 by 2025-06-29.
COL11723,APP12282,Zenith Financial Recovery,2024-07-14,34540.24,Repossession Pending,Field Visit,,,Pending,2,2024-07-08,Asset recovery team assigned for asset repossession proceedings.
COL11724,APP12882,Rajesh Sharma (Internal),2025-07-10,26809.13,Unreachable,Legal Notice,,,Pending,9,2025-07-02,Borrower unreachable on registered phone number. Escalated to field team.
COL11725,APP12033,Suresh Kumar (Field Specialist),2026-01-13,127846.96,Repossession Pending,Digital Reminder,,,Pending,12,2026-01-07,Asset recovery team assigned for asset repossession proceedings.
COL11726,APP12076,Suresh Kumar (Field Specialist),2024-07-08,208291.8,Promise to Pay,Digital Reminder,2024-07-22,,Pending,4,2024-07-07,Borrower promised to pay ₹208291.8 by 2024-07-22.
COL11727,APP12576,Anita Roy (Internal),2024-06-25,17548.85,Unreachable,WhatsApp Bot,,,Pending,6,2024-06-18,Borrower unreachable on registered phone number. Escalated to field team.
COL11728,APP10563,Rajesh Sharma (Internal),2025-09-04,56220.08,Unreachable,Field Visit,,,Pending,10,2025-09-02,Borrower unreachable on registered phone number. Escalated to field team.
COL11729,APP11178,Vanguard Legal & Recovery Services,2025-08-24,25358.02,Promise to Pay,Field Visit,2025-09-08,,Pending,5,2025-08-17,Borrower promised to pay ₹25358.02 by 2025-09-08.
COL11730,APP10336,Zenith Financial Recovery,2024-07-23,66149.61,Promise to Pay,Legal Notice,2024-07-29,,Pending,4,2024-07-21,Borrower promised to pay ₹66149.61 by 2024-07-29.
COL11731,APP11900,Prudence Resolution Services,2025-08-18,25018.52,Settled,Tele-calling,2025-08-09,22201.01,Partial Settlement,2,2025-08-09,Loan settled at ₹22201.01 under Partial Settlement arrangement.
COL11732,APP12924,Zenith Financial Recovery,2025-04-14,32869.25,Unreachable,Tele-calling,,,Pending,9,2025-04-12,Borrower unreachable on registered phone number. Escalated to field team.
COL11733,APP10867,Anita Roy (Internal),2024-06-26,57971.73,Repossession Pending,Field Visit,,,Pending,9,2024-06-23,Asset recovery team assigned for asset repossession proceedings.
COL11734,APP10554,Prudence Resolution Services,2025-09-15,21087.01,Unreachable,Tele-calling,,,Pending,6,2025-09-06,Borrower unreachable on registered phone number. Escalated to field team.
COL11735,APP11496,Apex Recovery Agency,2025-08-23,43205.78,Contacted,Legal Notice,,,Pending,8,2025-08-17,Customer contacted via Legal Notice. Payment request sent.
COL11736,APP12600,Rajesh Sharma (Internal),2024-11-05,54692.59,Repossession Pending,WhatsApp Bot,,,Pending,7,2024-10-31,Asset recovery team assigned for asset repossession proceedings.
COL11737,APP11395,Apex Recovery Agency,2025-06-29,36611.37,Promise to Pay,Field Visit,2025-07-09,,Pending,5,2025-06-23,Borrower promised to pay ₹36611.37 by 2025-07-09.
COL11738,APP12211,Rajesh Sharma (Internal),2026-01-04,40523.54,Contacted,Legal Notice,,,Pending,4,2025-12-29,Customer contacted via Legal Notice. Payment request sent.
COL11739,APP12319,Vanguard Legal & Recovery Services,2024-06-01,19598.81,Legal Action Initiated,WhatsApp Bot,,,Rejected,2,2024-05-30,Section 25 / NI Act 138 legal notice issued for persistent loan default.
COL11740,APP12131,Apex Recovery Agency,2024-11-17,16140.66,Contacted,Digital Reminder,,,Pending,11,2024-11-10,Customer contacted via Digital Reminder. Payment request sent.
COL11741,APP12386,Anita Roy (Internal),2025-09-24,79347.69,Settled,Digital Reminder,2025-09-11,72302.38,Waived Off,5,2025-09-15,Loan settled at ₹72302.38 under Waived Off arrangement.
COL11742,APP12270,Prudence Resolution Services,2026-01-25,43616.57,Promise to Pay,WhatsApp Bot,2026-02-05,,Pending,9,2026-01-15,Borrower promised to pay ₹43616.57 by 2026-02-05.
COL11743,APP11921,Priya Deshmukh (Internal),2025-11-04,28860.97,Unreachable,Tele-calling,,,Pending,5,2025-10-28,Borrower unreachable on registered phone number. Escalated to field team.
COL11744,APP10075,Rajesh Sharma (Internal),2024-10-30,118096.17,Settled,WhatsApp Bot,2024-10-22,90050.89,Full Settlement,9,2024-10-27,Loan settled at ₹90050.89 under Full Settlement arrangement.
COL11745,APP12380,Anita Roy (Internal),2025-08-04,15426.46,Legal Action Initiated,WhatsApp Bot,,,Rejected,10,2025-07-30,Section 25 / NI Act 138 legal notice issued for persistent loan default.
COL11746,APP10515,Anita Roy (Internal),2024-08-07,29948.53,Promise to Pay,Field Visit,2024-08-23,,Pending,6,2024-08-07,Borrower promised to pay ₹29948.53 by 2024-08-23.
COL11747,APP12757,Vanguard Legal & Recovery Services,2025-06-15,16984.07,Unreachable,Field Visit,,,Pending,2,2025-06-11,Borrower unreachable on registered phone number. Escalated to field team.
COL11748,APP12947,Zenith Financial Recovery,2025-01-27,198611.41,Unreachable,Digital Reminder,,,Pending,5,2025-01-24,Borrower unreachable on registered phone number. Escalated to field team.
COL11749,APP11767,Prudence Resolution Services,2024-08-24,28213.98,Legal Action Initiated,Field Visit,,,Rejected,2,2024-08-23,Section 25 / NI Act 138 legal notice issued for persistent loan default.
COL11750,APP11823,Rajesh Sharma (Internal),2024-11-03,32608.6,Legal Action Initiated,Field Visit,,,Rejected,1,2024-11-03,Section 25 / NI Act 138 legal notice issued for persistent loan default.
COL11751,APP12984,Vikramaditya Singh (Internal),2025-06-01,11741.83,Promise to Pay,Tele-calling,2025-06-06,,Pending,11,2025-05-23,Borrower promised to pay ₹11741.83 by 2025-06-06.
COL11752,APP12021,Vikramaditya Singh (Internal),2024-08-24,17314.97,Settled,Legal Notice,2024-08-19,15173.8,Full Settlement,1,2024-08-15,Loan settled at ₹15173.8 under Full Settlement arrangement.
COL11753,APP11627,Zenith Financial Recovery,2025-11-21,118886.16,Settled,Tele-calling,2025-11-12,74033.96,Full Settlement,2,2025-11-12,Loan settled at ₹74033.96 under Full Settlement arrangement.
COL11754,APP12490,Vikramaditya Singh (Internal),2025-03-18,16703.92,Contacted,WhatsApp Bot,,,Pending,1,2025-03-12,Customer contacted via WhatsApp Bot. Payment request sent.
COL11755,APP10080,Vikramaditya Singh (Internal),2025-03-28,218210.44,Unreachable,Digital Reminder,,,Pending,11,2025-03-22,Borrower unreachable on registered phone number. Escalated to field team.
COL11756,APP11778,Priya Deshmukh (Internal),2024-10-31,94043.6,Repossession Pending,Legal Notice,,,Pending,12,2024-10-29,Asset recovery team assigned for asset repossession proceedings.
COL11757,APP12656,Anita Roy (Internal),2025-09-03,75441.28,Legal Action Initiated,Tele-calling,,,Rejected,3,2025-09-01,Section 25 / NI Act 138 legal notice issued for persistent loan default.
COL11758,APP11566,Apex Recovery Agency,2025-10-07,45006.68,Repossession Pending,Legal Notice,,,Pending,7,2025-10-01,Asset recovery team assigned for asset repossession proceedings.
COL11759,APP11123,Suresh Kumar (Field Specialist),2025-09-28,28409.87,Settled,WhatsApp Bot,2025-09-18,20931.77,Full Settlement,11,2025-09-28,Loan settled at ₹20931.77 under Full Settlement arrangement.
COL11760,APP11677,Anita Roy (Internal),2025-07-04,75240.98,Contacted,Tele-calling,,,Pending,3,2025-06-27,Customer contacted via Tele-calling. Payment request sent.
COL11761,APP11221,Vanguard Legal & Recovery Services,2025-08-07,31295.89,Unreachable,Legal Notice,,,Pending,11,2025-08-02,Borrower unreachable on registered phone number. Escalated to field team.
COL11762,APP11914,Vikramaditya Singh (Internal),2025-10-12,52056.8,Promise to Pay,Tele-calling,2025-10-16,,Pending,6,2025-10-10,Borrower promised to pay ₹52056.8 by 2025-10-16.
COL11763,APP10678,Priya Deshmukh (Internal),2024-12-25,41782.31,Legal Action Initiated,WhatsApp Bot,,,Rejected,12,2024-12-23,Section 25 / NI Act 138 legal notice issued for persistent loan default.
COL11764,APP10599,Rajesh Sharma (Internal),2025-06-17,34685.34,Repossession Pending,Tele-calling,,,Pending,6,2025-06-17,Asset recovery team assigned for asset repossession proceedings.
COL11765,APP11655,Zenith Financial Recovery,2025-10-31,7129.77,Promise to Pay,WhatsApp Bot,2025-11-15,,Pending,5,2025-10-23,Borrower promised to pay ₹7129.77 by 2025-11-15.
COL11766,APP12012,Meenakshi Sundaram (Legal Agent),2024-07-11,32646.68,Legal Action Initiated,WhatsApp Bot,,,Rejected,8,2024-07-02,Section 25 / NI Act 138 legal notice issued for persistent loan default.
COL11767,APP11771,Apex Recovery Agency,2025-07-23,13651.64,Unreachable,WhatsApp Bot,,,Pending,10,2025-07-13,Borrower unreachable on registered phone number. Escalated to field team.
COL11768,APP11545,Zenith Financial Recovery,2025-01-23,123506.33,Unreachable,Digital Reminder,,,Pending,6,2025-01-14,Borrower unreachable on registered phone number. Escalated to field team.
COL11769,APP10223,Zenith Financial Recovery,2025-01-21,100062.57,Settled,Legal Notice,2025-01-12,69331.16,Partial Settlement,11,2025-01-12,Loan settled at ₹69331.16 under Partial Settlement arrangement.
COL11770,APP10591,Priya Deshmukh (Internal),2025-07-12,133938.73,Promise to Pay,Tele-calling,2025-07-16,,Pending,1,2025-07-06,Borrower promised to pay ₹133938.73 by 2025-07-16.
COL11771,APP12269,Apex Recovery Agency,2025-04-10,97640.58,Legal Action Initiated,WhatsApp Bot,,,Rejected,10,2025-03-31,Section 25 / NI Act 138 legal notice issued for persistent loan default.
COL11772,APP12149,Zenith Financial Recovery,2024-09-27,62864.48,Promise to Pay,WhatsApp Bot,2024-10-17,,Pending,4,2024-09-21,Borrower promised to pay ₹62864.48 by 2024-10-17.
COL11773,APP11815,Vikramaditya Singh (Internal),2024-08-21,29438.97,Repossession Pending,WhatsApp Bot,,,Pending,6,2024-08-11,Asset recovery team assigned for asset repossession proceedings.
COL11774,APP11921,Zenith Financial Recovery,2025-02-20,18140.63,Contacted,Tele-calling,,,Pending,3,2025-02-10,Customer contacted via Tele-calling. Payment request sent.
COL11775,APP10078,Apex Recovery Agency,2024-11-15,43380.39,Promise to Pay,Digital Reminder,2024-11-27,,Pending,6,2024-11-14,Borrower promised to pay ₹43380.39 by 2024-11-27.
COL11776,APP10690,Suresh Kumar (Field Specialist),2024-10-03,18154.85,Repossession Pending,WhatsApp Bot,,,Pending,1,2024-09-30,Asset recovery team assigned for asset repossession proceedings.
COL11777,APP12374,Apex Recovery Agency,2025-10-26,47795.16,Contacted,Field Visit,,,Pending,9,2025-10-19,Customer contacted via Field Visit. Payment request sent.
COL11778,APP11825,Anita Roy (Internal),2025-05-31,77097.25,Repossession Pending,Digital Reminder,,,Pending,2,2025-05-26,Asset recovery team assigned for asset repossession proceedings.
COL11779,APP10027,Vanguard Legal & Recovery Services,2024-08-28,61632.27,Legal Action Initiated,Field Visit,,,Rejected,2,2024-08-26,Section 25 / NI Act 138 legal notice issued for persistent loan default.
COL11780,APP11367,Prudence Resolution Services,2025-10-04,48313.05,Legal Action Initiated,Field Visit,,,Rejected,11,2025-09-29,Section 25 / NI Act 138 legal notice issued for persistent loan default.
COL11781,APP11631,Prudence Resolution Services,2025-07-18,90604.17,Unreachable,Digital Reminder,,,Pending,4,2025-07-16,Borrower unreachable on registered phone number. Escalated to field team.
COL11782,APP11152,Meenakshi Sundaram (Legal Agent),2025-01-19,37670.87,Legal Action Initiated,Digital Reminder,,,Rejected,11,2025-01-12,Section 25 / NI Act 138 legal notice issued for persistent loan default.
COL11783,APP11821,Zenith Financial Recovery,2024-07-13,18138.96,Settled,Digital Reminder,2024-07-05,14508.06,Full Settlement,1,2024-07-06,Loan settled at ₹14508.06 under Full Settlement arrangement.
COL11784,APP10789,Prudence Resolution Services,2025-04-19,338411.33,Unreachable,Legal Notice,,,Pending,8,2025-04-18,Borrower unreachable on registered phone number. Escalated to field team.
COL11785,APP11772,Anita Roy (Internal),2024-10-18,8347.54,Legal Action Initiated,WhatsApp Bot,,,Rejected,8,2024-10-11,Section 25 / NI Act 138 legal notice issued for persistent loan default.
COL11786,APP11950,Suresh Kumar (Field Specialist),2025-04-21,132568.95,Contacted,Legal Notice,,,Pending,4,2025-04-17,Customer contacted via Legal Notice. Payment request sent.
COL11787,APP11062,Vanguard Legal & Recovery Services,2025-04-04,32917.57,Contacted,Legal Notice,,,Pending,11,2025-04-02,Customer contacted via Legal Notice. Payment request sent.
COL11788,APP10767,Vanguard Legal & Recovery Services,2024-08-16,16002.96,Settled,Field Visit,2024-08-10,11329.05,Partial Settlement,9,2024-08-11,Loan settled at ₹11329.05 under Partial Settlement arrangement.
COL11789,APP10873,Vanguard Legal & Recovery Services,2024-09-04,213260.32,Contacted,Tele-calling,,,Pending,3,2024-08-27,Customer contacted via Tele-calling. Payment request sent.
COL11790,APP10335,Prudence Resolution Services,2025-04-22,195665.93,Contacted,Tele-calling,,,Pending,2,2025-04-20,Customer contacted via Tele-calling. Payment request sent.
COL11791,APP11061,Meenakshi Sundaram (Legal Agent),2025-12-16,14279.86,Promise to Pay,Tele-calling,2026-01-05,,Pending,9,2025-12-15,Borrower promised to pay ₹14279.86 by 2026-01-05.
COL11792,APP11567,Apex Recovery Agency,2024-07-12,78190.14,Repossession Pending,WhatsApp Bot,,,Pending,5,2024-07-06,Asset recovery team assigned for asset repossession proceedings.
COL11793,APP11202,Prudence Resolution Services,2026-01-24,162070.9,Repossession Pending,Legal Notice,,,Pending,1,2026-01-23,Asset recovery team assigned for asset repossession proceedings.
COL11794,APP11040,Rajesh Sharma (Internal),2024-11-10,48369.05,Settled,Digital Reminder,2024-11-02,34676.84,Full Settlement,10,2024-11-02,Loan settled at ₹34676.84 under Full Settlement arrangement.
COL11795,APP12137,Meenakshi Sundaram (Legal Agent),2024-10-08,25646.65,Repossession Pending,Tele-calling,,,Pending,3,2024-09-28,Asset recovery team assigned for asset repossession proceedings.
COL11796,APP11418,Priya Deshmukh (Internal),2026-01-12,109168.41,Contacted,Digital Reminder,,,Pending,12,2026-01-09,Customer contacted via Digital Reminder. Payment request sent.
COL11797,APP11733,Suresh Kumar (Field Specialist),2025-07-03,43209.54,Contacted,Field Visit,,,Pending,4,2025-06-25,Customer contacted via Field Visit. Payment request sent.
COL11798,APP11424,Prudence Resolution Services,2026-01-14,26593.36,Unreachable,Field Visit,,,Pending,5,2026-01-10,Borrower unreachable on registered phone number. Escalated to field team.
COL11799,APP12957,Meenakshi Sundaram (Legal Agent),2025-10-23,27364.92,Repossession Pending,Tele-calling,,,Pending,1,2025-10-22,Asset recovery team assigned for asset repossession proceedings.
COL11800,APP10328,Meenakshi Sundaram (Legal Agent),2024-12-06,11347.65,Repossession Pending,Field Visit,,,Pending,11,2024-11-27,Asset recovery team assigned for asset repossession proceedings.
COL11801,APP10693,Priya Deshmukh (Internal),2024-07-18,12437.23,Repossession Pending,Field Visit,,,Pending,12,2024-07-17,Asset recovery team assigned for asset repossession proceedings.
COL11802,APP11468,Vikramaditya Singh (Internal),2025-01-02,47637.44,Settled,Field Visit,2024-12-28,30365.71,Partial Settlement,12,2025-01-01,Loan settled at ₹30365.71 under Partial Settlement arrangement.
COL11803,APP11307,Zenith Financial Recovery,2025-06-13,89617.69,Promise to Pay,Field Visit,2025-06-28,,Pending,6,2025-06-07,Borrower promised to pay ₹89617.69 by 2025-06-28.
COL11804,APP10033,Apex Recovery Agency,2024-12-29,48268.71,Repossession Pending,Digital Reminder,,,Pending,7,2024-12-24,Asset recovery team assigned for asset repossession proceedings.
COL11805,APP12439,Priya Deshmukh (Internal),2025-02-14,253828.89,Unreachable,Digital Reminder,,,Pending,1,2025-02-08,Borrower unreachable on registered phone number. Escalated to field team.
COL11806,APP11221,Vikramaditya Singh (Internal),2024-12-26,69049.31,Contacted,Tele-calling,,,Pending,7,2024-12-25,Customer contacted via Tele-calling. Payment request sent.
COL11807,APP12077,Vikramaditya Singh (Internal),2025-09-28,29693.86,Settled,Legal Notice,2025-09-14,21431.4,Partial Settlement,9,2025-09-27,Loan settled at ₹21431.4 under Partial Settlement arrangement.
COL11808,APP12894,Zenith Financial Recovery,2025-07-05,59349.8,Repossession Pending,Field Visit,,,Pending,5,2025-07-03,Asset recovery team assigned for asset repossession proceedings.
COL11809,APP12506,Priya Deshmukh (Internal),2025-10-11,33464.03,Promise to Pay,Digital Reminder,2025-10-31,,Pending,7,2025-10-08,Borrower promised to pay ₹33464.03 by 2025-10-31.
COL11810,APP11418,Vikramaditya Singh (Internal),2024-09-10,112537.46,Settled,Tele-calling,2024-08-28,96921.88,Partial Settlement,5,2024-08-31,Loan settled at ₹96921.88 under Partial Settlement arrangement.
COL11811,APP10868,Anita Roy (Internal),2025-02-06,49252.91,Contacted,WhatsApp Bot,,,Pending,11,2025-01-29,Customer contacted via WhatsApp Bot. Payment request sent.
COL11812,APP12419,Vikramaditya Singh (Internal),2025-05-02,19972.55,Legal Action Initiated,Digital Reminder,,,Rejected,12,2025-04-24,Section 25 / NI Act 138 legal notice issued for persistent loan default.
COL11813,APP10607,Meenakshi Sundaram (Legal Agent),2025-04-10,27473.61,Contacted,Legal Notice,,,Pending,12,2025-04-04,Customer contacted via Legal Notice. Payment request sent.
COL11814,APP12076,Apex Recovery Agency,2025-12-31,238619.32,Promise to Pay,WhatsApp Bot,2026-01-06,,Pending,10,2025-12-26,Borrower promised to pay ₹238619.32 by 2026-01-06.
COL11815,APP12304,Zenith Financial Recovery,2025-05-11,42810.45,Promise to Pay,WhatsApp Bot,2025-05-21,,Pending,6,2025-05-04,Borrower promised to pay ₹42810.45 by 2025-05-21.
COL11816,APP11876,Prudence Resolution Services,2024-08-18,43428.95,Promise to Pay,Digital Reminder,2024-08-25,,Pending,2,2024-08-09,Borrower promised to pay ₹43428.95 by 2024-08-25.
COL11817,APP11147,Vanguard Legal & Recovery Services,2024-08-14,13107.83,Promise to Pay,Tele-calling,2024-09-03,,Pending,2,2024-08-04,Borrower promised to pay ₹13107.83 by 2024-09-03.
COL11818,APP11726,Vikramaditya Singh (Internal),2024-07-08,122461.83,Repossession Pending,Field Visit,,,Pending,5,2024-07-08,Asset recovery team assigned for asset repossession proceedings.
COL11819,APP10034,Anita Roy (Internal),2025-01-01,19026.71,Repossession Pending,Legal Notice,,,Pending,2,2024-12-27,Asset recovery team assigned for asset repossession proceedings.
COL11820,APP11211,Meenakshi Sundaram (Legal Agent),2025-12-02,45158.08,Contacted,Tele-calling,,,Pending,12,2025-11-22,Customer contacted via Tele-calling. Payment request sent.
COL11821,APP11873,Rajesh Sharma (Internal),2024-06-07,21342.9,Repossession Pending,Digital Reminder,,,Pending,8,2024-06-04,Asset recovery team assigned for asset repossession proceedings.
COL11822,APP11687,Prudence Resolution Services,2026-01-11,15322.78,Contacted,Tele-calling,,,Pending,5,2026-01-11,Customer contacted via Tele-calling. Payment request sent.
COL11823,APP11240,Prudence Resolution Services,2024-09-08,49721.38,Unreachable,Legal Notice,,,Pending,11,2024-08-30,Borrower unreachable on registered phone number. Escalated to field team.
COL11824,APP11662,Apex Recovery Agency,2024-07-17,41951.49,Promise to Pay,Field Visit,2024-07-26,,Pending,12,2024-07-15,Borrower promised to pay ₹41951.49 by 2024-07-26.
COL11825,APP10129,Priya Deshmukh (Internal),2025-01-18,33303.78,Settled,Field Visit,2025-01-13,28441.77,Full Settlement,10,2025-01-16,Loan settled at ₹28441.77 under Full Settlement arrangement.
COL11826,APP11121,Prudence Resolution Services,2024-11-10,33815.93,Repossession Pending,Legal Notice,,,Pending,8,2024-11-04,Asset recovery team assigned for asset repossession proceedings.
COL11827,APP12962,Vikramaditya Singh (Internal),2025-08-05,31589.23,Contacted,Legal Notice,,,Pending,2,2025-08-04,Customer contacted via Legal Notice. Payment request sent.
COL11828,APP10527,Priya Deshmukh (Internal),2024-11-18,67937.09,Promise to Pay,Tele-calling,2024-12-08,,Pending,5,2024-11-10,Borrower promised to pay ₹67937.09 by 2024-12-08.
COL11829,APP12968,Meenakshi Sundaram (Legal Agent),2026-01-30,51417.99,Settled,WhatsApp Bot,2026-01-16,48012.39,Full Settlement,9,2026-01-20,Loan settled at ₹48012.39 under Full Settlement arrangement.
COL11830,APP12731,Vikramaditya Singh (Internal),2025-01-06,49707.75,Unreachable,WhatsApp Bot,,,Pending,12,2025-01-06,Borrower unreachable on registered phone number. Escalated to field team.
COL11831,APP12109,Vanguard Legal & Recovery Services,2024-09-02,35052.55,Unreachable,Legal Notice,,,Pending,10,2024-09-01,Borrower unreachable on registered phone number. Escalated to field team.
COL11832,APP11294,Rajesh Sharma (Internal),2024-09-24,159187.59,Repossession Pending,Field Visit,,,Pending,9,2024-09-17,Asset recovery team assigned for asset repossession proceedings.
COL11833,APP11468,Meenakshi Sundaram (Legal Agent),2025-01-24,32221.85,Contacted,Field Visit,,,Pending,3,2025-01-21,Customer contacted via Field Visit. Payment request sent.
COL11834,APP11970,Suresh Kumar (Field Specialist),2025-12-18,84428.7,Legal Action Initiated,WhatsApp Bot,,,Rejected,2,2025-12-13,Section 25 / NI Act 138 legal notice issued for persistent loan default.
COL11835,APP12245,Suresh Kumar (Field Specialist),2024-11-30,19373.1,Settled,Tele-calling,2024-11-18,12571.19,Full Settlement,1,2024-11-24,Loan settled at ₹12571.19 under Full Settlement arrangement.
COL11836,APP12791,Anita Roy (Internal),2025-12-12,37133.97,Promise to Pay,WhatsApp Bot,2025-12-29,,Pending,2,2025-12-07,Borrower promised to pay ₹37133.97 by 2025-12-29.
COL11837,APP11767,Apex Recovery Agency,2024-06-28,16007.44,Contacted,Legal Notice,,,Pending,11,2024-06-28,Customer contacted via Legal Notice. Payment request sent.
COL11838,APP11185,Anita Roy (Internal),2026-01-21,21270.73,Promise to Pay,Legal Notice,2026-01-30,,Pending,2,2026-01-20,Borrower promised to pay ₹21270.73 by 2026-01-30.
COL11839,APP12396,Anita Roy (Internal),2024-06-27,161194.19,Legal Action Initiated,Digital Reminder,,,Rejected,12,2024-06-25,Section 25 / NI Act 138 legal notice issued for persistent loan default.
COL11840,APP12850,Prudence Resolution Services,2025-03-24,14865.39,Repossession Pending,Digital Reminder,,,Pending,5,2025-03-20,Asset recovery team assigned for asset repossession proceedings.
COL11841,APP11512,Anita Roy (Internal),2025-10-02,113704.59,Promise to Pay,WhatsApp Bot,2025-10-21,,Pending,5,2025-09-25,Borrower promised to pay ₹113704.59 by 2025-10-21.
COL11842,APP10322,Vikramaditya Singh (Internal),2025-04-18,16555.85,Settled,Field Visit,2025-04-13,12452.34,Waived Off,7,2025-04-11,Loan settled at ₹12452.34 under Waived Off arrangement.
COL11843,APP10081,Rajesh Sharma (Internal),2025-02-07,4533.48,Contacted,WhatsApp Bot,,,Pending,7,2025-02-02,Customer contacted via WhatsApp Bot. Payment request sent.
COL11844,APP10147,Anita Roy (Internal),2025-07-20,17874.65,Repossession Pending,Legal Notice,,,Pending,7,2025-07-11,Asset recovery team assigned for asset repossession proceedings.
COL11845,APP11123,Priya Deshmukh (Internal),2025-04-26,26061.22,Promise to Pay,Digital Reminder,2025-04-30,,Pending,6,2025-04-16,Borrower promised to pay ₹26061.22 by 2025-04-30.
COL11846,APP10612,Apex Recovery Agency,2024-07-11,29268.01,Legal Action Initiated,Field Visit,,,Rejected,11,2024-07-04,Section 25 / NI Act 138 legal notice issued for persistent loan default.
COL11847,APP12520,Vanguard Legal & Recovery Services,2025-12-24,25639.93,Promise to Pay,Field Visit,2026-01-07,,Pending,8,2025-12-15,Borrower promised to pay ₹25639.93 by 2026-01-07.
COL11848,APP12284,Meenakshi Sundaram (Legal Agent),2024-07-19,48395.79,Promise to Pay,WhatsApp Bot,2024-07-30,,Pending,2,2024-07-13,Borrower promised to pay ₹48395.79 by 2024-07-30.
COL11849,APP12012,Anita Roy (Internal),2025-02-20,61229.75,Legal Action Initiated,WhatsApp Bot,,,Rejected,11,2025-02-18,Section 25 / NI Act 138 legal notice issued for persistent loan default.
COL11850,APP11646,Zenith Financial Recovery,2024-12-10,110665.09,Promise to Pay,Digital Reminder,2024-12-15,,Pending,9,2024-11-30,Borrower promised to pay ₹110665.09 by 2024-12-15.
COL11851,APP11924,Apex Recovery Agency,2025-07-15,36466.47,Promise to Pay,Field Visit,2025-07-27,,Pending,10,2025-07-05,Borrower promised to pay ₹36466.47 by 2025-07-27.
COL11852,APP11758,Suresh Kumar (Field Specialist),2025-07-23,154350.22,Repossession Pending,WhatsApp Bot,,,Pending,5,2025-07-21,Asset recovery team assigned for asset repossession proceedings.
COL11853,APP10869,Priya Deshmukh (Internal),2025-11-24,25668.74,Repossession Pending,Digital Reminder,,,Pending,7,2025-11-21,Asset recovery team assigned for asset repossession proceedings.
COL11854,APP10184,Apex Recovery Agency,2025-07-05,52468.18,Contacted,Legal Notice,,,Pending,5,2025-06-25,Customer contacted via Legal Notice. Payment request sent.
COL11855,APP12003,Vikramaditya Singh (Internal),2024-07-14,55080.01,Settled,Legal Notice,2024-07-06,46075.13,Waived Off,3,2024-07-08,Loan settled at ₹46075.13 under Waived Off arrangement.
COL11856,APP12972,Suresh Kumar (Field Specialist),2024-06-24,7841.98,Settled,Field Visit,2024-06-12,5549.81,Partial Settlement,11,2024-06-23,Loan settled at ₹5549.81 under Partial Settlement arrangement.
COL11857,APP12760,Apex Recovery Agency,2024-06-24,25884.8,Legal Action Initiated,WhatsApp Bot,,,Rejected,4,2024-06-23,Section 25 / NI Act 138 legal notice issued for persistent loan default.
COL11858,APP10550,Priya Deshmukh (Internal),2025-03-10,48442.59,Repossession Pending,WhatsApp Bot,,,Pending,6,2025-03-08,Asset recovery team assigned for asset repossession proceedings.
COL11859,APP12633,Meenakshi Sundaram (Legal Agent),2024-07-29,88041.33,Repossession Pending,Tele-calling,,,Pending,5,2024-07-26,Asset recovery team assigned for asset repossession proceedings.
COL11860,APP11659,Priya Deshmukh (Internal),2026-01-23,16648.19,Settled,Field Visit,2026-01-12,11281.77,Waived Off,6,2026-01-22,Loan settled at ₹11281.77 under Waived Off arrangement.
COL11861,APP11471,Anita Roy (Internal),2025-09-21,280621.17,Contacted,Tele-calling,,,Pending,12,2025-09-20,Customer contacted via Tele-calling. Payment request sent.
COL11862,APP10684,Rajesh Sharma (Internal),2024-12-20,16187.87,Promise to Pay,WhatsApp Bot,2024-12-27,,Pending,8,2024-12-17,Borrower promised to pay ₹16187.87 by 2024-12-27.
COL11863,APP10316,Prudence Resolution Services,2024-08-18,73031.33,Contacted,Field Visit,,,Pending,2,2024-08-09,Customer contacted via Field Visit. Payment request sent.
COL11864,APP12830,Zenith Financial Recovery,2025-07-22,25647.35,Unreachable,Legal Notice,,,Pending,9,2025-07-14,Borrower unreachable on registered phone number. Escalated to field team.
COL11865,APP11097,Rajesh Sharma (Internal),2024-07-01,37467.87,Promise to Pay,Field Visit,2024-07-14,,Pending,10,2024-06-30,Borrower promised to pay ₹37467.87 by 2024-07-14.
COL11866,APP10373,Anita Roy (Internal),2024-06-14,30938.34,Promise to Pay,WhatsApp Bot,2024-06-27,,Pending,4,2024-06-08,Borrower promised to pay ₹30938.34 by 2024-06-27.
COL11867,APP11437,Zenith Financial Recovery,2024-10-01,116466.68,Repossession Pending,Legal Notice,,,Pending,12,2024-09-25,Asset recovery team assigned for asset repossession proceedings.
COL11868,APP11578,Meenakshi Sundaram (Legal Agent),2024-10-16,8377.66,Unreachable,Field Visit,,,Pending,1,2024-10-15,Borrower unreachable on registered phone number. Escalated to field team.
COL11869,APP11919,Meenakshi Sundaram (Legal Agent),2026-01-10,139044.01,Contacted,Tele-calling,,,Pending,5,2026-01-09,Customer contacted via Tele-calling. Payment request sent.
COL11870,APP12597,Apex Recovery Agency,2024-06-28,8398.4,Promise to Pay,Field Visit,2024-07-14,,Pending,10,2024-06-26,Borrower promised to pay ₹8398.4 by 2024-07-14.
COL11871,APP12800,Vikramaditya Singh (Internal),2024-08-15,71026.71,Promise to Pay,Field Visit,2024-08-26,,Pending,4,2024-08-08,Borrower promised to pay ₹71026.71 by 2024-08-26.
COL11872,APP11371,Prudence Resolution Services,2025-03-29,11449.91,Contacted,Digital Reminder,,,Pending,3,2025-03-21,Customer contacted via Digital Reminder. Payment request sent.
COL11873,APP12922,Vanguard Legal & Recovery Services,2025-05-12,62258.34,Settled,Tele-calling,2025-05-01,46841.93,Partial Settlement,4,2025-05-05,Loan settled at ₹46841.93 under Partial Settlement arrangement.
COL11874,APP12417,Suresh Kumar (Field Specialist),2024-06-19,108448.1,Contacted,Tele-calling,,,Pending,1,2024-06-16,Customer contacted via Tele-calling. Payment request sent.
COL11875,APP12770,Suresh Kumar (Field Specialist),2024-08-30,73296.93,Settled,Field Visit,2024-08-23,55666.82,Waived Off,1,2024-08-24,Loan settled at ₹55666.82 under Waived Off arrangement.
COL11876,APP12434,Priya Deshmukh (Internal),2025-05-15,147838.47,Promise to Pay,Tele-calling,2025-05-31,,Pending,6,2025-05-15,Borrower promised to pay ₹147838.47 by 2025-05-31.
COL11877,APP11534,Suresh Kumar (Field Specialist),2025-10-10,30793.47,Unreachable,Field Visit,,,Pending,7,2025-10-02,Borrower unreachable on registered phone number. Escalated to field team.
COL11878,APP11708,Meenakshi Sundaram (Legal Agent),2024-07-12,111387.21,Legal Action Initiated,Field Visit,,,Rejected,2,2024-07-09,Section 25 / NI Act 138 legal notice issued for persistent loan default.
COL11879,APP12747,Suresh Kumar (Field Specialist),2025-05-17,29209.45,Legal Action Initiated,Tele-calling,,,Rejected,5,2025-05-14,Section 25 / NI Act 138 legal notice issued for persistent loan default.
COL11880,APP11040,Suresh Kumar (Field Specialist),2025-06-19,48670.12,Promise to Pay,WhatsApp Bot,2025-06-23,,Pending,10,2025-06-18,Borrower promised to pay ₹48670.12 by 2025-06-23.
COL11881,APP10533,Prudence Resolution Services,2024-07-19,26526.09,Repossession Pending,Digital Reminder,,,Pending,9,2024-07-14,Asset recovery team assigned for asset repossession proceedings.
COL11882,APP12036,Meenakshi Sundaram (Legal Agent),2024-06-17,45159.0,Settled,Tele-calling,2024-06-08,39855.69,Waived Off,12,2024-06-10,Loan settled at ₹39855.69 under Waived Off arrangement.
COL11883,APP10050,Meenakshi Sundaram (Legal Agent),2026-01-08,119494.0,Legal Action Initiated,WhatsApp Bot,,,Rejected,7,2025-12-29,Section 25 / NI Act 138 legal notice issued for persistent loan default.
COL11884,APP12236,Suresh Kumar (Field Specialist),2025-09-11,47913.58,Legal Action Initiated,WhatsApp Bot,,,Rejected,2,2025-09-03,Section 25 / NI Act 138 legal notice issued for persistent loan default.
COL11885,APP11900,Vikramaditya Singh (Internal),2026-01-04,28790.84,Settled,WhatsApp Bot,2025-12-25,18311.85,Waived Off,4,2026-01-02,Loan settled at ₹18311.85 under Waived Off arrangement.
COL11886,APP11662,Suresh Kumar (Field Specialist),2024-12-17,36399.33,Legal Action Initiated,Legal Notice,,,Rejected,3,2024-12-14,Section 25 / NI Act 138 legal notice issued for persistent loan default.
COL11887,APP11286,Vikramaditya Singh (Internal),2025-08-15,52412.11,Settled,Field Visit,2025-08-02,38928.4,Full Settlement,7,2025-08-06,Loan settled at ₹38928.4 under Full Settlement arrangement.
COL11888,APP12273,Suresh Kumar (Field Specialist),2025-08-02,66789.16,Promise to Pay,Digital Reminder,2025-08-19,,Pending,1,2025-07-23,Borrower promised to pay ₹66789.16 by 2025-08-19.
COL11889,APP12802,Priya Deshmukh (Internal),2025-11-15,29062.12,Legal Action Initiated,Legal Notice,,,Rejected,10,2025-11-12,Section 25 / NI Act 138 legal notice issued for persistent loan default.
COL11890,APP11482,Meenakshi Sundaram (Legal Agent),2024-10-20,45920.5,Repossession Pending,Legal Notice,,,Pending,11,2024-10-12,Asset recovery team assigned for asset repossession proceedings.
COL11891,APP10789,Apex Recovery Agency,2024-09-29,403991.3,Settled,Tele-calling,2024-09-15,290659.18,Partial Settlement,3,2024-09-20,Loan settled at ₹290659.18 under Partial Settlement arrangement.
COL11892,APP11714,Vikramaditya Singh (Internal),2024-10-29,200489.95,Legal Action Initiated,Digital Reminder,,,Rejected,7,2024-10-19,Section 25 / NI Act 138 legal notice issued for persistent loan default.
COL11893,APP11116,Anita Roy (Internal),2024-08-14,35847.08,Unreachable,WhatsApp Bot,,,Pending,4,2024-08-14,Borrower unreachable on registered phone number. Escalated to field team.
COL11894,APP11729,Zenith Financial Recovery,2024-10-28,29519.8,Contacted,Digital Reminder,,,Pending,4,2024-10-20,Customer contacted via Digital Reminder. Payment request sent.
COL11895,APP10320,Meenakshi Sundaram (Legal Agent),2025-03-01,61125.26,Contacted,Legal Notice,,,Pending,7,2025-02-21,Customer contacted via Legal Notice. Payment request sent.
COL11896,APP10834,Priya Deshmukh (Internal),2024-07-12,247988.4,Settled,WhatsApp Bot,2024-06-30,148877.94,Full Settlement,1,2024-07-10,Loan settled at ₹148877.94 under Full Settlement arrangement.
COL11897,APP12600,Vanguard Legal & Recovery Services,2024-07-27,62030.82,Unreachable,WhatsApp Bot,,,Pending,2,2024-07-21,Borrower unreachable on registered phone number. Escalated to field team.
COL11898,APP11477,Priya Deshmukh (Internal),2025-05-09,31985.99,Contacted,Tele-calling,,,Pending,1,2025-05-09,Customer contacted via Tele-calling. Payment request sent.
COL11899,APP12374,Vanguard Legal & Recovery Services,2025-03-28,41365.05,Contacted,WhatsApp Bot,,,Pending,11,2025-03-19,Customer contacted via WhatsApp Bot. Payment request sent.
COL11900,APP12288,Prudence Resolution Services,2025-11-17,68445.08,Unreachable,Tele-calling,,,Pending,4,2025-11-08,Borrower unreachable on registered phone number. Escalated to field team.
COL11901,APP12294,Vanguard Legal & Recovery Services,2025-03-14,215711.37,Contacted,Field Visit,,,Pending,5,2025-03-14,Customer contacted via Field Visit. Payment request sent.
COL11902,APP12733,Zenith Financial Recovery,2025-09-03,40835.13,Legal Action Initiated,Digital Reminder,,,Rejected,3,2025-08-28,Section 25 / NI Act 138 legal notice issued for persistent loan default.
COL11903,APP11687,Vikramaditya Singh (Internal),2024-09-03,13339.34,Promise to Pay,WhatsApp Bot,2024-09-21,,Pending,12,2024-08-27,Borrower promised to pay ₹13339.34 by 2024-09-21.
COL11904,APP12570,Rajesh Sharma (Internal),2025-02-25,119321.91,Legal Action Initiated,Field Visit,,,Rejected,1,2025-02-19,Section 25 / NI Act 138 legal notice issued for persistent loan default.
COL11905,APP12186,Suresh Kumar (Field Specialist),2025-09-08,78148.5,Contacted,Legal Notice,,,Pending,4,2025-09-07,Customer contacted via Legal Notice. Payment request sent.
COL11906,APP11311,Prudence Resolution Services,2025-07-16,85434.55,Repossession Pending,Legal Notice,,,Pending,2,2025-07-09,Asset recovery team assigned for asset repossession proceedings.
COL11907,APP11848,Anita Roy (Internal),2024-11-16,126793.15,Contacted,Digital Reminder,,,Pending,11,2024-11-15,Customer contacted via Digital Reminder. Payment request sent.
COL11908,APP11158,Meenakshi Sundaram (Legal Agent),2025-08-07,8505.3,Contacted,Field Visit,,,Pending,4,2025-07-30,Customer contacted via Field Visit. Payment request sent.
COL11909,APP10616,Vikramaditya Singh (Internal),2025-06-21,8107.61,Unreachable,Digital Reminder,,,Pending,2,2025-06-18,Borrower unreachable on registered phone number. Escalated to field team.
COL11910,APP11248,Zenith Financial Recovery,2026-01-28,19965.72,Repossession Pending,Tele-calling,,,Pending,1,2026-01-26,Asset recovery team assigned for asset repossession proceedings.
COL11911,APP11847,Rajesh Sharma (Internal),2024-09-05,8973.71,Unreachable,Field Visit,,,Pending,7,2024-09-01,Borrower unreachable on registered phone number. Escalated to field team.
COL11912,APP12708,Rajesh Sharma (Internal),2024-09-13,52110.68,Unreachable,Field Visit,,,Pending,7,2024-09-06,Borrower unreachable on registered phone number. Escalated to field team.
COL11913,APP10863,Anita Roy (Internal),2025-11-08,87582.43,Unreachable,Field Visit,,,Pending,3,2025-11-06,Borrower unreachable on registered phone number. Escalated to field team.
COL11914,APP12611,Rajesh Sharma (Internal),2026-01-25,13592.71,Repossession Pending,Field Visit,,,Pending,9,2026-01-23,Asset recovery team assigned for asset repossession proceedings.
COL11915,APP10533,Priya Deshmukh (Internal),2026-01-08,31706.28,Legal Action Initiated,Legal Notice,,,Rejected,9,2026-01-03,Section 25 / NI Act 138 legal notice issued for persistent loan default.
COL11916,APP11439,Meenakshi Sundaram (Legal Agent),2025-01-24,72878.57,Promise to Pay,Digital Reminder,2025-01-30,,Pending,9,2025-01-21,Borrower promised to pay ₹72878.57 by 2025-01-30.
COL11917,APP10084,Vikramaditya Singh (Internal),2025-05-13,54974.1,Repossession Pending,WhatsApp Bot,,,Pending,4,2025-05-04,Asset recovery team assigned for asset repossession proceedings.
COL11918,APP11362,Rajesh Sharma (Internal),2025-08-13,43750.94,Repossession Pending,Digital Reminder,,,Pending,7,2025-08-03,Asset recovery team assigned for asset repossession proceedings.
COL11919,APP11243,Zenith Financial Recovery,2025-10-22,13130.37,Repossession Pending,Digital Reminder,,,Pending,4,2025-10-16,Asset recovery team assigned for asset repossession proceedings.
COL11920,APP12459,Vikramaditya Singh (Internal),2024-10-26,76484.16,Settled,Tele-calling,2024-10-19,51884.4,Full Settlement,2,2024-10-16,Loan settled at ₹51884.4 under Full Settlement arrangement.
COL11921,APP12337,Prudence Resolution Services,2025-06-10,42368.21,Contacted,Field Visit,,,Pending,1,2025-06-05,Customer contacted via Field Visit. Payment request sent.
COL11922,APP12597,Zenith Financial Recovery,2024-08-14,7376.72,Repossession Pending,Tele-calling,,,Pending,9,2024-08-04,Asset recovery team assigned for asset repossession proceedings.
COL11923,APP12802,Anita Roy (Internal),2025-09-11,15634.69,Promise to Pay,WhatsApp Bot,2025-10-01,,Pending,10,2025-09-11,Borrower promised to pay ₹15634.69 by 2025-10-01.
COL11924,APP10863,Apex Recovery Agency,2025-12-12,78511.09,Unreachable,Field Visit,,,Pending,1,2025-12-10,Borrower unreachable on registered phone number. Escalated to field team.
COL11925,APP11294,Rajesh Sharma (Internal),2025-01-22,195681.29,Contacted,Legal Notice,,,Pending,11,2025-01-14,Customer contacted via Legal Notice. Payment request sent.
COL11926,APP12699,Meenakshi Sundaram (Legal Agent),2025-04-02,226577.16,Legal Action Initiated,Legal Notice,,,Rejected,10,2025-03-28,Section 25 / NI Act 138 legal notice issued for persistent loan default.
COL11927,APP10416,Suresh Kumar (Field Specialist),2025-12-11,15926.6,Repossession Pending,Tele-calling,,,Pending,9,2025-12-04,Asset recovery team assigned for asset repossession proceedings.
COL11928,APP12741,Zenith Financial Recovery,2025-12-10,64659.81,Settled,Tele-calling,2025-11-29,43231.29,Partial Settlement,7,2025-12-03,Loan settled at ₹43231.29 under Partial Settlement arrangement.
COL11929,APP12840,Rajesh Sharma (Internal),2024-08-05,18228.79,Unreachable,WhatsApp Bot,,,Pending,12,2024-07-26,Borrower unreachable on registered phone number. Escalated to field team.
COL11930,APP12328,Zenith Financial Recovery,2026-01-10,88585.76,Legal Action Initiated,WhatsApp Bot,,,Rejected,7,2026-01-02,Section 25 / NI Act 138 legal notice issued for persistent loan default.
COL11931,APP10877,Vikramaditya Singh (Internal),2024-07-10,31173.14,Settled,Field Visit,2024-06-30,24425.26,Waived Off,11,2024-07-02,Loan settled at ₹24425.26 under Waived Off arrangement.
COL11932,APP11886,Vikramaditya Singh (Internal),2024-07-01,26670.05,Settled,Field Visit,2024-06-20,22794.65,Partial Settlement,11,2024-06-26,Loan settled at ₹22794.65 under Partial Settlement arrangement.
COL11933,APP12627,Zenith Financial Recovery,2025-03-14,28835.84,Contacted,WhatsApp Bot,,,Pending,9,2025-03-12,Customer contacted via WhatsApp Bot. Payment request sent.
COL11934,APP12038,Prudence Resolution Services,2025-09-15,273791.09,Settled,Legal Notice,2025-09-07,198103.45,Full Settlement,10,2025-09-09,Loan settled at ₹198103.45 under Full Settlement arrangement.
COL11935,APP12724,Vikramaditya Singh (Internal),2026-01-11,25502.33,Repossession Pending,Field Visit,,,Pending,5,2026-01-05,Asset recovery team assigned for asset repossession proceedings.
COL11936,APP10148,Priya Deshmukh (Internal),2024-11-16,667161.44,Legal Action Initiated,WhatsApp Bot,,,Rejected,5,2024-11-15,Section 25 / NI Act 138 legal notice issued for persistent loan default.
COL11937,APP12229,Vikramaditya Singh (Internal),2024-11-30,32259.02,Settled,WhatsApp Bot,2024-11-23,21295.79,Waived Off,6,2024-11-24,Loan settled at ₹21295.79 under Waived Off arrangement.
COL11938,APP12764,Priya Deshmukh (Internal),2024-09-13,44847.0,Legal Action Initiated,Legal Notice,,,Rejected,4,2024-09-05,Section 25 / NI Act 138 legal notice issued for persistent loan default.
COL11939,APP11219,Suresh Kumar (Field Specialist),2025-10-15,38120.68,Settled,Digital Reminder,2025-10-04,27200.31,Waived Off,9,2025-10-11,Loan settled at ₹27200.31 under Waived Off arrangement.
COL11940,APP12434,Zenith Financial Recovery,2024-10-01,77188.6,Settled,Legal Notice,2024-09-17,71338.59,Full Settlement,11,2024-09-23,Loan settled at ₹71338.59 under Full Settlement arrangement.
COL11941,APP11042,Zenith Financial Recovery,2025-05-08,10357.67,Unreachable,WhatsApp Bot,,,Pending,10,2025-05-05,Borrower unreachable on registered phone number. Escalated to field team.
COL11942,APP11810,Rajesh Sharma (Internal),2025-04-30,42372.45,Settled,Tele-calling,2025-04-24,37697.06,Partial Settlement,5,2025-04-23,Loan settled at ₹37697.06 under Partial Settlement arrangement.
COL11943,APP10632,Anita Roy (Internal),2025-01-06,81650.49,Repossession Pending,Field Visit,,,Pending,7,2024-12-30,Asset recovery team assigned for asset repossession proceedings.
COL11944,APP10549,Anita Roy (Internal),2024-06-17,15146.42,Unreachable,Field Visit,,,Pending,10,2024-06-13,Borrower unreachable on registered phone number. Escalated to field team.
COL11945,APP10665,Anita Roy (Internal),2025-09-11,60179.28,Contacted,Legal Notice,,,Pending,7,2025-09-02,Customer contacted via Legal Notice. Payment request sent.
COL11946,APP11067,Anita Roy (Internal),2024-10-13,94300.67,Legal Action Initiated,WhatsApp Bot,,,Rejected,8,2024-10-13,Section 25 / NI Act 138 legal notice issued for persistent loan default.
COL11947,APP11923,Prudence Resolution Services,2025-05-23,64074.33,Promise to Pay,Field Visit,2025-05-30,,Pending,7,2025-05-21,Borrower promised to pay ₹64074.33 by 2025-05-30.
COL11948,APP12270,Suresh Kumar (Field Specialist),2026-01-19,18107.0,Unreachable,Digital Reminder,,,Pending,9,2026-01-13,Borrower unreachable on registered phone number. Escalated to field team.
COL11949,APP11738,Suresh Kumar (Field Specialist),2025-10-18,19368.19,Settled,Digital Reminder,2025-10-05,18285.58,Partial Settlement,12,2025-10-13,Loan settled at ₹18285.58 under Partial Settlement arrangement.
COL11950,APP12168,Suresh Kumar (Field Specialist),2025-04-21,84379.27,Repossession Pending,Legal Notice,,,Pending,12,2025-04-12,Asset recovery team assigned for asset repossession proceedings.
COL11951,APP10943,Vikramaditya Singh (Internal),2024-09-30,84714.78,Promise to Pay,WhatsApp Bot,2024-10-13,,Pending,2,2024-09-24,Borrower promised to pay ₹84714.78 by 2024-10-13.
COL11952,APP12011,Vikramaditya Singh (Internal),2025-06-17,48348.16,Contacted,Tele-calling,,,Pending,11,2025-06-14,Customer contacted via Tele-calling. Payment request sent.
COL11953,APP10587,Anita Roy (Internal),2024-09-27,144477.64,Promise to Pay,Field Visit,2024-10-02,,Pending,6,2024-09-22,Borrower promised to pay ₹144477.64 by 2024-10-02.
COL11954,APP12272,Rajesh Sharma (Internal),2025-08-10,21378.14,Settled,Legal Notice,2025-07-26,14951.19,Full Settlement,9,2025-08-08,Loan settled at ₹14951.19 under Full Settlement arrangement.
COL11955,APP10344,Suresh Kumar (Field Specialist),2025-10-16,17712.71,Legal Action Initiated,WhatsApp Bot,,,Rejected,3,2025-10-09,Section 25 / NI Act 138 legal notice issued for persistent loan default.
COL11956,APP10946,Vanguard Legal & Recovery Services,2025-03-27,25851.59,Repossession Pending,Digital Reminder,,,Pending,11,2025-03-21,Asset recovery team assigned for asset repossession proceedings.
COL11957,APP10665,Rajesh Sharma (Internal),2024-11-19,181323.33,Settled,Field Visit,2024-11-11,142164.69,Full Settlement,6,2024-11-15,Loan settled at ₹142164.69 under Full Settlement arrangement.
COL11958,APP11862,Suresh Kumar (Field Specialist),2024-10-08,20959.78,Repossession Pending,Tele-calling,,,Pending,4,2024-09-29,Asset recovery team assigned for asset repossession proceedings.
COL11959,APP10017,Rajesh Sharma (Internal),2024-06-09,23666.8,Legal Action Initiated,Legal Notice,,,Rejected,2,2024-06-01,Section 25 / NI Act 138 legal notice issued for persistent loan default.
COL11960,APP11752,Vanguard Legal & Recovery Services,2025-09-18,20455.41,Unreachable,Legal Notice,,,Pending,6,2025-09-18,Borrower unreachable on registered phone number. Escalated to field team.
COL11961,APP11876,Vikramaditya Singh (Internal),2025-09-10,47101.32,Unreachable,Digital Reminder,,,Pending,3,2025-09-08,Borrower unreachable on registered phone number. Escalated to field team.
COL11962,APP10982,Zenith Financial Recovery,2025-12-28,120090.7,Settled,Digital Reminder,2025-12-16,87980.65,Full Settlement,11,2025-12-24,Loan settled at ₹87980.65 under Full Settlement arrangement.
COL11963,APP11416,Prudence Resolution Services,2025-09-08,20693.52,Legal Action Initiated,Field Visit,,,Rejected,7,2025-08-29,Section 25 / NI Act 138 legal notice issued for persistent loan default.
COL11964,APP10256,Priya Deshmukh (Internal),2025-08-25,8456.65,Unreachable,Tele-calling,,,Pending,2,2025-08-15,Borrower unreachable on registered phone number. Escalated to field team.
COL11965,APP11903,Vikramaditya Singh (Internal),2025-01-09,11051.07,Unreachable,Tele-calling,,,Pending,10,2024-12-30,Borrower unreachable on registered phone number. Escalated to field team.
COL11966,APP11904,Rajesh Sharma (Internal),2026-01-02,29768.61,Promise to Pay,Legal Notice,2026-01-18,,Pending,10,2025-12-30,Borrower promised to pay ₹29768.61 by 2026-01-18.
COL11967,APP12752,Anita Roy (Internal),2025-04-07,19629.4,Settled,Digital Reminder,2025-03-25,13402.15,Full Settlement,4,2025-03-30,Loan settled at ₹13402.15 under Full Settlement arrangement.
COL11968,APP12376,Prudence Resolution Services,2025-12-06,32136.46,Repossession Pending,Legal Notice,,,Pending,4,2025-12-01,Asset recovery team assigned for asset repossession proceedings.
COL11969,APP12505,Apex Recovery Agency,2025-09-18,13940.52,Unreachable,Legal Notice,,,Pending,12,2025-09-11,Borrower unreachable on registered phone number. Escalated to field team.
COL11970,APP11072,Vikramaditya Singh (Internal),2025-05-07,11226.8,Settled,Digital Reminder,2025-04-23,9137.77,Partial Settlement,5,2025-05-03,Loan settled at ₹9137.77 under Partial Settlement arrangement.
COL11971,APP11328,Vikramaditya Singh (Internal),2025-08-24,101011.14,Legal Action Initiated,Digital Reminder,,,Rejected,1,2025-08-22,Section 25 / NI Act 138 legal notice issued for persistent loan default.
COL11972,APP12231,Zenith Financial Recovery,2025-09-23,102978.39,Promise to Pay,Tele-calling,2025-09-29,,Pending,9,2025-09-16,Borrower promised to pay ₹102978.39 by 2025-09-29.
COL11973,APP12130,Zenith Financial Recovery,2025-11-14,12893.76,Promise to Pay,Legal Notice,2025-11-21,,Pending,4,2025-11-12,Borrower promised to pay ₹12893.76 by 2025-11-21.
COL11974,APP12803,Anita Roy (Internal),2024-07-26,23639.01,Settled,Field Visit,2024-07-19,21492.12,Full Settlement,9,2024-07-23,Loan settled at ₹21492.12 under Full Settlement arrangement.
COL11975,APP10536,Suresh Kumar (Field Specialist),2025-09-20,118960.52,Legal Action Initiated,Digital Reminder,,,Rejected,9,2025-09-12,Section 25 / NI Act 138 legal notice issued for persistent loan default.
COL11976,APP12118,Meenakshi Sundaram (Legal Agent),2025-06-17,15432.24,Settled,Digital Reminder,2025-06-07,10538.35,Full Settlement,11,2025-06-09,Loan settled at ₹10538.35 under Full Settlement arrangement.
COL11977,APP11419,Vanguard Legal & Recovery Services,2025-04-06,30881.33,Contacted,Tele-calling,,,Pending,4,2025-03-31,Customer contacted via Tele-calling. Payment request sent.
COL11978,APP10370,Meenakshi Sundaram (Legal Agent),2024-11-14,27832.35,Settled,WhatsApp Bot,2024-11-08,24287.36,Full Settlement,4,2024-11-05,Loan settled at ₹24287.36 under Full Settlement arrangement.
COL11979,APP10376,Meenakshi Sundaram (Legal Agent),2025-10-03,10844.53,Repossession Pending,Legal Notice,,,Pending,5,2025-09-23,Asset recovery team assigned for asset repossession proceedings.
COL11980,APP10014,Priya Deshmukh (Internal),2026-01-12,54930.45,Legal Action Initiated,Tele-calling,,,Rejected,7,2026-01-05,Section 25 / NI Act 138 legal notice issued for persistent loan default.
COL11981,APP12768,Priya Deshmukh (Internal),2024-10-27,31249.25,Unreachable,WhatsApp Bot,,,Pending,7,2024-10-27,Borrower unreachable on registered phone number. Escalated to field team.
COL11982,APP12367,Vikramaditya Singh (Internal),2025-09-15,33684.61,Promise to Pay,Tele-calling,2025-09-22,,Pending,7,2025-09-08,Borrower promised to pay ₹33684.61 by 2025-09-22.
COL11983,APP10548,Anita Roy (Internal),2025-06-27,95454.11,Repossession Pending,WhatsApp Bot,,,Pending,7,2025-06-26,Asset recovery team assigned for asset repossession proceedings.
COL11984,APP10225,Vikramaditya Singh (Internal),2024-10-18,247705.18,Contacted,Tele-calling,,,Pending,12,2024-10-13,Customer contacted via Tele-calling. Payment request sent.
COL11985,APP11067,Zenith Financial Recovery,2025-01-06,146359.03,Promise to Pay,Field Visit,2025-01-15,,Pending,1,2025-01-02,Borrower promised to pay ₹146359.03 by 2025-01-15.
COL11986,APP10407,Vanguard Legal & Recovery Services,2025-09-10,73202.23,Promise to Pay,Legal Notice,2025-09-22,,Pending,11,2025-08-31,Borrower promised to pay ₹73202.23 by 2025-09-22.
COL11987,APP11785,Anita Roy (Internal),2024-06-24,22716.47,Settled,Field Visit,2024-06-13,17802.57,Waived Off,9,2024-06-14,Loan settled at ₹17802.57 under Waived Off arrangement.
COL11988,APP11979,Rajesh Sharma (Internal),2025-03-21,40065.81,Repossession Pending,WhatsApp Bot,,,Pending,7,2025-03-19,Asset recovery team assigned for asset repossession proceedings.
COL11989,APP10789,Meenakshi Sundaram (Legal Agent),2025-05-25,369866.74,Repossession Pending,Field Visit,,,Pending,12,2025-05-19,Asset recovery team assigned for asset repossession proceedings.
COL11990,APP12374,Rajesh Sharma (Internal),2024-10-10,44266.18,Repossession Pending,Field Visit,,,Pending,12,2024-10-01,Asset recovery team assigned for asset repossession proceedings.
COL11991,APP12848,Rajesh Sharma (Internal),2025-03-10,63293.34,Promise to Pay,Tele-calling,2025-03-24,,Pending,4,2025-03-04,Borrower promised to pay ₹63293.34 by 2025-03-24.
COL11992,APP12303,Prudence Resolution Services,2024-10-12,17690.63,Settled,WhatsApp Bot,2024-10-03,16113.26,Full Settlement,4,2024-10-12,Loan settled at ₹16113.26 under Full Settlement arrangement.
COL11993,APP10127,Rajesh Sharma (Internal),2025-06-06,144417.37,Unreachable,Field Visit,,,Pending,10,2025-06-04,Borrower unreachable on registered phone number. Escalated to field team.
COL11994,APP11985,Priya Deshmukh (Internal),2024-08-02,29723.46,Unreachable,WhatsApp Bot,,,Pending,8,2024-08-01,Borrower unreachable on registered phone number. Escalated to field team.
COL11995,APP10407,Vanguard Legal & Recovery Services,2025-03-16,62319.67,Contacted,WhatsApp Bot,,,Pending,9,2025-03-06,Customer contacted via WhatsApp Bot. Payment request sent.
COL11996,APP11828,Prudence Resolution Services,2024-06-08,27423.64,Settled,Legal Notice,2024-06-03,17017.1,Full Settlement,4,2024-06-04,Loan settled at ₹17017.1 under Full Settlement arrangement.
COL11997,APP12284,Meenakshi Sundaram (Legal Agent),2025-09-06,130506.13,Unreachable,Legal Notice,,,Pending,6,2025-08-31,Borrower unreachable on registered phone number. Escalated to field team.
COL11998,APP11171,Meenakshi Sundaram (Legal Agent),2025-05-23,27193.04,Settled,Tele-calling,2025-05-12,25317.25,Full Settlement,6,2025-05-19,Loan settled at ₹25317.25 under Full Settlement arrangement.
COL11999,APP12076,Zenith Financial Recovery,2025-08-19,287386.68,Promise to Pay,Tele-calling,2025-08-23,,Pending,1,2025-08-18,Borrower promised to pay ₹287386.68 by 2025-08-23.
COL12000,APP12094,Rajesh Sharma (Internal),2025-07-28,32716.8,Legal Action Initiated,Tele-calling,,,Rejected,9,2025-07-25,Section 25 / NI Act 138 legal notice issued for persistent loan default.
