account_id,customer_id,bank_name,account_type,ifsc_code,account_open_date,account_status,salary_account,average_balance,upi_linked
ACC10001,CUST10001,Canara Bank,Savings,CNRB002824,2023-04-26,Active,FALSE,45135.21,TRUE
ACC10002,CUST10002,Canara Bank,Savings,CNRB009935,2021-08-15,Active,TRUE,101463.61,TRUE
ACC10003,CUST10003,State Bank of India,Salary,SBIN004257,2019-09-15,Active,TRUE,74312.11,TRUE
ACC10004,CUST10004,State Bank of India,Current,SBIN003615,2018-10-25,Active,TRUE,196137.46,TRUE
ACC10005,CUST10005,Punjab National Bank,Savings,PUNB002584,2018-11-09,Active,FALSE,125402.26,TRUE
ACC10006,CUST10006,IDFC FIRST Bank,Current,IDFB003045,2015-11-19,Active,FALSE,67944.18,TRUE
ACC10007,CUST10007,IndusInd Bank,Savings,INDB004150,2015-07-07,Active,FALSE,69345.47,FALSE
ACC10008,CUST10008,Axis Bank,Current,UTIB002654,2018-02-12,Active,FALSE,50870.57,TRUE
ACC10009,CUST10009,Canara Bank,Savings,CNRB005374,2021-10-31,Active,FALSE,42194.2,TRUE
ACC10010,CUST10010,Bank of Baroda,Savings,BARB007216,2022-03-06,Active,TRUE,174570.47,TRUE
ACC10011,CUST10011,State Bank of India,Savings,SBIN004752,2018-07-16,Active,FALSE,22263.45,TRUE
ACC10012,CUST10012,YES Bank,Savings,YESB006155,2022-05-08,Active,FALSE,50095.78,TRUE
ACC10013,CUST10013,ICICI Bank,Savings,ICIC005339,2017-10-07,Active,FALSE,74914.91,TRUE
ACC10014,CUST10014,Punjab National Bank,Savings,PUNB007543,2017-06-17,Blocked,FALSE,33048.44,TRUE
ACC10015,CUST10015,State Bank of India,Savings,SBIN002796,2022-01-14,Active,FALSE,139136.06,TRUE
ACC10016,CUST10016,YES Bank,Salary,YESB008668,2017-10-26,Inactive,TRUE,167997.23,TRUE
ACC10017,CUST10017,Union Bank of India,Salary,UBIN002876,2023-06-03,Active,TRUE,145766.82,TRUE
ACC10018,CUST10018,Punjab National Bank,Current,PUNB003591,2015-01-14,Inactive,FALSE,103941.44,TRUE
ACC10019,CUST10019,IDFC FIRST Bank,Salary,IDFB003927,2016-03-11,Active,TRUE,25100.47,TRUE
ACC10020,CUST10020,YES Bank,Savings,YESB004258,2019-03-12,Active,FALSE,96235.61,TRUE
ACC10021,CUST10021,IDFC FIRST Bank,Salary,IDFB001009,2018-08-20,Active,TRUE,30595.92,TRUE
ACC10022,CUST10022,Kotak Mahindra Bank,Savings,KKBK004923,2017-09-13,Active,FALSE,59992.51,TRUE
ACC10023,CUST10023,HDFC Bank,Savings,HDFC009727,2016-06-09,Active,FALSE,165681.25,TRUE
ACC10024,CUST10024,YES Bank,Savings,YESB007932,2021-01-17,Active,FALSE,76481.08,TRUE
ACC10025,CUST10025,Punjab National Bank,Current,PUNB007118,2020-10-20,Active,FALSE,33345.59,TRUE
ACC10026,CUST10026,State Bank of India,Salary,SBIN004770,2017-06-21,Active,TRUE,291137.83,TRUE
ACC10027,CUST10027,HDFC Bank,Savings,HDFC001514,2015-10-18,Active,TRUE,105639.6,TRUE
ACC10028,CUST10028,Union Bank of India,Savings,UBIN008744,2023-10-19,Active,TRUE,36110.55,TRUE
ACC10029,CUST10029,IndusInd Bank,Current,INDB007939,2020-03-27,Active,FALSE,16330.5,TRUE
ACC10030,CUST10030,Canara Bank,Savings,CNRB002612,2019-07-08,Active,FALSE,101597.31,TRUE
ACC10031,CUST10031,Axis Bank,Salary,UTIB004116,2020-01-12,Active,TRUE,43914.5,TRUE
ACC10032,CUST10032,HDFC Bank,Salary,HDFC008260,2016-02-06,Active,TRUE,117173.08,TRUE
ACC10033,CUST10033,HDFC Bank,Savings,HDFC004872,2019-07-23,Active,FALSE,32471.71,TRUE
ACC10034,CUST10034,State Bank of India,Current,SBIN003697,2015-01-09,Blocked,TRUE,276689.05,TRUE
ACC10035,CUST10035,Punjab National Bank,Savings,PUNB008973,2017-02-16,Active,FALSE,139394.67,TRUE
ACC10036,CUST10036,IDFC FIRST Bank,Savings,IDFB001998,2015-08-23,Active,FALSE,62987.45,TRUE
ACC10037,CUST10037,IDFC FIRST Bank,Savings,IDFB003579,2020-09-11,Active,FALSE,35785.6,TRUE
ACC10038,CUST10038,Canara Bank,Current,CNRB004853,2016-05-06,Inactive,TRUE,129152.46,TRUE
ACC10039,CUST10039,HDFC Bank,Salary,HDFC007868,2021-05-04,Active,TRUE,281385.63,TRUE
ACC10040,CUST10040,Union Bank of India,Savings,UBIN006147,2017-12-23,Active,FALSE,106469.21,TRUE
ACC10041,CUST10041,HDFC Bank,Current,HDFC001152,2021-12-19,Blocked,FALSE,153450.38,TRUE
ACC10042,CUST10042,Axis Bank,Savings,UTIB009288,2016-06-26,Active,FALSE,102919.26,TRUE
ACC10043,CUST10043,IndusInd Bank,Savings,INDB005669,2019-11-30,Active,FALSE,81642.49,TRUE
ACC10044,CUST10044,Canara Bank,Savings,CNRB009666,2022-06-28,Active,TRUE,278627.05,FALSE
ACC10045,CUST10045,ICICI Bank,Savings,ICIC005333,2016-03-14,Active,TRUE,79306.92,TRUE
ACC10046,CUST10046,IndusInd Bank,Savings,INDB004335,2020-09-01,Active,FALSE,126284.53,TRUE
ACC10047,CUST10047,HDFC Bank,Savings,HDFC007939,2015-06-30,Active,FALSE,102400.52,TRUE
ACC10048,CUST10048,Kotak Mahindra Bank,Current,KKBK003647,2021-03-09,Active,TRUE,101989.44,FALSE
ACC10049,CUST10049,Union Bank of India,Salary,UBIN003442,2015-05-28,Active,TRUE,32460.46,TRUE
ACC10050,CUST10050,ICICI Bank,Savings,ICIC001685,2019-02-02,Active,FALSE,212270.25,TRUE
ACC10051,CUST10051,Axis Bank,Savings,UTIB005088,2018-12-19,Active,FALSE,117346.16,TRUE
ACC10052,CUST10052,YES Bank,Savings,YESB003532,2016-10-27,Inactive,FALSE,624106.37,TRUE
ACC10053,CUST10053,Union Bank of India,Current,UBIN006442,2023-12-30,Active,FALSE,71118.79,TRUE
ACC10054,CUST10054,Union Bank of India,Current,UBIN002771,2015-06-08,Active,FALSE,24282.91,TRUE
ACC10055,CUST10055,Bank of Baroda,Savings,BARB006728,2023-12-02,Active,FALSE,36987.47,TRUE
ACC10056,CUST10056,Punjab National Bank,Savings,PUNB006378,2015-10-12,Inactive,TRUE,174102.88,TRUE
ACC10057,CUST10057,IDFC FIRST Bank,Savings,IDFB006425,2016-04-17,Active,TRUE,125157.45,FALSE
ACC10058,CUST10058,State Bank of India,Salary,SBIN002776,2019-11-15,Active,TRUE,178852.21,TRUE
ACC10059,CUST10059,IDFC FIRST Bank,Current,IDFB002894,2021-06-19,Active,FALSE,8619.72,TRUE
ACC10060,CUST10060,IDFC FIRST Bank,Savings,IDFB009821,2019-01-31,Active,FALSE,85078.16,FALSE
ACC10061,CUST10061,YES Bank,Savings,YESB006143,2023-01-27,Active,FALSE,41340.03,TRUE
ACC10062,CUST10062,IndusInd Bank,Savings,INDB007592,2021-03-20,Active,FALSE,52653.7,FALSE
ACC10063,CUST10063,Canara Bank,Salary,CNRB003851,2021-05-20,Active,TRUE,30800.99,TRUE
ACC10064,CUST10064,Kotak Mahindra Bank,Current,KKBK004443,2023-10-24,Active,FALSE,337924.86,TRUE
ACC10065,CUST10065,Axis Bank,Current,UTIB009375,2023-11-26,Active,FALSE,89359.32,TRUE
ACC10066,CUST10066,IDFC FIRST Bank,Savings,IDFB006491,2023-06-04,Active,FALSE,60787.09,TRUE
ACC10067,CUST10067,ICICI Bank,Savings,ICIC001400,2017-09-29,Blocked,FALSE,216594.52,TRUE
ACC10068,CUST10068,Canara Bank,Current,CNRB004185,2020-07-17,Active,TRUE,252539.56,TRUE
ACC10069,CUST10069,HDFC Bank,Savings,HDFC007965,2016-12-21,Active,FALSE,70753.7,TRUE
ACC10070,CUST10070,IDFC FIRST Bank,Savings,IDFB005082,2020-02-13,Active,TRUE,122976.76,TRUE
ACC10071,CUST10071,IndusInd Bank,Salary,INDB008251,2023-01-25,Active,TRUE,64957.25,TRUE
ACC10072,CUST10072,Bank of Baroda,Current,BARB003607,2020-01-18,Active,FALSE,16367.51,TRUE
ACC10073,CUST10073,IDFC FIRST Bank,Savings,IDFB008939,2018-01-29,Active,FALSE,62497.58,TRUE
ACC10074,CUST10074,IDFC FIRST Bank,Savings,IDFB002320,2016-09-09,Active,FALSE,298303.06,TRUE
ACC10075,CUST10075,Punjab National Bank,Salary,PUNB006421,2020-03-23,Active,TRUE,162075.1,TRUE
ACC10076,CUST10076,YES Bank,Salary,YESB001320,2019-04-08,Active,TRUE,79602.56,TRUE
ACC10077,CUST10077,Punjab National Bank,Salary,PUNB007865,2023-05-20,Active,TRUE,110093.76,TRUE
ACC10078,CUST10078,Bank of Baroda,Savings,BARB004595,2019-11-21,Active,FALSE,63318.07,TRUE
ACC10079,CUST10079,Punjab National Bank,Current,PUNB003704,2016-06-06,Blocked,FALSE,44202.3,TRUE
ACC10080,CUST10080,YES Bank,Savings,YESB001444,2022-03-17,Active,FALSE,55977.34,TRUE
ACC10081,CUST10081,IndusInd Bank,Current,INDB004467,2018-08-31,Active,FALSE,119921.65,TRUE
ACC10082,CUST10082,Punjab National Bank,Savings,PUNB005133,2020-04-10,Active,TRUE,239729.8,TRUE
ACC10083,CUST10083,Canara Bank,Savings,CNRB002124,2023-06-17,Active,TRUE,188088.54,TRUE
ACC10084,CUST10084,Axis Bank,Current,UTIB003068,2022-07-05,Active,FALSE,73322.09,TRUE
ACC10085,CUST10085,Kotak Mahindra Bank,Savings,KKBK007043,2021-10-17,Active,FALSE,86187.59,TRUE
ACC10086,CUST10086,ICICI Bank,Savings,ICIC006096,2021-06-28,Active,FALSE,49983.13,TRUE
ACC10087,CUST10087,Punjab National Bank,Savings,PUNB007498,2015-11-08,Active,FALSE,57677.67,TRUE
ACC10088,CUST10088,Union Bank of India,Salary,UBIN005941,2016-05-10,Active,TRUE,69662.48,TRUE
ACC10089,CUST10089,IDFC FIRST Bank,Savings,IDFB008018,2015-10-10,Active,FALSE,42454.16,TRUE
ACC10090,CUST10090,Bank of Baroda,Current,BARB002729,2019-01-23,Active,FALSE,106267.08,TRUE
ACC10091,CUST10091,Punjab National Bank,Salary,PUNB003885,2022-04-18,Active,TRUE,147198.11,TRUE
ACC10092,CUST10092,Bank of Baroda,Current,BARB008616,2023-03-14,Active,TRUE,115071.96,FALSE
ACC10093,CUST10093,Kotak Mahindra Bank,Savings,KKBK008385,2023-06-01,Active,FALSE,40555.11,TRUE
ACC10094,CUST10094,State Bank of India,Savings,SBIN009098,2017-01-14,Active,TRUE,69857.12,TRUE
ACC10095,CUST10095,YES Bank,Salary,YESB005526,2015-02-11,Active,TRUE,74277.52,TRUE
ACC10096,CUST10096,Punjab National Bank,Salary,PUNB009004,2023-07-03,Active,TRUE,153173.83,TRUE
ACC10097,CUST10097,Bank of Baroda,Savings,BARB001282,2018-04-20,Active,FALSE,106833.05,TRUE
ACC10098,CUST10098,YES Bank,Current,YESB007046,2021-03-17,Active,FALSE,77264.97,TRUE
ACC10099,CUST10099,IndusInd Bank,Current,INDB006764,2018-01-14,Active,TRUE,196912.29,TRUE
ACC10100,CUST10100,Union Bank of India,Savings,UBIN009779,2017-02-23,Active,FALSE,56407.78,TRUE
ACC10101,CUST10101,IDFC FIRST Bank,Savings,IDFB005636,2017-03-06,Active,TRUE,66530.95,TRUE
ACC10102,CUST10102,ICICI Bank,Savings,ICIC005494,2015-08-12,Active,FALSE,100003.56,TRUE
ACC10103,CUST10103,Bank of Baroda,Savings,BARB002680,2021-06-09,Active,TRUE,75769.11,FALSE
ACC10104,CUST10104,Kotak Mahindra Bank,Savings,KKBK008827,2015-09-25,Active,TRUE,462845.25,TRUE
ACC10105,CUST10105,ICICI Bank,Savings,ICIC005978,2017-10-13,Active,FALSE,41193.29,TRUE
ACC10106,CUST10106,YES Bank,Salary,YESB004697,2019-04-08,Active,TRUE,79826.89,TRUE
ACC10107,CUST10107,Punjab National Bank,Salary,PUNB006003,2021-12-18,Active,TRUE,102856.62,TRUE
ACC10108,CUST10108,Axis Bank,Savings,UTIB004457,2022-05-29,Active,TRUE,104351.95,TRUE
ACC10109,CUST10109,Punjab National Bank,Salary,PUNB008381,2020-04-08,Active,TRUE,30701.36,TRUE
ACC10110,CUST10110,Union Bank of India,Savings,UBIN008438,2022-09-16,Active,TRUE,154343.61,TRUE
ACC10111,CUST10111,Axis Bank,Savings,UTIB007965,2021-02-08,Active,FALSE,22137.83,TRUE
ACC10112,CUST10112,ICICI Bank,Savings,ICIC002169,2016-11-10,Active,FALSE,52899.38,TRUE
ACC10113,CUST10113,Kotak Mahindra Bank,Savings,KKBK008195,2020-04-03,Active,FALSE,90139.75,FALSE
ACC10114,CUST10114,IDFC FIRST Bank,Current,IDFB009847,2019-11-29,Active,FALSE,20522.62,TRUE
ACC10115,CUST10115,IndusInd Bank,Savings,INDB005102,2016-01-10,Active,FALSE,58986.11,TRUE
ACC10116,CUST10116,YES Bank,Savings,YESB001339,2021-06-18,Active,FALSE,96562.14,TRUE
ACC10117,CUST10117,Canara Bank,Savings,CNRB008245,2017-01-13,Blocked,TRUE,337047.72,FALSE
ACC10118,CUST10118,Bank of Baroda,Current,BARB006700,2018-09-27,Active,TRUE,78205.39,TRUE
ACC10119,CUST10119,Bank of Baroda,Current,BARB005722,2023-07-13,Active,FALSE,47396.96,TRUE
ACC10120,CUST10120,IndusInd Bank,Current,INDB002899,2020-10-08,Active,FALSE,10173.39,TRUE
ACC10121,CUST10121,Bank of Baroda,Savings,BARB007770,2017-02-07,Active,FALSE,121291.39,TRUE
ACC10122,CUST10122,State Bank of India,Savings,SBIN004335,2021-02-27,Active,TRUE,378923.16,TRUE
ACC10123,CUST10123,State Bank of India,Savings,SBIN004920,2018-06-26,Active,FALSE,79587.37,TRUE
ACC10124,CUST10124,HDFC Bank,Savings,HDFC008560,2022-04-07,Active,FALSE,71055.06,TRUE
ACC10125,CUST10125,IDFC FIRST Bank,Current,IDFB005479,2020-05-30,Blocked,FALSE,29698.32,TRUE
ACC10126,CUST10126,Punjab National Bank,Salary,PUNB004122,2020-09-12,Active,TRUE,22841.63,TRUE
ACC10127,CUST10127,Punjab National Bank,Salary,PUNB006568,2017-12-30,Active,TRUE,66279.66,TRUE
ACC10128,CUST10128,YES Bank,Savings,YESB009022,2020-01-04,Active,TRUE,240704.81,TRUE
ACC10129,CUST10129,Bank of Baroda,Savings,BARB006272,2022-10-27,Active,TRUE,279610.22,TRUE
ACC10130,CUST10130,IndusInd Bank,Current,INDB008749,2019-05-01,Blocked,FALSE,116262.05,TRUE
ACC10131,CUST10131,ICICI Bank,Savings,ICIC009115,2016-06-01,Active,FALSE,53620.15,TRUE
ACC10132,CUST10132,Bank of Baroda,Salary,BARB002633,2020-02-15,Active,TRUE,60142.49,TRUE
ACC10133,CUST10133,ICICI Bank,Current,ICIC002225,2023-10-07,Inactive,FALSE,29743.01,TRUE
ACC10134,CUST10134,Canara Bank,Savings,CNRB002315,2022-07-25,Active,TRUE,117541.75,TRUE
ACC10135,CUST10135,Bank of Baroda,Savings,BARB009864,2021-12-04,Active,FALSE,77710.46,FALSE
ACC10136,CUST10136,Axis Bank,Current,UTIB002480,2016-02-08,Active,FALSE,53148.78,TRUE
ACC10137,CUST10137,Kotak Mahindra Bank,Savings,KKBK001474,2018-08-21,Active,FALSE,37782.69,TRUE
ACC10138,CUST10138,ICICI Bank,Salary,ICIC005000,2019-08-15,Active,TRUE,95008.09,TRUE
ACC10139,CUST10139,HDFC Bank,Salary,HDFC007267,2022-08-30,Active,TRUE,74084.22,TRUE
ACC10140,CUST10140,Bank of Baroda,Current,BARB005161,2017-11-11,Active,FALSE,265638.35,TRUE
ACC10141,CUST10141,IDFC FIRST Bank,Savings,IDFB003588,2019-12-15,Inactive,FALSE,60558.49,TRUE
ACC10142,CUST10142,Punjab National Bank,Current,PUNB005097,2018-05-22,Active,FALSE,63537.26,TRUE
ACC10143,CUST10143,Axis Bank,Salary,UTIB007248,2019-01-10,Active,TRUE,159924.27,TRUE
ACC10144,CUST10144,Canara Bank,Savings,CNRB007484,2015-02-03,Active,FALSE,245489.04,TRUE
ACC10145,CUST10145,YES Bank,Savings,YESB009138,2023-09-13,Active,FALSE,84218.2,TRUE
ACC10146,CUST10146,YES Bank,Savings,YESB005106,2022-01-17,Active,FALSE,90006.77,TRUE
ACC10147,CUST10147,Bank of Baroda,Salary,BARB001546,2019-02-03,Active,TRUE,12356.96,TRUE
ACC10148,CUST10148,Union Bank of India,Savings,UBIN007807,2017-04-02,Active,FALSE,37482.94,FALSE
ACC10149,CUST10149,IDFC FIRST Bank,Savings,IDFB009221,2016-11-04,Active,FALSE,104334.76,TRUE
ACC10150,CUST10150,Kotak Mahindra Bank,Savings,KKBK006549,2020-04-02,Inactive,FALSE,21387.04,FALSE
ACC10151,CUST10151,Canara Bank,Salary,CNRB007511,2019-02-07,Active,TRUE,35940.69,TRUE
ACC10152,CUST10152,HDFC Bank,Savings,HDFC008451,2022-07-18,Active,FALSE,38153.7,TRUE
ACC10153,CUST10153,Canara Bank,Savings,CNRB007086,2022-07-27,Active,TRUE,172125.33,TRUE
ACC10154,CUST10154,YES Bank,Savings,YESB004626,2022-02-15,Active,FALSE,89957.61,TRUE
ACC10155,CUST10155,ICICI Bank,Savings,ICIC001742,2018-05-31,Blocked,FALSE,31900.31,TRUE
ACC10156,CUST10156,IDFC FIRST Bank,Current,IDFB003222,2020-02-02,Active,FALSE,150210.83,TRUE
ACC10157,CUST10157,IDFC FIRST Bank,Salary,IDFB007866,2023-04-29,Active,TRUE,57966.5,TRUE
ACC10158,CUST10158,Bank of Baroda,Savings,BARB007686,2015-05-15,Active,TRUE,124057.93,TRUE
ACC10159,CUST10159,IndusInd Bank,Savings,INDB002627,2021-02-08,Active,FALSE,33575.7,TRUE
ACC10160,CUST10160,HDFC Bank,Savings,HDFC008450,2022-06-07,Active,FALSE,388454.84,TRUE
ACC10161,CUST10161,IndusInd Bank,Savings,INDB004990,2023-10-29,Active,FALSE,7793.29,TRUE
ACC10162,CUST10162,Axis Bank,Savings,UTIB004538,2018-09-07,Active,FALSE,90357.12,TRUE
ACC10163,CUST10163,Kotak Mahindra Bank,Savings,KKBK003370,2021-01-21,Active,TRUE,213761.52,TRUE
ACC10164,CUST10164,State Bank of India,Savings,SBIN006869,2021-08-08,Active,FALSE,30873.16,TRUE
ACC10165,CUST10165,Union Bank of India,Salary,UBIN007897,2016-04-10,Active,TRUE,57455.59,TRUE
ACC10166,CUST10166,IDFC FIRST Bank,Current,IDFB002786,2020-08-25,Active,FALSE,140554.0,TRUE
ACC10167,CUST10167,Canara Bank,Savings,CNRB009543,2020-02-20,Active,FALSE,9392.53,FALSE
ACC10168,CUST10168,Punjab National Bank,Savings,PUNB007984,2020-07-01,Active,FALSE,78232.68,TRUE
ACC10169,CUST10169,IndusInd Bank,Savings,INDB003430,2016-05-31,Active,FALSE,103500.13,TRUE
ACC10170,CUST10170,IndusInd Bank,Salary,INDB007240,2020-12-13,Active,TRUE,35478.62,TRUE
ACC10171,CUST10171,Union Bank of India,Salary,UBIN002874,2023-01-31,Active,TRUE,59505.95,TRUE
ACC10172,CUST10172,Punjab National Bank,Current,PUNB006553,2019-06-22,Active,FALSE,9064.12,TRUE
ACC10173,CUST10173,Canara Bank,Savings,CNRB005176,2016-09-17,Active,FALSE,67253.32,TRUE
ACC10174,CUST10174,HDFC Bank,Current,HDFC002527,2016-01-31,Active,TRUE,62682.33,TRUE
ACC10175,CUST10175,IDFC FIRST Bank,Savings,IDFB006400,2019-08-10,Active,FALSE,102021.77,TRUE
ACC10176,CUST10176,Union Bank of India,Savings,UBIN001842,2021-09-25,Active,FALSE,30313.05,TRUE
ACC10177,CUST10177,ICICI Bank,Savings,ICIC008900,2016-03-19,Active,TRUE,38722.71,TRUE
ACC10178,CUST10178,Axis Bank,Salary,UTIB008030,2023-08-10,Active,TRUE,33951.52,TRUE
ACC10179,CUST10179,State Bank of India,Savings,SBIN005381,2017-01-08,Active,FALSE,237171.16,TRUE
ACC10180,CUST10180,ICICI Bank,Salary,ICIC003347,2022-05-16,Active,TRUE,75399.89,TRUE
ACC10181,CUST10181,State Bank of India,Salary,SBIN002503,2017-05-31,Active,TRUE,136629.99,TRUE
ACC10182,CUST10182,Kotak Mahindra Bank,Salary,KKBK006314,2021-09-08,Active,TRUE,29037.59,TRUE
ACC10183,CUST10183,YES Bank,Savings,YESB001815,2018-01-19,Active,TRUE,182775.42,TRUE
ACC10184,CUST10184,Axis Bank,Savings,UTIB009394,2018-11-14,Active,FALSE,56700.27,TRUE
ACC10185,CUST10185,Bank of Baroda,Savings,BARB009633,2015-07-06,Active,FALSE,28993.44,TRUE
ACC10186,CUST10186,Axis Bank,Savings,UTIB003248,2018-03-31,Active,TRUE,236759.18,TRUE
ACC10187,CUST10187,Punjab National Bank,Savings,PUNB009725,2020-08-11,Active,FALSE,51192.84,TRUE
ACC10188,CUST10188,Punjab National Bank,Current,PUNB001693,2015-03-18,Active,FALSE,26634.28,TRUE
ACC10189,CUST10189,Punjab National Bank,Current,PUNB007626,2018-03-31,Active,TRUE,68302.17,TRUE
ACC10190,CUST10190,YES Bank,Savings,YESB008538,2015-12-27,Active,TRUE,145698.18,TRUE
ACC10191,CUST10191,HDFC Bank,Savings,HDFC007484,2023-05-13,Active,FALSE,49169.51,TRUE
ACC10192,CUST10192,IDFC FIRST Bank,Salary,IDFB002868,2020-09-19,Active,TRUE,77950.05,TRUE
ACC10193,CUST10193,Canara Bank,Savings,CNRB003419,2016-02-26,Active,TRUE,145912.83,TRUE
ACC10194,CUST10194,Canara Bank,Savings,CNRB002234,2023-09-01,Active,FALSE,66924.37,TRUE
ACC10195,CUST10195,YES Bank,Salary,YESB008354,2022-03-18,Active,TRUE,140206.65,TRUE
ACC10196,CUST10196,Canara Bank,Savings,CNRB006179,2019-12-07,Active,FALSE,52309.51,TRUE
ACC10197,CUST10197,Kotak Mahindra Bank,Savings,KKBK001920,2020-09-09,Active,FALSE,49772.13,TRUE
ACC10198,CUST10198,IndusInd Bank,Savings,INDB005703,2022-03-25,Active,FALSE,155359.84,TRUE
ACC10199,CUST10199,Bank of Baroda,Current,BARB001672,2021-05-30,Active,TRUE,102943.73,TRUE
ACC10200,CUST10200,State Bank of India,Savings,SBIN008381,2018-11-07,Blocked,TRUE,271090.97,TRUE
ACC10201,CUST10201,Union Bank of India,Current,UBIN008172,2020-11-16,Active,TRUE,103025.72,TRUE
ACC10202,CUST10202,Punjab National Bank,Salary,PUNB006543,2015-08-03,Active,TRUE,113826.1,TRUE
ACC10203,CUST10203,HDFC Bank,Savings,HDFC007333,2017-10-29,Active,FALSE,118849.75,TRUE
ACC10204,CUST10204,ICICI Bank,Savings,ICIC006461,2021-07-14,Active,FALSE,134193.93,TRUE
ACC10205,CUST10205,Canara Bank,Savings,CNRB007421,2021-09-03,Active,FALSE,8566.51,TRUE
ACC10206,CUST10206,Canara Bank,Savings,CNRB006381,2022-07-07,Active,FALSE,371783.53,TRUE
ACC10207,CUST10207,HDFC Bank,Salary,HDFC007937,2019-01-22,Active,TRUE,48313.93,FALSE
ACC10208,CUST10208,IndusInd Bank,Savings,INDB008967,2017-07-16,Blocked,TRUE,68559.41,TRUE
ACC10209,CUST10209,IDFC FIRST Bank,Salary,IDFB009843,2015-06-04,Active,TRUE,138148.33,TRUE
ACC10210,CUST10210,YES Bank,Savings,YESB007172,2016-10-26,Active,FALSE,64186.2,TRUE
ACC10211,CUST10211,ICICI Bank,Savings,ICIC008170,2019-08-10,Active,FALSE,128832.37,FALSE
ACC10212,CUST10212,YES Bank,Current,YESB005668,2017-08-16,Active,TRUE,371056.14,TRUE
ACC10213,CUST10213,Axis Bank,Salary,UTIB007026,2019-12-10,Active,TRUE,39054.26,TRUE
ACC10214,CUST10214,IDFC FIRST Bank,Savings,IDFB007859,2017-03-28,Active,TRUE,91850.86,TRUE
ACC10215,CUST10215,IndusInd Bank,Salary,INDB002680,2016-05-25,Active,TRUE,98711.06,TRUE
ACC10216,CUST10216,IDFC FIRST Bank,Current,IDFB003414,2016-01-11,Inactive,FALSE,28294.61,TRUE
ACC10217,CUST10217,IndusInd Bank,Current,INDB001436,2015-08-07,Active,TRUE,112876.27,TRUE
ACC10218,CUST10218,Axis Bank,Savings,UTIB001461,2016-02-10,Active,FALSE,96384.9,TRUE
ACC10219,CUST10219,ICICI Bank,Savings,ICIC001627,2020-04-19,Active,FALSE,30509.6,TRUE
ACC10220,CUST10220,Bank of Baroda,Savings,BARB001086,2015-03-19,Active,FALSE,66867.34,TRUE
ACC10221,CUST10221,Union Bank of India,Current,UBIN009647,2016-03-31,Active,FALSE,46659.74,TRUE
ACC10222,CUST10222,Axis Bank,Salary,UTIB007878,2020-02-16,Active,TRUE,44661.01,TRUE
ACC10223,CUST10223,IDFC FIRST Bank,Salary,IDFB001269,2021-06-13,Active,TRUE,31517.0,TRUE
ACC10224,CUST10224,YES Bank,Savings,YESB006780,2021-05-26,Active,FALSE,40177.53,FALSE
ACC10225,CUST10225,HDFC Bank,Salary,HDFC009618,2020-09-09,Active,TRUE,59656.16,TRUE
ACC10226,CUST10226,Bank of Baroda,Current,BARB001713,2019-03-10,Active,TRUE,176454.0,TRUE
ACC10227,CUST10227,Union Bank of India,Salary,UBIN002698,2023-03-31,Active,TRUE,20353.5,TRUE
ACC10228,CUST10228,IndusInd Bank,Current,INDB003868,2022-10-19,Active,FALSE,43281.19,TRUE
ACC10229,CUST10229,Union Bank of India,Savings,UBIN008498,2018-04-16,Active,FALSE,194340.81,TRUE
ACC10230,CUST10230,Kotak Mahindra Bank,Current,KKBK009444,2021-02-02,Active,FALSE,14601.53,TRUE
ACC10231,CUST10231,Kotak Mahindra Bank,Savings,KKBK006848,2022-05-09,Active,FALSE,29678.6,TRUE
ACC10232,CUST10232,Punjab National Bank,Current,PUNB008204,2018-10-20,Inactive,TRUE,152312.03,FALSE
ACC10233,CUST10233,IDFC FIRST Bank,Savings,IDFB005369,2023-02-26,Active,FALSE,80541.26,FALSE
ACC10234,CUST10234,ICICI Bank,Savings,ICIC009937,2018-08-08,Active,TRUE,66040.54,TRUE
ACC10235,CUST10235,Union Bank of India,Savings,UBIN007981,2022-09-26,Active,TRUE,158861.27,TRUE
ACC10236,CUST10236,YES Bank,Savings,YESB008126,2022-03-04,Blocked,FALSE,29437.18,TRUE
ACC10237,CUST10237,IndusInd Bank,Savings,INDB009406,2015-05-08,Active,FALSE,59472.18,TRUE
ACC10238,CUST10238,State Bank of India,Savings,SBIN003068,2017-08-24,Active,FALSE,36070.15,TRUE
ACC10239,CUST10239,YES Bank,Salary,YESB001530,2016-09-20,Active,TRUE,393675.76,TRUE
ACC10240,CUST10240,HDFC Bank,Salary,HDFC003255,2019-02-12,Active,TRUE,76115.02,TRUE
ACC10241,CUST10241,HDFC Bank,Savings,HDFC001424,2020-08-06,Active,FALSE,74790.29,TRUE
ACC10242,CUST10242,Union Bank of India,Savings,UBIN008311,2021-11-11,Active,FALSE,132542.03,TRUE
ACC10243,CUST10243,HDFC Bank,Savings,HDFC003223,2020-01-26,Active,FALSE,83940.47,FALSE
ACC10244,CUST10244,Canara Bank,Savings,CNRB006236,2022-12-16,Active,FALSE,53926.13,TRUE
ACC10245,CUST10245,ICICI Bank,Savings,ICIC003852,2020-09-14,Active,FALSE,67322.27,TRUE
ACC10246,CUST10246,Axis Bank,Savings,UTIB009094,2019-01-18,Active,TRUE,311581.35,TRUE
ACC10247,CUST10247,YES Bank,Savings,YESB002412,2018-06-20,Active,FALSE,114144.25,TRUE
ACC10248,CUST10248,Punjab National Bank,Salary,PUNB007708,2015-10-30,Active,TRUE,22346.31,TRUE
ACC10249,CUST10249,Bank of Baroda,Savings,BARB009476,2016-06-09,Active,FALSE,151403.47,TRUE
ACC10250,CUST10250,ICICI Bank,Salary,ICIC008088,2015-08-15,Active,TRUE,50906.1,TRUE
ACC10251,CUST10251,ICICI Bank,Savings,ICIC006286,2018-11-18,Inactive,FALSE,77438.68,TRUE
ACC10252,CUST10252,HDFC Bank,Savings,HDFC005105,2022-02-14,Inactive,TRUE,150654.69,TRUE
ACC10253,CUST10253,HDFC Bank,Savings,HDFC009234,2021-08-21,Inactive,TRUE,226346.85,TRUE
ACC10254,CUST10254,YES Bank,Salary,YESB006531,2015-06-18,Active,TRUE,58033.08,TRUE
ACC10255,CUST10255,Canara Bank,Savings,CNRB005336,2023-08-08,Active,FALSE,27188.67,TRUE
ACC10256,CUST10256,IDFC FIRST Bank,Savings,IDFB005745,2020-06-01,Active,FALSE,88772.03,TRUE
ACC10257,CUST10257,Union Bank of India,Savings,UBIN001981,2019-12-06,Active,FALSE,70555.49,TRUE
ACC10258,CUST10258,ICICI Bank,Savings,ICIC006121,2023-03-27,Blocked,FALSE,35832.24,TRUE
ACC10259,CUST10259,IndusInd Bank,Salary,INDB009437,2016-03-10,Active,TRUE,76190.27,TRUE
ACC10260,CUST10260,Axis Bank,Savings,UTIB003308,2015-07-27,Active,TRUE,207632.52,TRUE
ACC10261,CUST10261,ICICI Bank,Salary,ICIC006364,2023-02-01,Active,TRUE,175487.26,TRUE
ACC10262,CUST10262,IDFC FIRST Bank,Current,IDFB008648,2018-06-17,Active,TRUE,88827.37,TRUE
ACC10263,CUST10263,Axis Bank,Salary,UTIB004524,2018-12-16,Active,TRUE,83423.65,TRUE
ACC10264,CUST10264,Canara Bank,Savings,CNRB008710,2021-01-07,Active,FALSE,28013.59,TRUE
ACC10265,CUST10265,Kotak Mahindra Bank,Current,KKBK006992,2019-02-07,Active,TRUE,142651.35,TRUE
ACC10266,CUST10266,Kotak Mahindra Bank,Current,KKBK002204,2020-08-27,Active,FALSE,47369.48,TRUE
ACC10267,CUST10267,YES Bank,Savings,YESB002946,2016-02-01,Active,FALSE,102372.16,TRUE
ACC10268,CUST10268,IndusInd Bank,Savings,INDB003363,2021-10-03,Active,FALSE,45605.98,TRUE
ACC10269,CUST10269,ICICI Bank,Current,ICIC006456,2020-10-28,Active,FALSE,313888.55,TRUE
ACC10270,CUST10270,YES Bank,Savings,YESB006218,2019-05-29,Blocked,FALSE,114630.34,TRUE
ACC10271,CUST10271,IndusInd Bank,Salary,INDB009311,2020-12-20,Active,TRUE,159703.18,TRUE
ACC10272,CUST10272,State Bank of India,Savings,SBIN007035,2022-07-22,Active,TRUE,89277.55,TRUE
ACC10273,CUST10273,Union Bank of India,Salary,UBIN001436,2020-04-27,Active,TRUE,89920.92,FALSE
ACC10274,CUST10274,YES Bank,Savings,YESB004728,2021-07-18,Active,FALSE,95910.86,TRUE
ACC10275,CUST10275,Punjab National Bank,Savings,PUNB003421,2015-05-10,Active,FALSE,116916.68,TRUE
ACC10276,CUST10276,Bank of Baroda,Current,BARB006139,2016-09-12,Active,FALSE,30954.74,TRUE
ACC10277,CUST10277,YES Bank,Savings,YESB008726,2022-11-30,Active,FALSE,34204.02,TRUE
ACC10278,CUST10278,Canara Bank,Salary,CNRB008837,2019-03-24,Active,TRUE,14094.03,TRUE
ACC10279,CUST10279,IndusInd Bank,Savings,INDB009950,2022-07-31,Active,FALSE,96457.47,TRUE
ACC10280,CUST10280,Union Bank of India,Salary,UBIN005331,2020-06-06,Active,TRUE,54443.06,TRUE
ACC10281,CUST10281,Axis Bank,Savings,UTIB005876,2022-11-27,Active,FALSE,101218.84,TRUE
ACC10282,CUST10282,Union Bank of India,Savings,UBIN005480,2016-05-14,Active,FALSE,46878.85,TRUE
ACC10283,CUST10283,Punjab National Bank,Savings,PUNB006654,2018-04-04,Active,FALSE,112459.63,TRUE
ACC10284,CUST10284,Bank of Baroda,Current,BARB005201,2017-05-26,Active,TRUE,256282.77,TRUE
ACC10285,CUST10285,ICICI Bank,Salary,ICIC002789,2023-04-23,Active,TRUE,92524.45,TRUE
ACC10286,CUST10286,IDFC FIRST Bank,Savings,IDFB004697,2015-08-04,Active,FALSE,54956.05,TRUE
ACC10287,CUST10287,Canara Bank,Savings,CNRB003252,2021-03-04,Inactive,TRUE,244898.84,TRUE
ACC10288,CUST10288,Bank of Baroda,Savings,BARB008822,2023-06-24,Inactive,TRUE,124260.85,TRUE
ACC10289,CUST10289,HDFC Bank,Salary,HDFC004804,2023-04-14,Active,TRUE,163218.43,TRUE
ACC10290,CUST10290,ICICI Bank,Savings,ICIC007846,2015-05-29,Blocked,FALSE,65956.07,TRUE
ACC10291,CUST10291,Union Bank of India,Savings,UBIN005742,2015-02-07,Active,FALSE,304208.16,TRUE
ACC10292,CUST10292,Bank of Baroda,Salary,BARB009901,2020-07-16,Active,TRUE,31001.19,TRUE
ACC10293,CUST10293,Kotak Mahindra Bank,Savings,KKBK004159,2018-09-16,Active,TRUE,65709.99,TRUE
ACC10294,CUST10294,Union Bank of India,Savings,UBIN006523,2021-05-14,Active,FALSE,13771.74,TRUE
ACC10295,CUST10295,Canara Bank,Current,CNRB007643,2020-10-11,Active,FALSE,33235.99,TRUE
ACC10296,CUST10296,ICICI Bank,Savings,ICIC008822,2017-10-13,Active,TRUE,160848.49,TRUE
ACC10297,CUST10297,IndusInd Bank,Salary,INDB005947,2023-02-08,Active,TRUE,74471.54,TRUE
ACC10298,CUST10298,Axis Bank,Savings,UTIB002017,2020-03-21,Active,FALSE,59101.33,TRUE
ACC10299,CUST10299,Union Bank of India,Savings,UBIN006095,2022-03-01,Active,FALSE,51008.93,TRUE
ACC10300,CUST10300,Axis Bank,Current,UTIB003188,2016-09-19,Active,FALSE,98732.02,TRUE
ACC10301,CUST10301,Union Bank of India,Current,UBIN009998,2023-06-30,Active,FALSE,82410.67,TRUE
ACC10302,CUST10302,YES Bank,Salary,YESB002341,2020-01-04,Active,TRUE,37900.5,TRUE
ACC10303,CUST10303,HDFC Bank,Salary,HDFC002011,2020-09-01,Active,TRUE,222913.03,TRUE
ACC10304,CUST10304,IDFC FIRST Bank,Savings,IDFB008239,2022-08-18,Active,TRUE,76240.71,TRUE
ACC10305,CUST10305,State Bank of India,Savings,SBIN008429,2020-10-03,Active,TRUE,177492.84,TRUE
ACC10306,CUST10306,Kotak Mahindra Bank,Current,KKBK001356,2017-11-08,Active,FALSE,87313.67,TRUE
ACC10307,CUST10307,State Bank of India,Savings,SBIN007941,2022-11-08,Active,FALSE,71364.51,FALSE
ACC10308,CUST10308,HDFC Bank,Savings,HDFC008734,2018-03-21,Active,FALSE,67637.41,TRUE
ACC10309,CUST10309,Union Bank of India,Savings,UBIN007887,2019-04-16,Active,FALSE,77634.44,TRUE
ACC10310,CUST10310,HDFC Bank,Savings,HDFC009835,2022-04-30,Active,TRUE,212103.69,TRUE
ACC10311,CUST10311,ICICI Bank,Savings,ICIC004648,2023-06-25,Active,FALSE,52699.99,TRUE
ACC10312,CUST10312,IDFC FIRST Bank,Salary,IDFB007948,2019-04-03,Active,TRUE,49141.73,TRUE
ACC10313,CUST10313,Kotak Mahindra Bank,Savings,KKBK004088,2015-05-12,Active,FALSE,66483.58,TRUE
ACC10314,CUST10314,State Bank of India,Savings,SBIN004943,2015-10-03,Active,TRUE,153797.36,TRUE
ACC10315,CUST10315,State Bank of India,Savings,SBIN005009,2019-07-06,Active,FALSE,61830.56,TRUE
ACC10316,CUST10316,State Bank of India,Salary,SBIN003295,2018-03-30,Active,TRUE,143844.94,TRUE
ACC10317,CUST10317,YES Bank,Savings,YESB006253,2018-05-21,Active,FALSE,158894.39,TRUE
ACC10318,CUST10318,Punjab National Bank,Savings,PUNB005923,2015-09-07,Active,FALSE,69090.05,TRUE
ACC10319,CUST10319,ICICI Bank,Salary,ICIC007999,2020-07-23,Active,TRUE,256589.32,TRUE
ACC10320,CUST10320,Punjab National Bank,Savings,PUNB009592,2022-10-23,Active,TRUE,112850.45,TRUE
ACC10321,CUST10321,Bank of Baroda,Savings,BARB004948,2018-05-16,Active,TRUE,246762.75,TRUE
ACC10322,CUST10322,Punjab National Bank,Salary,PUNB007824,2020-12-10,Active,TRUE,35007.29,TRUE
ACC10323,CUST10323,Canara Bank,Current,CNRB002295,2019-02-28,Active,FALSE,67760.82,TRUE
ACC10324,CUST10324,Canara Bank,Savings,CNRB001647,2017-02-09,Active,TRUE,307304.53,TRUE
ACC10325,CUST10325,Axis Bank,Savings,UTIB006455,2015-03-04,Active,TRUE,427635.3,TRUE
ACC10326,CUST10326,Bank of Baroda,Salary,BARB004974,2022-11-22,Active,TRUE,208232.1,TRUE
ACC10327,CUST10327,Kotak Mahindra Bank,Current,KKBK007236,2020-12-25,Active,TRUE,80522.88,TRUE
ACC10328,CUST10328,Bank of Baroda,Current,BARB002615,2023-07-17,Active,FALSE,79514.68,TRUE
ACC10329,CUST10329,YES Bank,Savings,YESB004625,2015-03-08,Active,FALSE,160417.67,TRUE
ACC10330,CUST10330,ICICI Bank,Savings,ICIC004214,2017-07-31,Active,FALSE,146854.65,TRUE
ACC10331,CUST10331,Canara Bank,Savings,CNRB006530,2023-07-24,Active,FALSE,458917.34,TRUE
ACC10332,CUST10332,ICICI Bank,Savings,ICIC006770,2016-07-27,Active,TRUE,174640.21,TRUE
ACC10333,CUST10333,Canara Bank,Salary,CNRB001962,2015-05-19,Active,TRUE,62391.45,TRUE
ACC10334,CUST10334,State Bank of India,Current,SBIN001104,2016-07-17,Active,FALSE,20811.74,TRUE
ACC10335,CUST10335,State Bank of India,Salary,SBIN004583,2020-02-11,Active,TRUE,181027.28,TRUE
ACC10336,CUST10336,YES Bank,Current,YESB008916,2015-03-06,Active,FALSE,70218.82,TRUE
ACC10337,CUST10337,IDFC FIRST Bank,Salary,IDFB005501,2018-03-20,Active,TRUE,82709.94,TRUE
ACC10338,CUST10338,ICICI Bank,Savings,ICIC002753,2020-11-17,Active,TRUE,110148.58,TRUE
ACC10339,CUST10339,Kotak Mahindra Bank,Savings,KKBK007502,2019-03-09,Inactive,FALSE,34491.46,TRUE
ACC10340,CUST10340,Union Bank of India,Savings,UBIN004700,2022-09-02,Active,FALSE,25945.8,FALSE
ACC10341,CUST10341,Canara Bank,Savings,CNRB001519,2019-07-19,Active,FALSE,55853.4,TRUE
ACC10342,CUST10342,State Bank of India,Savings,SBIN003807,2020-08-09,Active,FALSE,59092.58,TRUE
ACC10343,CUST10343,HDFC Bank,Savings,HDFC009653,2017-07-30,Active,FALSE,339138.77,TRUE
ACC10344,CUST10344,State Bank of India,Savings,SBIN002218,2021-02-02,Active,FALSE,11550.64,FALSE
ACC10345,CUST10345,IndusInd Bank,Savings,INDB001256,2021-08-01,Active,FALSE,275127.44,FALSE
ACC10346,CUST10346,Kotak Mahindra Bank,Salary,KKBK003661,2017-09-11,Active,TRUE,181092.95,TRUE
ACC10347,CUST10347,IDFC FIRST Bank,Current,IDFB006435,2023-06-22,Active,FALSE,86302.61,TRUE
ACC10348,CUST10348,HDFC Bank,Savings,HDFC009204,2015-08-08,Active,TRUE,95885.11,TRUE
ACC10349,CUST10349,YES Bank,Savings,YESB007499,2015-05-02,Active,FALSE,47725.02,TRUE
ACC10350,CUST10350,Axis Bank,Salary,UTIB006829,2019-03-18,Active,TRUE,101475.97,TRUE
ACC10351,CUST10351,HDFC Bank,Savings,HDFC005839,2022-12-30,Active,FALSE,17362.66,TRUE
ACC10352,CUST10352,Canara Bank,Current,CNRB003527,2018-07-21,Active,FALSE,15710.93,FALSE
ACC10353,CUST10353,Bank of Baroda,Savings,BARB006896,2016-02-23,Active,TRUE,90287.59,TRUE
ACC10354,CUST10354,Punjab National Bank,Savings,PUNB002692,2016-01-03,Active,TRUE,183740.43,TRUE
ACC10355,CUST10355,Punjab National Bank,Savings,PUNB001202,2019-08-22,Active,TRUE,202160.84,TRUE
ACC10356,CUST10356,Axis Bank,Savings,UTIB009537,2022-09-08,Active,FALSE,34981.54,TRUE
ACC10357,CUST10357,Bank of Baroda,Savings,BARB003390,2016-11-15,Active,FALSE,37069.37,TRUE
ACC10358,CUST10358,HDFC Bank,Savings,HDFC006916,2017-10-07,Active,TRUE,113667.01,TRUE
ACC10359,CUST10359,ICICI Bank,Savings,ICIC005991,2019-06-09,Active,FALSE,152271.37,TRUE
ACC10360,CUST10360,IndusInd Bank,Salary,INDB008055,2016-07-11,Active,TRUE,56872.04,TRUE
ACC10361,CUST10361,Bank of Baroda,Savings,BARB006147,2019-06-20,Inactive,TRUE,132502.9,TRUE
ACC10362,CUST10362,YES Bank,Savings,YESB004971,2019-03-21,Active,FALSE,108368.76,TRUE
ACC10363,CUST10363,YES Bank,Salary,YESB004273,2021-02-12,Active,TRUE,173651.77,TRUE
ACC10364,CUST10364,Union Bank of India,Savings,UBIN008563,2019-12-01,Active,FALSE,68082.34,TRUE
ACC10365,CUST10365,Punjab National Bank,Savings,PUNB009180,2022-02-07,Active,TRUE,76946.06,TRUE
ACC10366,CUST10366,Punjab National Bank,Current,PUNB002211,2021-09-15,Active,TRUE,160416.9,FALSE
ACC10367,CUST10367,Union Bank of India,Salary,UBIN007853,2015-05-31,Active,TRUE,77601.45,TRUE
ACC10368,CUST10368,IDFC FIRST Bank,Savings,IDFB002392,2023-08-16,Active,FALSE,60340.53,TRUE
ACC10369,CUST10369,YES Bank,Savings,YESB007547,2023-12-06,Active,FALSE,9178.2,TRUE
ACC10370,CUST10370,IDFC FIRST Bank,Salary,IDFB009499,2021-07-05,Active,TRUE,51372.38,TRUE
ACC10371,CUST10371,Bank of Baroda,Savings,BARB009199,2018-11-13,Blocked,FALSE,39664.65,TRUE
ACC10372,CUST10372,HDFC Bank,Savings,HDFC002901,2018-11-27,Active,TRUE,55794.58,TRUE
ACC10373,CUST10373,Bank of Baroda,Current,BARB002599,2023-02-05,Active,FALSE,43576.84,TRUE
ACC10374,CUST10374,Union Bank of India,Savings,UBIN002885,2018-11-06,Active,FALSE,74746.95,FALSE
ACC10375,CUST10375,Axis Bank,Savings,UTIB009454,2021-03-10,Active,TRUE,294619.53,TRUE
ACC10376,CUST10376,Punjab National Bank,Savings,PUNB004022,2022-03-08,Active,FALSE,61068.68,TRUE
ACC10377,CUST10377,Axis Bank,Salary,UTIB008365,2019-10-26,Active,TRUE,65156.43,TRUE
ACC10378,CUST10378,Union Bank of India,Salary,UBIN002025,2016-02-21,Active,TRUE,84757.88,TRUE
ACC10379,CUST10379,Axis Bank,Savings,UTIB008496,2017-12-10,Active,FALSE,50391.42,FALSE
ACC10380,CUST10380,IndusInd Bank,Salary,INDB007367,2019-05-27,Active,TRUE,118722.14,TRUE
ACC10381,CUST10381,YES Bank,Savings,YESB003826,2021-11-21,Active,FALSE,70318.5,TRUE
ACC10382,CUST10382,HDFC Bank,Savings,HDFC003999,2022-10-11,Active,FALSE,37805.52,TRUE
ACC10383,CUST10383,YES Bank,Current,YESB007286,2017-01-30,Active,FALSE,66647.25,TRUE
ACC10384,CUST10384,ICICI Bank,Current,ICIC003733,2018-03-29,Active,FALSE,37239.7,TRUE
ACC10385,CUST10385,State Bank of India,Savings,SBIN006882,2020-06-07,Active,FALSE,130891.1,FALSE
ACC10386,CUST10386,IDFC FIRST Bank,Current,IDFB009109,2022-09-05,Active,FALSE,111901.82,TRUE
ACC10387,CUST10387,ICICI Bank,Salary,ICIC002354,2015-05-07,Active,TRUE,54307.5,TRUE
ACC10388,CUST10388,Axis Bank,Savings,UTIB009808,2016-11-19,Active,TRUE,234246.88,TRUE
ACC10389,CUST10389,IDFC FIRST Bank,Salary,IDFB002854,2016-04-12,Active,TRUE,407587.96,FALSE
ACC10390,CUST10390,IDFC FIRST Bank,Current,IDFB001681,2021-02-15,Active,TRUE,219051.02,TRUE
ACC10391,CUST10391,Axis Bank,Savings,UTIB005877,2020-01-17,Active,FALSE,32965.7,TRUE
ACC10392,CUST10392,HDFC Bank,Savings,HDFC004882,2023-04-10,Active,FALSE,50481.66,TRUE
ACC10393,CUST10393,Canara Bank,Savings,CNRB008015,2021-11-28,Active,TRUE,134229.23,TRUE
ACC10394,CUST10394,IndusInd Bank,Savings,INDB009720,2021-09-10,Active,TRUE,190196.42,TRUE
ACC10395,CUST10395,Kotak Mahindra Bank,Savings,KKBK009428,2016-07-09,Inactive,FALSE,111161.35,TRUE
ACC10396,CUST10396,Kotak Mahindra Bank,Savings,KKBK003078,2017-10-19,Active,FALSE,65870.12,TRUE
ACC10397,CUST10397,Canara Bank,Current,CNRB007434,2016-08-05,Active,FALSE,40016.37,TRUE
ACC10398,CUST10398,Bank of Baroda,Savings,BARB002237,2019-07-09,Active,FALSE,29758.06,FALSE
ACC10399,CUST10399,IndusInd Bank,Current,INDB008449,2018-09-02,Active,FALSE,325181.03,TRUE
ACC10400,CUST10400,Bank of Baroda,Savings,BARB006869,2023-12-04,Active,TRUE,97141.76,TRUE
ACC10401,CUST10401,Kotak Mahindra Bank,Savings,KKBK006289,2018-10-15,Active,FALSE,30151.87,TRUE
ACC10402,CUST10402,IndusInd Bank,Savings,INDB001793,2016-02-12,Active,FALSE,27991.98,FALSE
ACC10403,CUST10403,ICICI Bank,Current,ICIC008230,2015-01-03,Blocked,FALSE,58413.52,FALSE
ACC10404,CUST10404,ICICI Bank,Savings,ICIC005945,2018-01-27,Active,FALSE,36334.83,TRUE
ACC10405,CUST10405,Canara Bank,Savings,CNRB003711,2019-06-12,Active,FALSE,357251.69,TRUE
ACC10406,CUST10406,HDFC Bank,Savings,HDFC002559,2017-05-24,Active,TRUE,58869.12,TRUE
ACC10407,CUST10407,State Bank of India,Savings,SBIN001132,2016-05-08,Blocked,FALSE,28073.88,TRUE
ACC10408,CUST10408,HDFC Bank,Current,HDFC004751,2016-01-01,Active,FALSE,9416.5,TRUE
ACC10409,CUST10409,Kotak Mahindra Bank,Current,KKBK003246,2023-09-04,Active,FALSE,158830.45,TRUE
ACC10410,CUST10410,HDFC Bank,Salary,HDFC009691,2015-02-04,Active,TRUE,23517.43,TRUE
ACC10411,CUST10411,Axis Bank,Current,UTIB003480,2021-11-28,Active,FALSE,73245.12,TRUE
ACC10412,CUST10412,HDFC Bank,Savings,HDFC003293,2021-08-11,Active,FALSE,50584.45,TRUE
ACC10413,CUST10413,ICICI Bank,Savings,ICIC005059,2022-03-25,Active,FALSE,43488.25,TRUE
ACC10414,CUST10414,YES Bank,Savings,YESB005668,2022-05-20,Active,FALSE,27765.36,TRUE
ACC10415,CUST10415,Axis Bank,Savings,UTIB007418,2022-03-31,Active,FALSE,65053.06,FALSE
ACC10416,CUST10416,Bank of Baroda,Savings,BARB007322,2017-09-14,Active,FALSE,42911.22,TRUE
ACC10417,CUST10417,State Bank of India,Savings,SBIN006916,2016-06-24,Active,FALSE,62679.01,TRUE
ACC10418,CUST10418,IDFC FIRST Bank,Current,IDFB003830,2023-08-22,Active,FALSE,46860.61,TRUE
ACC10419,CUST10419,Axis Bank,Savings,UTIB001652,2023-11-07,Active,FALSE,57796.15,TRUE
ACC10420,CUST10420,Punjab National Bank,Current,PUNB007939,2015-12-04,Active,TRUE,74520.57,TRUE
ACC10421,CUST10421,HDFC Bank,Savings,HDFC009377,2016-09-28,Active,TRUE,220160.58,TRUE
ACC10422,CUST10422,Canara Bank,Savings,CNRB002083,2022-11-01,Active,FALSE,50264.54,TRUE
ACC10423,CUST10423,Axis Bank,Current,UTIB002412,2016-04-20,Active,FALSE,92178.81,TRUE
ACC10424,CUST10424,Union Bank of India,Savings,UBIN003877,2015-02-21,Active,FALSE,68709.57,TRUE
ACC10425,CUST10425,IndusInd Bank,Salary,INDB009568,2023-10-13,Active,TRUE,49137.18,TRUE
ACC10426,CUST10426,Union Bank of India,Savings,UBIN005403,2023-08-26,Active,FALSE,51451.32,TRUE
ACC10427,CUST10427,IDFC FIRST Bank,Savings,IDFB002046,2022-12-27,Inactive,FALSE,76167.47,TRUE
ACC10428,CUST10428,IDFC FIRST Bank,Savings,IDFB006900,2020-08-08,Active,FALSE,27522.68,TRUE
ACC10429,CUST10429,HDFC Bank,Savings,HDFC002889,2023-04-23,Active,FALSE,15873.17,TRUE
ACC10430,CUST10430,Axis Bank,Current,UTIB001753,2019-01-30,Active,FALSE,20677.18,FALSE
ACC10431,CUST10431,State Bank of India,Savings,SBIN007870,2018-08-11,Active,FALSE,48461.03,TRUE
ACC10432,CUST10432,HDFC Bank,Savings,HDFC007108,2020-08-18,Active,TRUE,53245.09,TRUE
ACC10433,CUST10433,State Bank of India,Savings,SBIN007568,2020-03-20,Active,FALSE,102244.4,TRUE
ACC10434,CUST10434,Bank of Baroda,Savings,BARB001130,2017-04-01,Active,FALSE,231997.95,TRUE
ACC10435,CUST10435,IndusInd Bank,Savings,INDB009083,2023-03-20,Active,FALSE,83373.06,TRUE
ACC10436,CUST10436,State Bank of India,Savings,SBIN007718,2017-08-12,Active,FALSE,46700.28,TRUE
ACC10437,CUST10437,State Bank of India,Savings,SBIN006488,2023-07-06,Active,FALSE,95029.8,TRUE
ACC10438,CUST10438,HDFC Bank,Salary,HDFC004361,2017-09-02,Active,TRUE,126592.21,FALSE
ACC10439,CUST10439,ICICI Bank,Savings,ICIC005584,2015-06-29,Active,FALSE,150637.7,TRUE
ACC10440,CUST10440,Union Bank of India,Current,UBIN007102,2023-05-22,Active,FALSE,20901.7,TRUE
ACC10441,CUST10441,Punjab National Bank,Salary,PUNB002226,2021-05-14,Active,TRUE,83483.81,TRUE
ACC10442,CUST10442,Kotak Mahindra Bank,Savings,KKBK005276,2023-12-25,Active,FALSE,69608.87,TRUE
ACC10443,CUST10443,Bank of Baroda,Savings,BARB005455,2015-11-02,Inactive,FALSE,16182.27,TRUE
ACC10444,CUST10444,HDFC Bank,Savings,HDFC003546,2016-11-04,Active,TRUE,119769.39,TRUE
ACC10445,CUST10445,Axis Bank,Savings,UTIB008404,2020-03-12,Active,FALSE,33844.31,TRUE
ACC10446,CUST10446,Canara Bank,Salary,CNRB005984,2015-06-15,Active,TRUE,86669.48,TRUE
ACC10447,CUST10447,Union Bank of India,Savings,UBIN005066,2019-06-12,Active,FALSE,53040.22,TRUE
ACC10448,CUST10448,ICICI Bank,Current,ICIC001509,2020-01-27,Active,FALSE,72113.54,TRUE
ACC10449,CUST10449,HDFC Bank,Savings,HDFC003290,2015-02-18,Active,FALSE,56128.37,TRUE
ACC10450,CUST10450,Punjab National Bank,Savings,PUNB007098,2021-07-13,Active,FALSE,122959.32,TRUE
ACC10451,CUST10451,HDFC Bank,Current,HDFC004239,2016-06-11,Active,FALSE,91844.08,TRUE
ACC10452,CUST10452,HDFC Bank,Current,HDFC001699,2015-07-27,Active,TRUE,165510.72,TRUE
ACC10453,CUST10453,State Bank of India,Current,SBIN007270,2016-12-08,Active,FALSE,73751.19,TRUE
ACC10454,CUST10454,Bank of Baroda,Savings,BARB003435,2021-11-20,Active,TRUE,63461.16,TRUE
ACC10455,CUST10455,IDFC FIRST Bank,Savings,IDFB008848,2015-12-26,Active,TRUE,48789.78,TRUE
ACC10456,CUST10456,IDFC FIRST Bank,Salary,IDFB005082,2023-11-30,Active,TRUE,56387.77,TRUE
ACC10457,CUST10457,Bank of Baroda,Current,BARB009921,2018-11-10,Active,FALSE,69629.53,TRUE
ACC10458,CUST10458,ICICI Bank,Savings,ICIC001427,2021-09-11,Active,FALSE,66495.39,TRUE
ACC10459,CUST10459,State Bank of India,Salary,SBIN008728,2019-01-04,Active,TRUE,199428.09,FALSE
ACC10460,CUST10460,HDFC Bank,Savings,HDFC005060,2017-12-27,Active,FALSE,127438.16,TRUE
ACC10461,CUST10461,Axis Bank,Savings,UTIB007363,2016-12-12,Active,FALSE,42823.22,TRUE
ACC10462,CUST10462,Union Bank of India,Salary,UBIN006878,2015-04-26,Active,TRUE,27082.27,TRUE
ACC10463,CUST10463,ICICI Bank,Current,ICIC004084,2021-01-29,Active,TRUE,35623.83,TRUE
ACC10464,CUST10464,Axis Bank,Salary,UTIB001326,2020-05-11,Active,TRUE,190998.8,TRUE
ACC10465,CUST10465,ICICI Bank,Savings,ICIC006582,2023-12-31,Active,TRUE,20356.67,TRUE
ACC10466,CUST10466,ICICI Bank,Salary,ICIC002817,2019-02-03,Inactive,TRUE,22432.36,FALSE
ACC10467,CUST10467,Punjab National Bank,Savings,PUNB002655,2018-05-21,Active,FALSE,157289.83,TRUE
ACC10468,CUST10468,Canara Bank,Savings,CNRB008982,2016-12-14,Active,TRUE,232857.33,TRUE
ACC10469,CUST10469,IndusInd Bank,Salary,INDB004657,2016-12-19,Active,TRUE,90058.65,TRUE
ACC10470,CUST10470,ICICI Bank,Salary,ICIC001029,2019-05-23,Active,TRUE,63633.12,TRUE
ACC10471,CUST10471,ICICI Bank,Salary,ICIC006213,2017-06-23,Active,TRUE,37672.59,TRUE
ACC10472,CUST10472,IndusInd Bank,Savings,INDB002274,2018-11-21,Blocked,TRUE,183281.95,TRUE
ACC10473,CUST10473,Union Bank of India,Current,UBIN006500,2015-02-16,Active,FALSE,40096.37,TRUE
ACC10474,CUST10474,Kotak Mahindra Bank,Savings,KKBK002770,2015-07-17,Active,FALSE,205768.11,TRUE
ACC10475,CUST10475,Bank of Baroda,Savings,BARB007204,2021-02-14,Active,FALSE,433474.17,TRUE
ACC10476,CUST10476,Canara Bank,Savings,CNRB004695,2020-01-23,Active,FALSE,103722.18,TRUE
ACC10477,CUST10477,IndusInd Bank,Savings,INDB005278,2015-10-31,Active,FALSE,117801.75,TRUE
ACC10478,CUST10478,HDFC Bank,Savings,HDFC009962,2018-10-16,Active,FALSE,76964.55,TRUE
ACC10479,CUST10479,State Bank of India,Savings,SBIN008066,2021-10-23,Active,TRUE,35257.41,TRUE
ACC10480,CUST10480,Axis Bank,Salary,UTIB007705,2023-02-05,Active,TRUE,59837.84,TRUE
ACC10481,CUST10481,Kotak Mahindra Bank,Savings,KKBK004891,2015-07-23,Active,TRUE,128165.86,TRUE
ACC10482,CUST10482,State Bank of India,Savings,SBIN008005,2018-04-21,Active,FALSE,218609.05,TRUE
ACC10483,CUST10483,Axis Bank,Savings,UTIB003798,2015-12-02,Active,TRUE,223522.6,TRUE
ACC10484,CUST10484,Canara Bank,Savings,CNRB005341,2022-03-14,Active,FALSE,30315.08,TRUE
ACC10485,CUST10485,IndusInd Bank,Current,INDB004056,2015-07-02,Active,FALSE,26822.78,TRUE
ACC10486,CUST10486,Kotak Mahindra Bank,Savings,KKBK002009,2023-06-09,Active,TRUE,134092.85,TRUE
ACC10487,CUST10487,Punjab National Bank,Salary,PUNB004727,2015-09-07,Active,TRUE,115296.42,TRUE
ACC10488,CUST10488,IDFC FIRST Bank,Salary,IDFB008779,2017-08-23,Active,TRUE,8289.84,TRUE
ACC10489,CUST10489,Union Bank of India,Salary,UBIN001568,2021-05-28,Active,TRUE,131626.29,TRUE
ACC10490,CUST10490,YES Bank,Savings,YESB003415,2023-06-29,Active,FALSE,150164.85,TRUE
ACC10491,CUST10491,Axis Bank,Savings,UTIB004157,2015-06-24,Active,FALSE,148887.32,TRUE
ACC10492,CUST10492,Canara Bank,Salary,CNRB003422,2017-11-22,Active,TRUE,265299.69,TRUE
ACC10493,CUST10493,HDFC Bank,Salary,HDFC007358,2019-06-16,Active,TRUE,250898.78,TRUE
ACC10494,CUST10494,State Bank of India,Current,SBIN009561,2016-04-05,Active,TRUE,131974.05,TRUE
ACC10495,CUST10495,HDFC Bank,Salary,HDFC002730,2023-09-29,Active,TRUE,97239.77,TRUE
ACC10496,CUST10496,IndusInd Bank,Savings,INDB007732,2019-04-18,Active,TRUE,143286.18,TRUE
ACC10497,CUST10497,Punjab National Bank,Salary,PUNB003356,2021-10-29,Active,TRUE,179954.67,TRUE
ACC10498,CUST10498,IndusInd Bank,Savings,INDB004892,2023-05-13,Active,TRUE,107410.34,TRUE
ACC10499,CUST10499,Kotak Mahindra Bank,Savings,KKBK006094,2020-07-06,Active,FALSE,179129.44,TRUE
ACC10500,CUST10500,Kotak Mahindra Bank,Savings,KKBK008259,2018-01-08,Active,FALSE,98381.06,TRUE
ACC10501,CUST10501,Bank of Baroda,Current,BARB004463,2023-04-23,Active,FALSE,91781.81,TRUE
ACC10502,CUST10502,State Bank of India,Savings,SBIN009442,2015-09-26,Active,FALSE,55730.6,TRUE
ACC10503,CUST10503,IDFC FIRST Bank,Savings,IDFB001474,2017-02-28,Active,FALSE,23558.14,TRUE
ACC10504,CUST10504,State Bank of India,Savings,SBIN008478,2019-01-16,Active,FALSE,41185.48,TRUE
ACC10505,CUST10505,IDFC FIRST Bank,Savings,IDFB007503,2022-08-22,Active,FALSE,72356.84,TRUE
ACC10506,CUST10506,ICICI Bank,Salary,ICIC008775,2021-03-08,Active,TRUE,21815.95,TRUE
ACC10507,CUST10507,Union Bank of India,Savings,UBIN002480,2015-04-23,Active,TRUE,170498.06,FALSE
ACC10508,CUST10508,Axis Bank,Savings,UTIB004688,2018-01-07,Active,TRUE,156407.6,FALSE
ACC10509,CUST10509,Canara Bank,Current,CNRB001145,2016-06-25,Active,FALSE,84498.86,TRUE
ACC10510,CUST10510,Kotak Mahindra Bank,Savings,KKBK006004,2019-10-02,Active,FALSE,90208.48,TRUE
ACC10511,CUST10511,Kotak Mahindra Bank,Salary,KKBK009530,2019-06-15,Active,TRUE,28792.59,FALSE
ACC10512,CUST10512,IndusInd Bank,Savings,INDB005631,2022-09-04,Active,FALSE,18406.17,FALSE
ACC10513,CUST10513,Canara Bank,Savings,CNRB006327,2017-12-05,Active,FALSE,80328.02,TRUE
ACC10514,CUST10514,Axis Bank,Salary,UTIB003456,2023-08-02,Active,TRUE,38534.32,TRUE
ACC10515,CUST10515,YES Bank,Savings,YESB007620,2022-08-20,Active,TRUE,170243.37,TRUE
ACC10516,CUST10516,Punjab National Bank,Current,PUNB007628,2023-04-06,Active,FALSE,47467.68,TRUE
ACC10517,CUST10517,Axis Bank,Savings,UTIB006622,2022-09-12,Active,FALSE,75915.11,TRUE
ACC10518,CUST10518,Canara Bank,Salary,CNRB006873,2018-05-14,Active,TRUE,112126.64,TRUE
ACC10519,CUST10519,ICICI Bank,Savings,ICIC005813,2020-04-12,Active,TRUE,176088.72,TRUE
ACC10520,CUST10520,ICICI Bank,Savings,ICIC006499,2017-06-29,Active,FALSE,89145.76,TRUE
ACC10521,CUST10521,IndusInd Bank,Savings,INDB007089,2021-07-26,Active,FALSE,107440.16,TRUE
ACC10522,CUST10522,YES Bank,Current,YESB002166,2017-03-07,Active,FALSE,118425.72,TRUE
ACC10523,CUST10523,Kotak Mahindra Bank,Savings,KKBK007768,2016-09-09,Active,FALSE,30110.37,TRUE
ACC10524,CUST10524,YES Bank,Savings,YESB008496,2018-07-19,Active,FALSE,17981.4,TRUE
ACC10525,CUST10525,IndusInd Bank,Savings,INDB003897,2022-02-11,Active,FALSE,64623.1,TRUE
ACC10526,CUST10526,ICICI Bank,Current,ICIC003595,2023-10-22,Active,FALSE,26177.95,TRUE
ACC10527,CUST10527,Canara Bank,Current,CNRB008035,2019-10-24,Inactive,FALSE,54958.05,TRUE
ACC10528,CUST10528,Axis Bank,Savings,UTIB007112,2018-08-12,Active,FALSE,80971.98,TRUE
ACC10529,CUST10529,State Bank of India,Savings,SBIN005076,2022-10-11,Active,FALSE,40908.9,TRUE
ACC10530,CUST10530,IDFC FIRST Bank,Savings,IDFB006015,2015-09-25,Active,FALSE,61458.11,TRUE
ACC10531,CUST10531,Union Bank of India,Salary,UBIN009524,2020-11-16,Active,TRUE,100528.54,FALSE
ACC10532,CUST10532,IndusInd Bank,Savings,INDB009031,2023-05-31,Active,FALSE,66677.4,TRUE
ACC10533,CUST10533,Punjab National Bank,Savings,PUNB001313,2017-07-07,Active,TRUE,205301.0,TRUE
ACC10534,CUST10534,ICICI Bank,Savings,ICIC003017,2022-12-22,Active,FALSE,9230.39,TRUE
ACC10535,CUST10535,Kotak Mahindra Bank,Salary,KKBK009761,2015-07-19,Active,TRUE,6802.1,TRUE
ACC10536,CUST10536,State Bank of India,Savings,SBIN001790,2019-09-04,Active,TRUE,146356.65,TRUE
ACC10537,CUST10537,Axis Bank,Savings,UTIB001152,2019-09-20,Active,FALSE,36299.18,TRUE
ACC10538,CUST10538,YES Bank,Current,YESB003247,2016-03-05,Active,FALSE,80820.49,TRUE
ACC10539,CUST10539,HDFC Bank,Savings,HDFC009154,2021-10-30,Active,TRUE,125353.29,TRUE
ACC10540,CUST10540,Union Bank of India,Savings,UBIN007713,2016-10-18,Active,FALSE,84030.91,TRUE
ACC10541,CUST10541,Bank of Baroda,Savings,BARB006416,2015-01-12,Active,FALSE,18713.89,TRUE
ACC10542,CUST10542,YES Bank,Savings,YESB009095,2016-01-04,Active,FALSE,26737.64,TRUE
ACC10543,CUST10543,Kotak Mahindra Bank,Current,KKBK004787,2018-04-27,Active,FALSE,9665.39,TRUE
ACC10544,CUST10544,State Bank of India,Savings,SBIN005760,2023-12-28,Active,FALSE,70685.35,TRUE
ACC10545,CUST10545,State Bank of India,Savings,SBIN001158,2022-06-10,Active,TRUE,167611.88,FALSE
ACC10546,CUST10546,Kotak Mahindra Bank,Savings,KKBK002522,2018-11-04,Active,FALSE,64090.77,FALSE
ACC10547,CUST10547,Kotak Mahindra Bank,Current,KKBK007319,2023-12-21,Active,FALSE,98771.29,TRUE
ACC10548,CUST10548,ICICI Bank,Savings,ICIC001960,2016-02-29,Active,TRUE,368441.28,TRUE
ACC10549,CUST10549,ICICI Bank,Savings,ICIC007221,2021-11-09,Active,FALSE,196898.9,FALSE
ACC10550,CUST10550,ICICI Bank,Current,ICIC008914,2016-04-07,Active,FALSE,54726.44,TRUE
ACC10551,CUST10551,Canara Bank,Savings,CNRB006148,2022-11-25,Active,TRUE,156756.38,TRUE
ACC10552,CUST10552,Axis Bank,Salary,UTIB006542,2020-11-12,Active,TRUE,61515.85,TRUE
ACC10553,CUST10553,Union Bank of India,Current,UBIN005072,2018-11-17,Active,FALSE,83513.55,TRUE
ACC10554,CUST10554,IDFC FIRST Bank,Savings,IDFB001894,2022-03-20,Active,FALSE,56575.58,TRUE
ACC10555,CUST10555,Bank of Baroda,Savings,BARB003709,2023-06-05,Active,FALSE,43905.01,FALSE
ACC10556,CUST10556,State Bank of India,Savings,SBIN009305,2021-03-04,Active,FALSE,35785.94,TRUE
ACC10557,CUST10557,Bank of Baroda,Salary,BARB008277,2020-01-10,Active,TRUE,34111.07,TRUE
ACC10558,CUST10558,Bank of Baroda,Savings,BARB001291,2019-07-11,Active,TRUE,19084.49,TRUE
ACC10559,CUST10559,YES Bank,Salary,YESB005990,2021-04-22,Active,TRUE,167737.18,FALSE
ACC10560,CUST10560,IndusInd Bank,Savings,INDB001889,2020-02-05,Active,FALSE,132275.16,TRUE
ACC10561,CUST10561,Union Bank of India,Current,UBIN006952,2016-04-12,Active,FALSE,50659.99,TRUE
ACC10562,CUST10562,Canara Bank,Salary,CNRB005783,2020-11-08,Active,TRUE,32011.56,TRUE
ACC10563,CUST10563,Bank of Baroda,Current,BARB003301,2016-03-14,Active,TRUE,35005.72,TRUE
ACC10564,CUST10564,Axis Bank,Savings,UTIB008488,2023-01-14,Active,FALSE,59903.31,TRUE
ACC10565,CUST10565,Canara Bank,Current,CNRB003018,2020-02-17,Active,FALSE,57735.98,TRUE
ACC10566,CUST10566,IDFC FIRST Bank,Salary,IDFB001795,2019-11-08,Active,TRUE,60897.62,TRUE
ACC10567,CUST10567,ICICI Bank,Savings,ICIC003845,2016-02-29,Active,FALSE,39991.45,TRUE
ACC10568,CUST10568,IDFC FIRST Bank,Current,IDFB007302,2021-10-30,Active,FALSE,61714.11,FALSE
ACC10569,CUST10569,Kotak Mahindra Bank,Savings,KKBK008419,2016-07-19,Active,FALSE,149570.61,TRUE
ACC10570,CUST10570,Union Bank of India,Savings,UBIN009975,2022-12-25,Active,FALSE,82858.44,TRUE
ACC10571,CUST10571,Axis Bank,Savings,UTIB005760,2022-07-17,Active,FALSE,66904.98,FALSE
ACC10572,CUST10572,ICICI Bank,Salary,ICIC009255,2022-10-14,Active,TRUE,56608.83,TRUE
ACC10573,CUST10573,IDFC FIRST Bank,Salary,IDFB008870,2021-05-26,Inactive,TRUE,70740.88,TRUE
ACC10574,CUST10574,IDFC FIRST Bank,Current,IDFB005684,2015-02-22,Active,FALSE,10473.95,TRUE
ACC10575,CUST10575,Canara Bank,Savings,CNRB001927,2017-12-29,Active,TRUE,60858.49,TRUE
ACC10576,CUST10576,State Bank of India,Savings,SBIN005835,2023-06-14,Active,FALSE,50672.43,TRUE
ACC10577,CUST10577,YES Bank,Salary,YESB004675,2019-05-12,Active,TRUE,75864.14,TRUE
ACC10578,CUST10578,Kotak Mahindra Bank,Current,KKBK001769,2019-05-07,Active,FALSE,157025.99,FALSE
ACC10579,CUST10579,State Bank of India,Savings,SBIN001212,2017-04-11,Active,FALSE,437981.66,TRUE
ACC10580,CUST10580,Canara Bank,Salary,CNRB007025,2021-02-16,Active,TRUE,85904.85,TRUE
ACC10581,CUST10581,Axis Bank,Current,UTIB005819,2016-12-27,Blocked,TRUE,233214.53,TRUE
ACC10582,CUST10582,HDFC Bank,Savings,HDFC007180,2019-10-22,Active,FALSE,32075.87,TRUE
ACC10583,CUST10583,Kotak Mahindra Bank,Savings,KKBK001092,2020-03-25,Active,TRUE,62160.29,TRUE
ACC10584,CUST10584,State Bank of India,Current,SBIN005934,2023-11-10,Active,FALSE,60003.77,TRUE
ACC10585,CUST10585,IndusInd Bank,Savings,INDB009608,2017-01-23,Active,FALSE,119681.12,TRUE
ACC10586,CUST10586,IDFC FIRST Bank,Current,IDFB009798,2016-01-12,Active,FALSE,142272.57,TRUE
ACC10587,CUST10587,IndusInd Bank,Savings,INDB006911,2017-06-13,Inactive,FALSE,87722.17,TRUE
ACC10588,CUST10588,IDFC FIRST Bank,Savings,IDFB001144,2022-07-02,Active,FALSE,23520.49,TRUE
ACC10589,CUST10589,YES Bank,Savings,YESB004994,2022-08-27,Active,FALSE,72218.64,TRUE
ACC10590,CUST10590,HDFC Bank,Savings,HDFC007322,2021-01-21,Active,FALSE,12887.98,TRUE
ACC10591,CUST10591,IndusInd Bank,Salary,INDB009426,2019-12-31,Active,TRUE,116743.04,TRUE
ACC10592,CUST10592,IndusInd Bank,Savings,INDB009419,2016-01-29,Active,FALSE,139443.48,TRUE
ACC10593,CUST10593,State Bank of India,Savings,SBIN002072,2022-07-08,Active,TRUE,153337.74,TRUE
ACC10594,CUST10594,Axis Bank,Current,UTIB009810,2022-04-02,Active,TRUE,260762.96,TRUE
ACC10595,CUST10595,Union Bank of India,Savings,UBIN006434,2015-12-25,Active,FALSE,19130.65,TRUE
ACC10596,CUST10596,HDFC Bank,Savings,HDFC004729,2019-07-28,Active,FALSE,64867.47,TRUE
ACC10597,CUST10597,State Bank of India,Savings,SBIN007381,2020-12-30,Active,FALSE,58610.57,TRUE
ACC10598,CUST10598,Union Bank of India,Savings,UBIN001745,2019-01-05,Active,TRUE,360710.92,TRUE
ACC10599,CUST10599,HDFC Bank,Current,HDFC005612,2019-04-12,Active,FALSE,197118.52,TRUE
ACC10600,CUST10600,ICICI Bank,Salary,ICIC007406,2018-04-23,Inactive,TRUE,96652.3,TRUE
ACC10601,CUST10601,Union Bank of India,Savings,UBIN007113,2021-03-17,Active,TRUE,57244.97,TRUE
ACC10602,CUST10602,Punjab National Bank,Salary,PUNB009800,2015-12-15,Active,TRUE,57932.81,TRUE
ACC10603,CUST10603,IndusInd Bank,Current,INDB004469,2022-03-30,Active,FALSE,35147.32,TRUE
ACC10604,CUST10604,YES Bank,Savings,YESB005140,2016-04-14,Active,FALSE,78620.08,TRUE
ACC10605,CUST10605,IDFC FIRST Bank,Salary,IDFB008557,2015-10-27,Active,TRUE,23715.8,TRUE
ACC10606,CUST10606,Union Bank of India,Savings,UBIN008982,2019-01-02,Active,FALSE,115080.65,TRUE
ACC10607,CUST10607,YES Bank,Savings,YESB002143,2018-07-25,Active,TRUE,159069.98,TRUE
ACC10608,CUST10608,ICICI Bank,Savings,ICIC006971,2019-10-21,Active,FALSE,63812.08,TRUE
ACC10609,CUST10609,Union Bank of India,Savings,UBIN008145,2019-01-12,Active,FALSE,75397.12,TRUE
ACC10610,CUST10610,Bank of Baroda,Savings,BARB008296,2023-09-09,Active,TRUE,46141.85,TRUE
ACC10611,CUST10611,Kotak Mahindra Bank,Salary,KKBK003293,2017-03-15,Active,TRUE,265015.21,TRUE
ACC10612,CUST10612,HDFC Bank,Salary,HDFC001305,2022-01-31,Active,TRUE,103778.38,TRUE
ACC10613,CUST10613,YES Bank,Savings,YESB004485,2021-03-09,Active,FALSE,218912.41,TRUE
ACC10614,CUST10614,ICICI Bank,Current,ICIC006993,2017-07-03,Active,FALSE,69975.12,TRUE
ACC10615,CUST10615,ICICI Bank,Salary,ICIC008613,2020-09-21,Active,TRUE,54913.87,TRUE
ACC10616,CUST10616,Axis Bank,Salary,UTIB003717,2016-07-28,Active,TRUE,46283.02,FALSE
ACC10617,CUST10617,Canara Bank,Current,CNRB003395,2019-01-09,Active,FALSE,63016.78,TRUE
ACC10618,CUST10618,Axis Bank,Savings,UTIB001701,2020-10-22,Active,FALSE,26936.08,TRUE
ACC10619,CUST10619,Bank of Baroda,Savings,BARB001760,2022-04-10,Active,FALSE,114838.02,TRUE
ACC10620,CUST10620,Kotak Mahindra Bank,Salary,KKBK005314,2021-02-07,Active,TRUE,83544.74,TRUE
ACC10621,CUST10621,YES Bank,Salary,YESB002275,2017-10-27,Active,TRUE,83282.57,TRUE
ACC10622,CUST10622,IndusInd Bank,Current,INDB006653,2023-11-21,Active,FALSE,50253.19,TRUE
ACC10623,CUST10623,ICICI Bank,Savings,ICIC008207,2017-07-31,Active,FALSE,86108.11,TRUE
ACC10624,CUST10624,ICICI Bank,Savings,ICIC003578,2021-10-01,Active,TRUE,53411.08,TRUE
ACC10625,CUST10625,Union Bank of India,Current,UBIN002856,2022-07-28,Active,TRUE,55079.19,TRUE
ACC10626,CUST10626,State Bank of India,Savings,SBIN004992,2016-06-07,Active,FALSE,38333.82,TRUE
ACC10627,CUST10627,State Bank of India,Savings,SBIN003406,2016-11-12,Active,TRUE,222179.94,TRUE
ACC10628,CUST10628,YES Bank,Savings,YESB001305,2015-12-18,Active,FALSE,150107.41,TRUE
ACC10629,CUST10629,Axis Bank,Salary,UTIB007730,2016-08-07,Active,TRUE,71673.53,TRUE
ACC10630,CUST10630,Canara Bank,Savings,CNRB009369,2016-11-17,Active,FALSE,37706.8,TRUE
ACC10631,CUST10631,YES Bank,Savings,YESB002127,2019-03-30,Active,FALSE,19099.02,TRUE
ACC10632,CUST10632,IDFC FIRST Bank,Savings,IDFB007877,2021-10-16,Active,FALSE,27341.72,TRUE
ACC10633,CUST10633,State Bank of India,Salary,SBIN009706,2023-06-09,Active,TRUE,113355.02,TRUE
ACC10634,CUST10634,YES Bank,Savings,YESB009835,2023-09-09,Active,FALSE,26052.24,TRUE
ACC10635,CUST10635,State Bank of India,Current,SBIN009680,2017-07-28,Active,FALSE,72790.4,TRUE
ACC10636,CUST10636,IndusInd Bank,Current,INDB002600,2016-07-02,Active,FALSE,452930.51,TRUE
ACC10637,CUST10637,YES Bank,Current,YESB009908,2017-11-21,Active,FALSE,159677.58,TRUE
ACC10638,CUST10638,HDFC Bank,Savings,HDFC009515,2019-03-17,Active,FALSE,105035.85,TRUE
ACC10639,CUST10639,IndusInd Bank,Savings,INDB002746,2019-10-12,Active,FALSE,30013.87,TRUE
ACC10640,CUST10640,Punjab National Bank,Salary,PUNB006990,2018-02-02,Blocked,TRUE,78592.66,TRUE
ACC10641,CUST10641,IDFC FIRST Bank,Savings,IDFB008904,2019-02-25,Active,FALSE,38808.68,FALSE
ACC10642,CUST10642,YES Bank,Current,YESB006641,2023-04-02,Active,FALSE,133295.21,TRUE
ACC10643,CUST10643,Axis Bank,Savings,UTIB008317,2016-02-15,Active,FALSE,68017.18,TRUE
ACC10644,CUST10644,IDFC FIRST Bank,Savings,IDFB001852,2019-05-13,Inactive,TRUE,34601.78,TRUE
ACC10645,CUST10645,YES Bank,Savings,YESB008133,2015-09-20,Active,FALSE,60953.57,TRUE
ACC10646,CUST10646,Union Bank of India,Current,UBIN007296,2021-11-19,Active,FALSE,45017.96,FALSE
ACC10647,CUST10647,State Bank of India,Current,SBIN003871,2019-12-04,Active,FALSE,86121.77,FALSE
ACC10648,CUST10648,IDFC FIRST Bank,Savings,IDFB005685,2015-05-18,Active,FALSE,81217.63,TRUE
ACC10649,CUST10649,YES Bank,Savings,YESB003776,2019-01-13,Active,TRUE,74353.65,FALSE
ACC10650,CUST10650,Punjab National Bank,Current,PUNB006785,2019-07-19,Active,FALSE,77292.68,TRUE
ACC10651,CUST10651,HDFC Bank,Salary,HDFC002477,2018-03-11,Active,TRUE,51184.53,TRUE
ACC10652,CUST10652,IndusInd Bank,Savings,INDB005530,2021-10-19,Inactive,FALSE,56167.32,TRUE
ACC10653,CUST10653,State Bank of India,Savings,SBIN005277,2019-07-26,Active,TRUE,151856.24,TRUE
ACC10654,CUST10654,HDFC Bank,Savings,HDFC009409,2021-01-12,Active,TRUE,160109.79,FALSE
ACC10655,CUST10655,YES Bank,Savings,YESB008923,2023-06-30,Active,FALSE,130257.91,TRUE
ACC10656,CUST10656,State Bank of India,Savings,SBIN008896,2017-11-22,Active,FALSE,186256.7,TRUE
ACC10657,CUST10657,Axis Bank,Current,UTIB006172,2018-12-17,Active,TRUE,148148.33,TRUE
ACC10658,CUST10658,HDFC Bank,Savings,HDFC007536,2015-11-08,Active,FALSE,40508.68,TRUE
ACC10659,CUST10659,Axis Bank,Savings,UTIB005408,2023-05-15,Active,FALSE,171660.21,TRUE
ACC10660,CUST10660,Union Bank of India,Savings,UBIN004965,2017-04-26,Active,FALSE,230661.01,TRUE
ACC10661,CUST10661,HDFC Bank,Savings,HDFC002964,2022-07-31,Inactive,FALSE,65678.46,TRUE
ACC10662,CUST10662,IDFC FIRST Bank,Current,IDFB001692,2019-03-01,Active,TRUE,324596.69,TRUE
ACC10663,CUST10663,Kotak Mahindra Bank,Savings,KKBK009041,2023-07-28,Active,TRUE,58620.42,TRUE
ACC10664,CUST10664,State Bank of India,Current,SBIN009613,2020-05-13,Active,TRUE,74094.55,TRUE
ACC10665,CUST10665,ICICI Bank,Savings,ICIC008490,2022-10-31,Active,TRUE,38088.46,TRUE
ACC10666,CUST10666,Punjab National Bank,Savings,PUNB002650,2019-01-21,Active,TRUE,264119.27,TRUE
ACC10667,CUST10667,Bank of Baroda,Savings,BARB006621,2017-01-23,Active,FALSE,28724.27,TRUE
ACC10668,CUST10668,IndusInd Bank,Current,INDB006981,2018-02-19,Active,FALSE,68112.36,FALSE
ACC10669,CUST10669,Canara Bank,Savings,CNRB004744,2023-01-31,Active,FALSE,35328.31,TRUE
ACC10670,CUST10670,Punjab National Bank,Savings,PUNB004212,2023-12-21,Inactive,FALSE,32309.98,TRUE
ACC10671,CUST10671,ICICI Bank,Current,ICIC007906,2016-07-04,Blocked,FALSE,129776.05,TRUE
ACC10672,CUST10672,Union Bank of India,Current,UBIN006172,2018-05-13,Active,FALSE,38024.26,TRUE
ACC10673,CUST10673,ICICI Bank,Savings,ICIC001983,2017-11-07,Active,FALSE,91325.61,TRUE
ACC10674,CUST10674,IndusInd Bank,Salary,INDB006903,2021-04-02,Active,TRUE,55672.03,TRUE
ACC10675,CUST10675,HDFC Bank,Salary,HDFC006752,2017-03-25,Active,TRUE,66627.95,TRUE
ACC10676,CUST10676,Kotak Mahindra Bank,Savings,KKBK006818,2022-07-20,Active,FALSE,143604.64,TRUE
ACC10677,CUST10677,YES Bank,Current,YESB005694,2022-01-31,Inactive,FALSE,271408.61,FALSE
ACC10678,CUST10678,Punjab National Bank,Savings,PUNB007631,2015-11-21,Active,FALSE,19575.65,TRUE
ACC10679,CUST10679,Kotak Mahindra Bank,Salary,KKBK005382,2022-03-25,Active,TRUE,114632.4,TRUE
ACC10680,CUST10680,IndusInd Bank,Current,INDB009535,2019-08-23,Active,FALSE,122855.86,TRUE
ACC10681,CUST10681,Axis Bank,Savings,UTIB005122,2017-05-12,Active,FALSE,28962.97,TRUE
ACC10682,CUST10682,Bank of Baroda,Savings,BARB009985,2015-04-18,Active,FALSE,97848.87,FALSE
ACC10683,CUST10683,HDFC Bank,Salary,HDFC005300,2016-09-28,Active,TRUE,146008.36,TRUE
ACC10684,CUST10684,Axis Bank,Savings,UTIB005053,2019-12-21,Active,FALSE,19802.39,TRUE
ACC10685,CUST10685,State Bank of India,Savings,SBIN001575,2018-08-25,Active,TRUE,197559.97,FALSE
ACC10686,CUST10686,IDFC FIRST Bank,Savings,IDFB008288,2022-10-28,Active,TRUE,130309.48,TRUE
ACC10687,CUST10687,YES Bank,Salary,YESB008126,2022-03-05,Active,TRUE,43245.69,TRUE
ACC10688,CUST10688,IDFC FIRST Bank,Savings,IDFB004721,2019-12-15,Active,FALSE,34000.1,TRUE
ACC10689,CUST10689,State Bank of India,Salary,SBIN001001,2023-07-03,Active,TRUE,112734.75,TRUE
ACC10690,CUST10690,State Bank of India,Current,SBIN009059,2018-05-12,Active,TRUE,77334.52,TRUE
ACC10691,CUST10691,State Bank of India,Savings,SBIN009981,2017-02-11,Active,FALSE,91079.17,TRUE
ACC10692,CUST10692,ICICI Bank,Current,ICIC007385,2017-06-22,Active,FALSE,65221.06,TRUE
ACC10693,CUST10693,YES Bank,Savings,YESB005454,2022-04-10,Active,FALSE,70760.6,TRUE
ACC10694,CUST10694,HDFC Bank,Savings,HDFC003988,2018-04-01,Active,FALSE,75555.2,TRUE
ACC10695,CUST10695,Union Bank of India,Savings,UBIN009060,2018-08-06,Active,TRUE,162964.42,TRUE
ACC10696,CUST10696,HDFC Bank,Savings,HDFC005622,2016-05-27,Active,FALSE,124876.73,TRUE
ACC10697,CUST10697,Bank of Baroda,Savings,BARB004558,2019-09-18,Active,FALSE,92894.08,FALSE
ACC10698,CUST10698,Bank of Baroda,Savings,BARB001519,2015-11-25,Active,FALSE,85304.15,TRUE
ACC10699,CUST10699,Punjab National Bank,Salary,PUNB002169,2020-04-09,Active,TRUE,75989.68,TRUE
ACC10700,CUST10700,Punjab National Bank,Savings,PUNB001206,2023-08-13,Active,TRUE,196644.89,TRUE
ACC10701,CUST10701,State Bank of India,Current,SBIN004263,2023-03-31,Active,FALSE,60997.0,FALSE
ACC10702,CUST10702,Bank of Baroda,Savings,BARB007375,2018-08-16,Active,FALSE,252213.15,TRUE
ACC10703,CUST10703,HDFC Bank,Current,HDFC005150,2022-02-28,Active,FALSE,33427.4,TRUE
ACC10704,CUST10704,Canara Bank,Savings,CNRB004568,2017-08-24,Active,FALSE,56214.61,TRUE
ACC10705,CUST10705,Kotak Mahindra Bank,Current,KKBK002960,2023-11-07,Active,FALSE,102008.15,TRUE
ACC10706,CUST10706,Union Bank of India,Salary,UBIN008786,2016-09-26,Active,TRUE,47200.02,TRUE
ACC10707,CUST10707,HDFC Bank,Savings,HDFC006544,2015-09-02,Active,TRUE,109890.02,TRUE
ACC10708,CUST10708,Bank of Baroda,Savings,BARB004812,2021-04-06,Active,FALSE,348199.43,TRUE
ACC10709,CUST10709,Axis Bank,Current,UTIB001349,2019-01-07,Active,TRUE,27500.44,TRUE
ACC10710,CUST10710,IDFC FIRST Bank,Salary,IDFB005828,2022-10-26,Active,TRUE,31701.68,TRUE
ACC10711,CUST10711,IndusInd Bank,Savings,INDB008674,2021-09-18,Active,FALSE,37340.37,TRUE
ACC10712,CUST10712,ICICI Bank,Savings,ICIC008362,2017-12-14,Active,FALSE,34184.53,TRUE
ACC10713,CUST10713,IDFC FIRST Bank,Savings,IDFB007210,2015-03-18,Active,TRUE,215897.67,TRUE
ACC10714,CUST10714,HDFC Bank,Current,HDFC009830,2017-02-16,Active,TRUE,305575.15,TRUE
ACC10715,CUST10715,IndusInd Bank,Savings,INDB007714,2016-03-28,Active,FALSE,89112.7,TRUE
ACC10716,CUST10716,ICICI Bank,Savings,ICIC003926,2017-04-07,Active,TRUE,20291.65,TRUE
ACC10717,CUST10717,Punjab National Bank,Salary,PUNB009026,2021-12-30,Active,TRUE,76651.73,TRUE
ACC10718,CUST10718,YES Bank,Savings,YESB002161,2017-05-04,Active,FALSE,250343.81,TRUE
ACC10719,CUST10719,Canara Bank,Savings,CNRB001994,2021-04-04,Active,FALSE,135423.25,TRUE
ACC10720,CUST10720,Union Bank of India,Salary,UBIN001955,2017-12-24,Active,TRUE,137787.58,TRUE
ACC10721,CUST10721,HDFC Bank,Salary,HDFC004537,2016-02-02,Active,TRUE,83660.24,TRUE
ACC10722,CUST10722,Axis Bank,Savings,UTIB009621,2021-05-23,Active,TRUE,205004.07,TRUE
ACC10723,CUST10723,HDFC Bank,Current,HDFC006864,2022-11-17,Active,FALSE,103126.22,TRUE
ACC10724,CUST10724,ICICI Bank,Salary,ICIC007579,2018-10-14,Active,TRUE,64271.41,TRUE
ACC10725,CUST10725,IndusInd Bank,Salary,INDB006163,2018-08-22,Active,TRUE,54253.2,TRUE
ACC10726,CUST10726,Union Bank of India,Salary,UBIN006299,2017-09-12,Active,TRUE,91565.01,TRUE
ACC10727,CUST10727,Union Bank of India,Savings,UBIN005162,2020-01-28,Active,FALSE,73037.08,TRUE
ACC10728,CUST10728,Kotak Mahindra Bank,Salary,KKBK001267,2016-07-07,Blocked,TRUE,51268.68,TRUE
ACC10729,CUST10729,Axis Bank,Savings,UTIB004519,2015-03-30,Active,FALSE,162697.13,TRUE
ACC10730,CUST10730,IDFC FIRST Bank,Savings,IDFB003534,2015-06-04,Active,FALSE,24386.05,TRUE
ACC10731,CUST10731,YES Bank,Savings,YESB005093,2017-11-15,Active,FALSE,23169.76,TRUE
ACC10732,CUST10732,Axis Bank,Savings,UTIB002264,2023-11-22,Active,FALSE,50287.08,TRUE
ACC10733,CUST10733,Union Bank of India,Salary,UBIN002562,2022-03-15,Active,TRUE,137203.35,TRUE
ACC10734,CUST10734,HDFC Bank,Savings,HDFC001916,2018-11-26,Active,TRUE,222821.55,TRUE
ACC10735,CUST10735,Axis Bank,Current,UTIB001187,2015-08-10,Active,TRUE,121666.51,TRUE
ACC10736,CUST10736,IDFC FIRST Bank,Savings,IDFB004617,2015-07-26,Active,FALSE,182292.09,TRUE
ACC10737,CUST10737,YES Bank,Savings,YESB009269,2017-06-28,Active,FALSE,91676.3,TRUE
ACC10738,CUST10738,Bank of Baroda,Salary,BARB001807,2019-06-24,Active,TRUE,100030.69,TRUE
ACC10739,CUST10739,Union Bank of India,Savings,UBIN003136,2020-05-23,Active,FALSE,53973.51,TRUE
ACC10740,CUST10740,Axis Bank,Savings,UTIB009589,2017-09-19,Active,FALSE,73820.26,TRUE
ACC10741,CUST10741,YES Bank,Savings,YESB002467,2022-07-14,Active,FALSE,55082.12,TRUE
ACC10742,CUST10742,IndusInd Bank,Savings,INDB001396,2016-11-24,Blocked,FALSE,63613.4,FALSE
ACC10743,CUST10743,Bank of Baroda,Current,BARB003389,2015-07-03,Active,FALSE,47122.5,TRUE
ACC10744,CUST10744,ICICI Bank,Savings,ICIC002405,2023-04-18,Active,FALSE,217158.08,TRUE
ACC10745,CUST10745,Kotak Mahindra Bank,Savings,KKBK001225,2022-10-12,Active,FALSE,44035.03,TRUE
ACC10746,CUST10746,IndusInd Bank,Salary,INDB004424,2017-05-17,Active,TRUE,118467.05,TRUE
ACC10747,CUST10747,Bank of Baroda,Savings,BARB003315,2019-03-23,Active,FALSE,46768.67,TRUE
ACC10748,CUST10748,Kotak Mahindra Bank,Salary,KKBK004288,2018-01-16,Active,TRUE,148503.96,TRUE
ACC10749,CUST10749,Punjab National Bank,Savings,PUNB005445,2016-03-17,Active,FALSE,152247.81,TRUE
ACC10750,CUST10750,Axis Bank,Salary,UTIB007237,2022-12-16,Active,TRUE,19641.89,TRUE
ACC10751,CUST10751,IDFC FIRST Bank,Savings,IDFB002442,2017-03-25,Active,TRUE,226870.23,TRUE
ACC10752,CUST10752,Axis Bank,Savings,UTIB009673,2018-09-28,Active,FALSE,103258.94,TRUE
ACC10753,CUST10753,Canara Bank,Savings,CNRB006765,2022-01-04,Active,FALSE,214467.56,TRUE
ACC10754,CUST10754,State Bank of India,Current,SBIN005221,2015-05-01,Inactive,FALSE,141829.83,TRUE
ACC10755,CUST10755,IndusInd Bank,Savings,INDB007436,2015-12-26,Active,FALSE,55056.32,TRUE
ACC10756,CUST10756,Canara Bank,Current,CNRB004726,2017-09-11,Active,FALSE,50772.98,TRUE
ACC10757,CUST10757,YES Bank,Current,YESB006395,2021-01-29,Active,FALSE,88352.76,TRUE
ACC10758,CUST10758,Canara Bank,Savings,CNRB004314,2018-06-19,Active,FALSE,50810.53,TRUE
ACC10759,CUST10759,Punjab National Bank,Salary,PUNB003378,2016-10-09,Active,TRUE,80214.32,FALSE
ACC10760,CUST10760,HDFC Bank,Savings,HDFC004016,2016-08-19,Active,FALSE,133345.51,TRUE
ACC10761,CUST10761,Punjab National Bank,Savings,PUNB007737,2019-12-20,Active,FALSE,130923.05,TRUE
ACC10762,CUST10762,ICICI Bank,Savings,ICIC004079,2016-06-22,Active,FALSE,69865.71,TRUE
ACC10763,CUST10763,Kotak Mahindra Bank,Salary,KKBK004783,2017-08-09,Active,TRUE,37580.1,TRUE
ACC10764,CUST10764,Bank of Baroda,Salary,BARB003196,2021-10-12,Active,TRUE,309220.52,TRUE
ACC10765,CUST10765,Punjab National Bank,Current,PUNB009051,2016-07-17,Active,FALSE,42499.06,TRUE
ACC10766,CUST10766,State Bank of India,Current,SBIN005421,2017-06-30,Active,FALSE,51935.68,TRUE
ACC10767,CUST10767,HDFC Bank,Current,HDFC003901,2021-12-02,Active,FALSE,30142.49,TRUE
ACC10768,CUST10768,Axis Bank,Current,UTIB008005,2023-09-15,Active,FALSE,131326.55,TRUE
ACC10769,CUST10769,IndusInd Bank,Salary,INDB007457,2023-04-30,Active,TRUE,82644.11,TRUE
ACC10770,CUST10770,Union Bank of India,Salary,UBIN001630,2016-03-23,Active,TRUE,156160.91,TRUE
ACC10771,CUST10771,Axis Bank,Salary,UTIB009498,2019-06-09,Blocked,TRUE,33410.01,TRUE
ACC10772,CUST10772,Canara Bank,Savings,CNRB001807,2018-04-07,Active,FALSE,84511.95,TRUE
ACC10773,CUST10773,Kotak Mahindra Bank,Savings,KKBK008558,2019-09-27,Active,FALSE,153942.99,TRUE
ACC10774,CUST10774,ICICI Bank,Current,ICIC008595,2016-01-06,Active,TRUE,216375.32,FALSE
ACC10775,CUST10775,Union Bank of India,Savings,UBIN009952,2019-05-30,Active,TRUE,82442.88,TRUE
ACC10776,CUST10776,Union Bank of India,Current,UBIN004308,2016-01-05,Active,FALSE,57810.4,TRUE
ACC10777,CUST10777,ICICI Bank,Savings,ICIC003024,2016-04-12,Active,FALSE,30081.5,TRUE
ACC10778,CUST10778,Union Bank of India,Salary,UBIN009383,2016-10-16,Active,TRUE,153312.19,TRUE
ACC10779,CUST10779,IndusInd Bank,Savings,INDB003459,2016-08-15,Active,FALSE,108415.65,TRUE
ACC10780,CUST10780,Bank of Baroda,Savings,BARB005731,2016-04-26,Active,FALSE,15565.26,TRUE
ACC10781,CUST10781,State Bank of India,Current,SBIN008514,2020-08-04,Active,FALSE,8278.45,TRUE
ACC10782,CUST10782,Axis Bank,Salary,UTIB004553,2022-05-25,Active,TRUE,91105.37,TRUE
ACC10783,CUST10783,YES Bank,Savings,YESB001107,2021-02-19,Active,FALSE,179849.89,TRUE
ACC10784,CUST10784,ICICI Bank,Savings,ICIC003429,2022-04-29,Active,FALSE,17216.96,TRUE
ACC10785,CUST10785,YES Bank,Savings,YESB005889,2015-12-26,Active,FALSE,80895.98,TRUE
ACC10786,CUST10786,Canara Bank,Salary,CNRB005659,2022-05-31,Active,TRUE,131132.09,TRUE
ACC10787,CUST10787,ICICI Bank,Salary,ICIC008460,2019-01-15,Active,TRUE,58305.4,TRUE
ACC10788,CUST10788,IndusInd Bank,Savings,INDB007208,2023-07-04,Active,FALSE,59783.72,TRUE
ACC10789,CUST10789,ICICI Bank,Savings,ICIC002999,2018-09-10,Active,FALSE,84101.88,TRUE
ACC10790,CUST10790,YES Bank,Savings,YESB001953,2021-05-29,Active,FALSE,408162.67,TRUE
ACC10791,CUST10791,Union Bank of India,Current,UBIN005705,2021-10-29,Active,TRUE,139129.68,TRUE
ACC10792,CUST10792,ICICI Bank,Salary,ICIC009132,2023-03-06,Active,TRUE,154771.18,TRUE
ACC10793,CUST10793,YES Bank,Savings,YESB004812,2017-03-03,Active,FALSE,15823.83,TRUE
ACC10794,CUST10794,HDFC Bank,Salary,HDFC004396,2019-08-26,Active,TRUE,64986.42,TRUE
ACC10795,CUST10795,Canara Bank,Savings,CNRB004478,2022-03-08,Active,TRUE,240433.18,TRUE
ACC10796,CUST10796,IDFC FIRST Bank,Savings,IDFB006307,2016-04-11,Active,TRUE,149229.95,TRUE
ACC10797,CUST10797,State Bank of India,Savings,SBIN003877,2018-09-15,Active,FALSE,146308.29,TRUE
ACC10798,CUST10798,Bank of Baroda,Savings,BARB001582,2020-05-26,Active,FALSE,41688.47,TRUE
ACC10799,CUST10799,IndusInd Bank,Current,INDB008577,2023-04-30,Active,TRUE,141223.7,TRUE
ACC10800,CUST10800,IDFC FIRST Bank,Savings,IDFB009779,2017-05-03,Active,FALSE,29953.04,TRUE
ACC10801,CUST10801,IndusInd Bank,Savings,INDB002084,2018-02-22,Active,TRUE,135819.73,TRUE
ACC10802,CUST10802,ICICI Bank,Savings,ICIC007382,2021-09-03,Active,FALSE,131866.31,TRUE
ACC10803,CUST10803,Union Bank of India,Savings,UBIN001518,2019-08-23,Active,FALSE,106468.32,TRUE
ACC10804,CUST10804,Kotak Mahindra Bank,Salary,KKBK004541,2018-05-23,Active,TRUE,208899.88,TRUE
ACC10805,CUST10805,Axis Bank,Current,UTIB002517,2020-09-03,Active,FALSE,46113.06,TRUE
ACC10806,CUST10806,Axis Bank,Current,UTIB006572,2023-03-20,Active,FALSE,61424.52,TRUE
ACC10807,CUST10807,HDFC Bank,Savings,HDFC009456,2017-04-20,Active,TRUE,276463.14,TRUE
ACC10808,CUST10808,State Bank of India,Savings,SBIN006095,2022-09-15,Active,FALSE,123600.01,TRUE
ACC10809,CUST10809,State Bank of India,Salary,SBIN002689,2023-08-05,Active,TRUE,241138.6,TRUE
ACC10810,CUST10810,Kotak Mahindra Bank,Savings,KKBK004438,2017-04-01,Active,FALSE,22520.29,TRUE
ACC10811,CUST10811,Bank of Baroda,Savings,BARB002927,2016-09-03,Active,FALSE,19655.06,FALSE
ACC10812,CUST10812,IDFC FIRST Bank,Savings,IDFB009422,2017-04-26,Active,TRUE,77046.2,FALSE
ACC10813,CUST10813,Kotak Mahindra Bank,Savings,KKBK005011,2015-10-19,Active,FALSE,135999.73,TRUE
ACC10814,CUST10814,State Bank of India,Savings,SBIN008712,2016-03-09,Active,FALSE,14389.57,TRUE
ACC10815,CUST10815,Union Bank of India,Salary,UBIN008304,2018-12-27,Active,TRUE,294497.25,TRUE
ACC10816,CUST10816,Canara Bank,Savings,CNRB009740,2023-06-23,Active,TRUE,66602.49,TRUE
ACC10817,CUST10817,Union Bank of India,Savings,UBIN008672,2020-02-10,Active,FALSE,88580.23,TRUE
ACC10818,CUST10818,Bank of Baroda,Savings,BARB004796,2016-08-11,Active,FALSE,84145.94,TRUE
ACC10819,CUST10819,Punjab National Bank,Savings,PUNB004004,2023-11-05,Active,TRUE,179492.08,TRUE
ACC10820,CUST10820,HDFC Bank,Current,HDFC006758,2020-03-04,Active,FALSE,43316.05,TRUE
ACC10821,CUST10821,YES Bank,Salary,YESB003087,2016-02-26,Active,TRUE,205561.07,TRUE
ACC10822,CUST10822,IDFC FIRST Bank,Savings,IDFB002162,2020-12-22,Active,TRUE,114851.62,TRUE
ACC10823,CUST10823,ICICI Bank,Current,ICIC008903,2015-09-28,Active,FALSE,95849.5,TRUE
ACC10824,CUST10824,Punjab National Bank,Salary,PUNB006606,2022-10-14,Active,TRUE,281971.85,TRUE
ACC10825,CUST10825,Union Bank of India,Savings,UBIN008972,2021-08-22,Active,FALSE,52977.79,TRUE
ACC10826,CUST10826,Bank of Baroda,Savings,BARB003886,2019-07-21,Active,TRUE,217876.01,TRUE
ACC10827,CUST10827,Punjab National Bank,Current,PUNB006364,2022-03-26,Active,FALSE,8845.58,TRUE
ACC10828,CUST10828,YES Bank,Savings,YESB001003,2022-05-30,Active,TRUE,128479.39,TRUE
ACC10829,CUST10829,Axis Bank,Savings,UTIB004369,2018-05-12,Active,FALSE,107945.5,TRUE
ACC10830,CUST10830,Punjab National Bank,Savings,PUNB006640,2021-07-14,Active,FALSE,94012.47,TRUE
ACC10831,CUST10831,Kotak Mahindra Bank,Savings,KKBK002022,2021-02-26,Inactive,FALSE,10897.15,TRUE
ACC10832,CUST10832,IndusInd Bank,Savings,INDB002797,2015-05-08,Active,FALSE,89014.54,TRUE
ACC10833,CUST10833,Punjab National Bank,Current,PUNB007652,2019-11-18,Active,FALSE,52029.14,TRUE
ACC10834,CUST10834,Axis Bank,Savings,UTIB007301,2019-09-05,Active,FALSE,146658.09,TRUE
ACC10835,CUST10835,ICICI Bank,Savings,ICIC001190,2022-04-09,Active,FALSE,204318.87,TRUE
ACC10836,CUST10836,ICICI Bank,Savings,ICIC002387,2022-03-15,Active,FALSE,50366.07,TRUE
ACC10837,CUST10837,Union Bank of India,Salary,UBIN007974,2017-01-06,Active,TRUE,131747.32,TRUE
ACC10838,CUST10838,Punjab National Bank,Savings,PUNB006821,2017-01-31,Active,TRUE,181833.82,TRUE
ACC10839,CUST10839,Union Bank of India,Savings,UBIN009220,2019-08-10,Active,FALSE,43958.71,TRUE
ACC10840,CUST10840,State Bank of India,Savings,SBIN008917,2016-04-08,Active,FALSE,124969.75,TRUE
ACC10841,CUST10841,Union Bank of India,Savings,UBIN009624,2020-03-19,Active,FALSE,81951.78,TRUE
ACC10842,CUST10842,Axis Bank,Savings,UTIB008740,2022-09-02,Active,FALSE,70849.95,TRUE
ACC10843,CUST10843,IndusInd Bank,Savings,INDB009765,2020-04-04,Active,FALSE,137573.18,TRUE
ACC10844,CUST10844,IndusInd Bank,Savings,INDB007897,2023-12-14,Active,TRUE,209505.59,TRUE
ACC10845,CUST10845,Kotak Mahindra Bank,Savings,KKBK005267,2022-01-21,Active,FALSE,22287.92,TRUE
ACC10846,CUST10846,Kotak Mahindra Bank,Savings,KKBK001447,2020-06-08,Active,TRUE,192063.68,TRUE
ACC10847,CUST10847,ICICI Bank,Savings,ICIC005603,2017-11-18,Active,TRUE,74283.11,TRUE
ACC10848,CUST10848,ICICI Bank,Savings,ICIC008317,2016-12-19,Active,FALSE,99068.05,TRUE
ACC10849,CUST10849,State Bank of India,Savings,SBIN006617,2016-08-17,Active,FALSE,109856.85,TRUE
ACC10850,CUST10850,Punjab National Bank,Savings,PUNB007277,2022-05-30,Active,FALSE,106480.87,TRUE
ACC10851,CUST10851,Union Bank of India,Savings,UBIN006653,2022-03-15,Active,FALSE,26914.27,TRUE
ACC10852,CUST10852,Bank of Baroda,Current,BARB005937,2023-05-15,Inactive,FALSE,52385.81,TRUE
ACC10853,CUST10853,Punjab National Bank,Savings,PUNB008775,2016-08-17,Active,FALSE,25367.25,TRUE
ACC10854,CUST10854,Bank of Baroda,Savings,BARB007258,2020-12-11,Active,TRUE,247605.93,TRUE
ACC10855,CUST10855,Punjab National Bank,Savings,PUNB005466,2018-01-12,Active,FALSE,27037.37,TRUE
ACC10856,CUST10856,Punjab National Bank,Savings,PUNB008554,2023-03-27,Active,FALSE,41483.87,TRUE
ACC10857,CUST10857,Canara Bank,Savings,CNRB003947,2021-02-21,Active,FALSE,4906.86,TRUE
ACC10858,CUST10858,Punjab National Bank,Salary,PUNB002600,2016-03-01,Active,TRUE,54144.4,TRUE
ACC10859,CUST10859,Kotak Mahindra Bank,Savings,KKBK004163,2015-04-08,Active,TRUE,151885.8,TRUE
ACC10860,CUST10860,Axis Bank,Savings,UTIB002995,2015-12-20,Active,FALSE,34353.75,TRUE
ACC10861,CUST10861,Canara Bank,Savings,CNRB004027,2022-10-20,Active,FALSE,36035.97,TRUE
ACC10862,CUST10862,HDFC Bank,Savings,HDFC008429,2023-08-18,Active,FALSE,92534.73,TRUE
ACC10863,CUST10863,IndusInd Bank,Savings,INDB005216,2023-10-03,Active,FALSE,83602.17,TRUE
ACC10864,CUST10864,IndusInd Bank,Savings,INDB001984,2017-12-20,Active,TRUE,219785.62,TRUE
ACC10865,CUST10865,Punjab National Bank,Current,PUNB003923,2016-03-20,Active,FALSE,41397.95,TRUE
ACC10866,CUST10866,Canara Bank,Current,CNRB002740,2023-01-09,Active,FALSE,18108.41,TRUE
ACC10867,CUST10867,Union Bank of India,Current,UBIN005105,2015-03-18,Active,TRUE,264270.7,FALSE
ACC10868,CUST10868,Canara Bank,Savings,CNRB007397,2016-09-12,Active,FALSE,127791.05,TRUE
ACC10869,CUST10869,IDFC FIRST Bank,Current,IDFB009039,2019-11-22,Active,FALSE,67035.82,TRUE
ACC10870,CUST10870,HDFC Bank,Savings,HDFC009849,2015-01-14,Active,FALSE,93961.36,TRUE
ACC10871,CUST10871,HDFC Bank,Savings,HDFC009770,2018-09-27,Active,FALSE,35594.27,TRUE
ACC10872,CUST10872,Canara Bank,Savings,CNRB002485,2020-12-29,Active,FALSE,67327.75,TRUE
ACC10873,CUST10873,Kotak Mahindra Bank,Savings,KKBK004327,2021-03-21,Active,TRUE,93399.04,TRUE
ACC10874,CUST10874,HDFC Bank,Current,HDFC006886,2015-12-14,Active,FALSE,50195.67,TRUE
ACC10875,CUST10875,State Bank of India,Savings,SBIN004163,2023-01-27,Blocked,TRUE,112716.1,TRUE
ACC10876,CUST10876,Canara Bank,Current,CNRB006041,2020-12-27,Inactive,FALSE,186617.05,TRUE
ACC10877,CUST10877,IndusInd Bank,Savings,INDB001918,2023-11-01,Active,FALSE,55118.07,TRUE
ACC10878,CUST10878,Canara Bank,Current,CNRB009570,2022-08-09,Active,TRUE,138910.97,TRUE
ACC10879,CUST10879,HDFC Bank,Savings,HDFC001604,2020-06-25,Active,TRUE,378806.34,TRUE
ACC10880,CUST10880,Union Bank of India,Savings,UBIN003138,2016-12-06,Active,FALSE,83067.91,TRUE
ACC10881,CUST10881,HDFC Bank,Salary,HDFC008474,2016-11-30,Active,TRUE,18420.25,TRUE
ACC10882,CUST10882,HDFC Bank,Salary,HDFC009145,2023-12-18,Active,TRUE,20831.02,TRUE
ACC10883,CUST10883,IndusInd Bank,Savings,INDB007586,2016-05-09,Inactive,FALSE,67507.47,TRUE
ACC10884,CUST10884,Axis Bank,Salary,UTIB001746,2016-12-11,Active,TRUE,21964.34,TRUE
ACC10885,CUST10885,Punjab National Bank,Savings,PUNB003753,2021-03-16,Active,TRUE,270294.32,TRUE
ACC10886,CUST10886,Canara Bank,Savings,CNRB007162,2015-03-06,Active,FALSE,8374.69,TRUE
ACC10887,CUST10887,HDFC Bank,Current,HDFC005648,2022-10-11,Active,FALSE,133323.97,TRUE
ACC10888,CUST10888,Canara Bank,Salary,CNRB005439,2020-01-19,Active,TRUE,234433.96,TRUE
ACC10889,CUST10889,State Bank of India,Current,SBIN003949,2021-11-11,Inactive,FALSE,211722.06,TRUE
ACC10890,CUST10890,State Bank of India,Savings,SBIN004860,2016-04-26,Blocked,FALSE,156217.47,TRUE
ACC10891,CUST10891,IDFC FIRST Bank,Savings,IDFB009315,2020-03-16,Active,FALSE,101213.57,TRUE
ACC10892,CUST10892,Axis Bank,Savings,UTIB002846,2022-09-07,Active,FALSE,128670.0,TRUE
ACC10893,CUST10893,ICICI Bank,Savings,ICIC001706,2022-03-26,Active,FALSE,39798.18,TRUE
ACC10894,CUST10894,YES Bank,Savings,YESB008424,2016-03-03,Active,FALSE,92897.35,TRUE
ACC10895,CUST10895,State Bank of India,Salary,SBIN008947,2016-04-20,Active,TRUE,50015.57,TRUE
ACC10896,CUST10896,YES Bank,Current,YESB006340,2017-03-25,Active,FALSE,78233.28,TRUE
ACC10897,CUST10897,Axis Bank,Savings,UTIB002606,2023-04-10,Active,TRUE,215937.24,TRUE
ACC10898,CUST10898,YES Bank,Savings,YESB008936,2019-11-21,Active,FALSE,176475.06,TRUE
ACC10899,CUST10899,ICICI Bank,Savings,ICIC008499,2022-02-01,Active,TRUE,263971.64,TRUE
ACC10900,CUST10900,YES Bank,Savings,YESB001977,2016-07-13,Active,FALSE,78747.23,TRUE
ACC10901,CUST10901,IndusInd Bank,Savings,INDB004602,2021-10-08,Active,FALSE,254511.27,TRUE
ACC10902,CUST10902,YES Bank,Savings,YESB004763,2019-08-14,Active,TRUE,341640.34,TRUE
ACC10903,CUST10903,Bank of Baroda,Savings,BARB005573,2023-03-10,Active,FALSE,111323.34,TRUE
ACC10904,CUST10904,Punjab National Bank,Salary,PUNB004643,2016-09-02,Active,TRUE,195225.95,TRUE
ACC10905,CUST10905,State Bank of India,Current,SBIN001656,2023-03-24,Active,TRUE,99979.48,TRUE
ACC10906,CUST10906,Union Bank of India,Current,UBIN002605,2020-07-21,Active,TRUE,23103.24,TRUE
ACC10907,CUST10907,Axis Bank,Savings,UTIB003174,2018-04-26,Active,FALSE,96157.75,TRUE
ACC10908,CUST10908,Canara Bank,Savings,CNRB005994,2022-11-20,Active,TRUE,128978.89,FALSE
ACC10909,CUST10909,Bank of Baroda,Current,BARB003271,2017-01-27,Active,TRUE,91965.95,TRUE
ACC10910,CUST10910,Canara Bank,Current,CNRB002158,2022-09-30,Active,FALSE,7891.36,TRUE
ACC10911,CUST10911,Kotak Mahindra Bank,Salary,KKBK009887,2023-11-29,Active,TRUE,90918.89,TRUE
ACC10912,CUST10912,IndusInd Bank,Salary,INDB001898,2022-07-26,Active,TRUE,31155.02,TRUE
ACC10913,CUST10913,Bank of Baroda,Savings,BARB001669,2019-02-09,Active,FALSE,54291.37,TRUE
ACC10914,CUST10914,Union Bank of India,Savings,UBIN004354,2018-10-03,Active,FALSE,12604.31,TRUE
ACC10915,CUST10915,YES Bank,Savings,YESB004437,2018-08-05,Active,FALSE,47377.35,TRUE
ACC10916,CUST10916,Kotak Mahindra Bank,Savings,KKBK001892,2019-03-08,Active,FALSE,89084.45,TRUE
ACC10917,CUST10917,HDFC Bank,Salary,HDFC008703,2022-08-10,Active,TRUE,162090.44,TRUE
ACC10918,CUST10918,IndusInd Bank,Savings,INDB002075,2020-02-19,Active,FALSE,30228.59,TRUE
ACC10919,CUST10919,HDFC Bank,Savings,HDFC002791,2018-02-04,Active,FALSE,14695.61,TRUE
ACC10920,CUST10920,Axis Bank,Savings,UTIB009530,2018-04-15,Active,FALSE,37255.36,FALSE
ACC10921,CUST10921,Bank of Baroda,Current,BARB006680,2019-12-24,Active,FALSE,17884.05,TRUE
ACC10922,CUST10922,State Bank of India,Salary,SBIN004806,2022-03-25,Active,TRUE,120503.87,TRUE
ACC10923,CUST10923,IndusInd Bank,Salary,INDB008965,2022-06-20,Active,TRUE,155693.47,TRUE
ACC10924,CUST10924,Kotak Mahindra Bank,Savings,KKBK003161,2016-12-04,Active,FALSE,26668.26,TRUE
ACC10925,CUST10925,Kotak Mahindra Bank,Savings,KKBK001775,2018-12-17,Active,FALSE,141115.14,TRUE
ACC10926,CUST10926,ICICI Bank,Savings,ICIC009770,2017-01-16,Inactive,FALSE,131377.9,TRUE
ACC10927,CUST10927,Canara Bank,Savings,CNRB003514,2017-09-01,Active,FALSE,140942.99,TRUE
ACC10928,CUST10928,Bank of Baroda,Savings,BARB005266,2017-01-25,Active,FALSE,210175.15,FALSE
ACC10929,CUST10929,ICICI Bank,Current,ICIC007109,2021-01-20,Inactive,TRUE,37537.86,TRUE
ACC10930,CUST10930,Bank of Baroda,Current,BARB003381,2018-08-04,Active,FALSE,153201.62,TRUE
ACC10931,CUST10931,IDFC FIRST Bank,Savings,IDFB006427,2020-04-25,Active,FALSE,127602.67,TRUE
ACC10932,CUST10932,YES Bank,Salary,YESB003409,2023-03-04,Active,TRUE,31722.65,TRUE
ACC10933,CUST10933,Union Bank of India,Savings,UBIN008847,2016-07-25,Active,TRUE,23709.12,TRUE
ACC10934,CUST10934,Axis Bank,Savings,UTIB008306,2016-01-14,Active,FALSE,48072.92,TRUE
ACC10935,CUST10935,Kotak Mahindra Bank,Savings,KKBK004206,2015-12-09,Active,TRUE,173877.93,TRUE
ACC10936,CUST10936,IDFC FIRST Bank,Savings,IDFB007462,2020-07-01,Active,FALSE,65969.35,FALSE
ACC10937,CUST10937,Canara Bank,Current,CNRB006915,2016-08-28,Active,TRUE,122844.83,TRUE
ACC10938,CUST10938,IndusInd Bank,Savings,INDB006756,2019-12-31,Active,TRUE,205072.2,TRUE
ACC10939,CUST10939,Punjab National Bank,Savings,PUNB008249,2016-11-01,Active,FALSE,93641.74,TRUE
ACC10940,CUST10940,Punjab National Bank,Salary,PUNB003286,2021-09-15,Active,TRUE,140394.13,TRUE
ACC10941,CUST10941,IDFC FIRST Bank,Savings,IDFB006495,2021-08-16,Active,FALSE,26528.07,TRUE
ACC10942,CUST10942,Kotak Mahindra Bank,Savings,KKBK007791,2021-03-26,Active,FALSE,58226.64,TRUE
ACC10943,CUST10943,Axis Bank,Current,UTIB004047,2018-03-31,Active,FALSE,16970.67,TRUE
ACC10944,CUST10944,YES Bank,Current,YESB005979,2021-04-09,Active,FALSE,22915.46,TRUE
ACC10945,CUST10945,ICICI Bank,Savings,ICIC005303,2022-03-08,Active,FALSE,73391.34,TRUE
ACC10946,CUST10946,Kotak Mahindra Bank,Savings,KKBK007834,2020-07-07,Active,FALSE,25025.04,TRUE
ACC10947,CUST10947,Bank of Baroda,Salary,BARB002093,2023-05-12,Active,TRUE,116684.74,TRUE
ACC10948,CUST10948,Kotak Mahindra Bank,Savings,KKBK008799,2019-03-09,Active,TRUE,172781.53,TRUE
ACC10949,CUST10949,State Bank of India,Savings,SBIN003394,2020-03-03,Active,TRUE,64984.48,TRUE
ACC10950,CUST10950,Punjab National Bank,Savings,PUNB006832,2018-04-02,Active,FALSE,111369.87,TRUE
ACC10951,CUST10951,Axis Bank,Savings,UTIB004002,2021-09-18,Active,FALSE,97914.21,TRUE
ACC10952,CUST10952,Canara Bank,Savings,CNRB005932,2022-09-08,Active,TRUE,125634.06,TRUE
ACC10953,CUST10953,ICICI Bank,Savings,ICIC001211,2020-10-23,Active,FALSE,86557.74,TRUE
ACC10954,CUST10954,ICICI Bank,Savings,ICIC002678,2016-09-25,Active,FALSE,130285.56,TRUE
ACC10955,CUST10955,IDFC FIRST Bank,Salary,IDFB009612,2022-12-28,Active,TRUE,170011.35,TRUE
ACC10956,CUST10956,Bank of Baroda,Savings,BARB002251,2016-06-21,Active,TRUE,66148.79,TRUE
ACC10957,CUST10957,Bank of Baroda,Savings,BARB009570,2016-12-06,Active,FALSE,7252.56,TRUE
ACC10958,CUST10958,Axis Bank,Savings,UTIB003108,2022-09-19,Active,FALSE,27693.5,TRUE
ACC10959,CUST10959,HDFC Bank,Savings,HDFC007960,2015-11-15,Active,FALSE,30518.66,TRUE
ACC10960,CUST10960,Axis Bank,Savings,UTIB002766,2023-11-23,Active,FALSE,41765.11,TRUE
ACC10961,CUST10961,Kotak Mahindra Bank,Savings,KKBK001709,2018-05-20,Active,FALSE,128941.64,TRUE
ACC10962,CUST10962,YES Bank,Salary,YESB004365,2017-03-30,Active,TRUE,40609.87,TRUE
ACC10963,CUST10963,Union Bank of India,Salary,UBIN005544,2018-11-25,Active,TRUE,147267.43,TRUE
ACC10964,CUST10964,YES Bank,Salary,YESB004962,2021-05-24,Active,TRUE,182667.3,TRUE
ACC10965,CUST10965,IDFC FIRST Bank,Savings,IDFB004555,2018-02-28,Active,FALSE,62395.72,TRUE
ACC10966,CUST10966,Union Bank of India,Savings,UBIN002616,2020-08-27,Active,FALSE,83678.12,TRUE
ACC10967,CUST10967,ICICI Bank,Savings,ICIC008203,2017-01-10,Active,FALSE,120405.73,TRUE
ACC10968,CUST10968,IDFC FIRST Bank,Current,IDFB004728,2016-04-07,Active,FALSE,40476.6,TRUE
ACC10969,CUST10969,IDFC FIRST Bank,Current,IDFB003226,2023-07-20,Active,TRUE,140985.2,TRUE
ACC10970,CUST10970,Bank of Baroda,Current,BARB002895,2018-03-07,Active,FALSE,79672.74,TRUE
ACC10971,CUST10971,Bank of Baroda,Salary,BARB004700,2019-07-27,Active,TRUE,176155.87,TRUE
ACC10972,CUST10972,HDFC Bank,Savings,HDFC008793,2017-01-04,Active,FALSE,160521.21,TRUE
ACC10973,CUST10973,IDFC FIRST Bank,Savings,IDFB002392,2016-08-10,Active,FALSE,88344.16,FALSE
ACC10974,CUST10974,Union Bank of India,Savings,UBIN003764,2019-01-29,Inactive,TRUE,113499.54,FALSE
ACC10975,CUST10975,HDFC Bank,Current,HDFC004815,2023-02-18,Active,FALSE,191202.21,TRUE
ACC10976,CUST10976,Canara Bank,Savings,CNRB007557,2020-05-02,Active,FALSE,188574.05,TRUE
ACC10977,CUST10977,ICICI Bank,Savings,ICIC008448,2016-05-15,Active,FALSE,31206.06,TRUE
ACC10978,CUST10978,ICICI Bank,Savings,ICIC001486,2023-04-11,Active,TRUE,171661.09,FALSE
ACC10979,CUST10979,Punjab National Bank,Savings,PUNB006356,2018-05-25,Active,FALSE,29805.11,TRUE
ACC10980,CUST10980,IDFC FIRST Bank,Current,IDFB009064,2017-04-07,Active,FALSE,89930.65,TRUE
ACC10981,CUST10981,IDFC FIRST Bank,Salary,IDFB006629,2021-02-16,Active,TRUE,78223.6,FALSE
ACC10982,CUST10982,HDFC Bank,Current,HDFC007285,2018-07-12,Active,TRUE,34041.45,TRUE
ACC10983,CUST10983,Canara Bank,Savings,CNRB005965,2020-07-06,Active,FALSE,44195.61,TRUE
ACC10984,CUST10984,HDFC Bank,Salary,HDFC009037,2022-09-08,Active,TRUE,148782.05,TRUE
ACC10985,CUST10985,ICICI Bank,Savings,ICIC009301,2019-05-23,Active,TRUE,110153.54,TRUE
ACC10986,CUST10986,Kotak Mahindra Bank,Savings,KKBK006250,2015-04-26,Active,FALSE,26278.65,TRUE
ACC10987,CUST10987,Union Bank of India,Savings,UBIN001440,2019-04-08,Active,FALSE,49156.02,TRUE
ACC10988,CUST10988,IndusInd Bank,Savings,INDB001924,2017-10-11,Active,FALSE,53896.82,TRUE
ACC10989,CUST10989,Union Bank of India,Savings,UBIN002073,2016-04-13,Active,FALSE,8169.26,TRUE
ACC10990,CUST10990,Bank of Baroda,Salary,BARB007921,2020-10-09,Active,TRUE,162598.44,TRUE
ACC10991,CUST10991,YES Bank,Savings,YESB001364,2019-03-28,Active,TRUE,48711.41,TRUE
ACC10992,CUST10992,Union Bank of India,Savings,UBIN004373,2020-07-27,Active,FALSE,116468.2,TRUE
ACC10993,CUST10993,IndusInd Bank,Savings,INDB008143,2020-07-28,Active,FALSE,53291.24,TRUE
ACC10994,CUST10994,Axis Bank,Savings,UTIB005708,2015-07-14,Active,FALSE,89681.18,TRUE
ACC10995,CUST10995,YES Bank,Salary,YESB002506,2016-01-24,Active,TRUE,37005.19,TRUE
ACC10996,CUST10996,IDFC FIRST Bank,Current,IDFB008786,2017-05-09,Active,TRUE,182029.81,TRUE
ACC10997,CUST10997,Kotak Mahindra Bank,Salary,KKBK008092,2018-07-07,Active,TRUE,60319.8,TRUE
ACC10998,CUST10998,Bank of Baroda,Savings,BARB009971,2015-03-18,Active,TRUE,53367.01,TRUE
ACC10999,CUST10999,Canara Bank,Savings,CNRB008656,2022-02-25,Active,FALSE,178096.2,TRUE
ACC11000,CUST11000,YES Bank,Salary,YESB001981,2017-04-01,Active,TRUE,29365.63,TRUE
ACC11001,CUST11001,Canara Bank,Current,CNRB005919,2019-08-08,Active,FALSE,35684.85,TRUE
ACC11002,CUST11002,Punjab National Bank,Savings,PUNB005373,2022-03-31,Active,FALSE,62448.39,TRUE
ACC11003,CUST11003,Axis Bank,Savings,UTIB002860,2017-02-25,Active,FALSE,71263.58,TRUE
ACC11004,CUST11004,Bank of Baroda,Current,BARB008145,2022-04-03,Active,FALSE,37854.79,TRUE
ACC11005,CUST11005,State Bank of India,Savings,SBIN005233,2022-05-21,Active,FALSE,88565.26,TRUE
ACC11006,CUST11006,Union Bank of India,Savings,UBIN008960,2015-08-15,Active,FALSE,8528.62,TRUE
ACC11007,CUST11007,HDFC Bank,Savings,HDFC007668,2022-07-14,Active,FALSE,9129.19,FALSE
ACC11008,CUST11008,Union Bank of India,Savings,UBIN003302,2016-04-03,Active,TRUE,44250.64,TRUE
ACC11009,CUST11009,YES Bank,Savings,YESB009605,2020-07-26,Active,FALSE,43535.68,TRUE
ACC11010,CUST11010,IndusInd Bank,Salary,INDB006395,2023-04-08,Active,TRUE,175161.84,TRUE
ACC11011,CUST11011,Punjab National Bank,Savings,PUNB004571,2016-03-13,Active,FALSE,51056.33,TRUE
ACC11012,CUST11012,Kotak Mahindra Bank,Current,KKBK001916,2020-12-25,Active,FALSE,88611.83,TRUE
ACC11013,CUST11013,Canara Bank,Savings,CNRB005036,2023-10-18,Active,FALSE,62848.53,TRUE
ACC11014,CUST11014,Kotak Mahindra Bank,Salary,KKBK001345,2015-05-23,Active,TRUE,147566.01,FALSE
ACC11015,CUST11015,Union Bank of India,Savings,UBIN004926,2021-03-13,Active,FALSE,76200.7,TRUE
ACC11016,CUST11016,Canara Bank,Salary,CNRB002999,2017-08-26,Active,TRUE,59409.63,TRUE
ACC11017,CUST11017,Punjab National Bank,Savings,PUNB005186,2016-01-05,Active,FALSE,96385.0,TRUE
ACC11018,CUST11018,ICICI Bank,Savings,ICIC008190,2023-08-07,Active,FALSE,56516.31,TRUE
ACC11019,CUST11019,HDFC Bank,Current,HDFC009055,2023-04-07,Active,FALSE,110693.75,TRUE
ACC11020,CUST11020,HDFC Bank,Savings,HDFC003627,2020-09-04,Active,FALSE,63401.25,TRUE
ACC11021,CUST11021,IDFC FIRST Bank,Current,IDFB006353,2022-10-18,Active,FALSE,19368.72,TRUE
ACC11022,CUST11022,Canara Bank,Savings,CNRB008264,2015-01-13,Active,FALSE,187763.01,TRUE
ACC11023,CUST11023,ICICI Bank,Salary,ICIC005089,2023-01-01,Inactive,TRUE,199664.22,TRUE
ACC11024,CUST11024,YES Bank,Savings,YESB007722,2020-01-24,Active,FALSE,59682.39,TRUE
ACC11025,CUST11025,Canara Bank,Savings,CNRB006367,2017-03-24,Active,FALSE,71601.45,TRUE
ACC11026,CUST11026,Punjab National Bank,Savings,PUNB004677,2015-04-05,Active,FALSE,140617.66,TRUE
ACC11027,CUST11027,Bank of Baroda,Savings,BARB004248,2022-11-12,Active,TRUE,168543.36,TRUE
ACC11028,CUST11028,ICICI Bank,Savings,ICIC002459,2016-11-27,Inactive,FALSE,33100.56,TRUE
ACC11029,CUST11029,Punjab National Bank,Current,PUNB008433,2016-04-30,Active,FALSE,22801.56,FALSE
ACC11030,CUST11030,Kotak Mahindra Bank,Current,KKBK005717,2019-04-14,Active,FALSE,138332.77,TRUE
ACC11031,CUST11031,Kotak Mahindra Bank,Current,KKBK004102,2017-01-08,Active,FALSE,20325.95,TRUE
ACC11032,CUST11032,Kotak Mahindra Bank,Salary,KKBK004858,2020-01-22,Active,TRUE,70434.94,TRUE
ACC11033,CUST11033,Bank of Baroda,Savings,BARB002404,2020-04-04,Active,FALSE,52708.29,TRUE
ACC11034,CUST11034,Canara Bank,Current,CNRB004476,2022-12-11,Active,FALSE,65225.3,TRUE
ACC11035,CUST11035,IDFC FIRST Bank,Savings,IDFB001962,2018-09-25,Active,TRUE,238005.05,TRUE
ACC11036,CUST11036,Canara Bank,Savings,CNRB001745,2017-11-04,Active,FALSE,22785.01,FALSE
ACC11037,CUST11037,Canara Bank,Savings,CNRB007076,2021-04-10,Active,FALSE,26656.73,TRUE
ACC11038,CUST11038,Bank of Baroda,Current,BARB006557,2016-06-24,Active,FALSE,84268.75,TRUE
ACC11039,CUST11039,IndusInd Bank,Savings,INDB001723,2020-08-06,Active,FALSE,216789.3,FALSE
ACC11040,CUST11040,Kotak Mahindra Bank,Salary,KKBK005312,2023-07-17,Active,TRUE,120190.22,TRUE
ACC11041,CUST11041,ICICI Bank,Current,ICIC006169,2023-07-26,Inactive,TRUE,237478.42,TRUE
ACC11042,CUST11042,Bank of Baroda,Savings,BARB001871,2016-08-31,Active,TRUE,118213.88,TRUE
ACC11043,CUST11043,Bank of Baroda,Savings,BARB008150,2020-07-20,Active,FALSE,57634.57,TRUE
ACC11044,CUST11044,Bank of Baroda,Current,BARB008499,2016-04-05,Active,FALSE,41045.92,TRUE
ACC11045,CUST11045,Kotak Mahindra Bank,Savings,KKBK003959,2023-05-30,Active,TRUE,477355.66,TRUE
ACC11046,CUST11046,YES Bank,Salary,YESB001067,2023-08-08,Active,TRUE,71831.79,TRUE
ACC11047,CUST11047,Bank of Baroda,Savings,BARB002545,2015-04-17,Active,FALSE,77406.08,TRUE
ACC11048,CUST11048,IndusInd Bank,Savings,INDB002737,2016-09-21,Active,TRUE,141056.37,TRUE
ACC11049,CUST11049,Canara Bank,Salary,CNRB005412,2022-05-19,Active,TRUE,96993.07,TRUE
ACC11050,CUST11050,Bank of Baroda,Salary,BARB006323,2016-06-13,Active,TRUE,23472.83,TRUE
ACC11051,CUST11051,IndusInd Bank,Savings,INDB001909,2021-02-19,Inactive,FALSE,67660.07,TRUE
ACC11052,CUST11052,ICICI Bank,Current,ICIC004933,2016-01-01,Active,TRUE,109567.86,TRUE
ACC11053,CUST11053,Canara Bank,Savings,CNRB003525,2018-05-07,Active,FALSE,47981.09,TRUE
ACC11054,CUST11054,Kotak Mahindra Bank,Savings,KKBK003151,2022-06-18,Active,TRUE,47449.2,TRUE
ACC11055,CUST11055,Punjab National Bank,Savings,PUNB008805,2021-04-25,Active,TRUE,161907.4,TRUE
ACC11056,CUST11056,ICICI Bank,Current,ICIC008112,2016-01-16,Active,TRUE,96297.1,TRUE
ACC11057,CUST11057,Canara Bank,Current,CNRB003540,2020-11-29,Active,FALSE,81137.73,TRUE
ACC11058,CUST11058,Punjab National Bank,Current,PUNB002297,2018-05-15,Active,TRUE,162653.87,TRUE
ACC11059,CUST11059,IDFC FIRST Bank,Savings,IDFB008007,2021-05-17,Active,TRUE,26658.22,TRUE
ACC11060,CUST11060,Punjab National Bank,Savings,PUNB007766,2020-03-18,Active,FALSE,77348.25,TRUE
ACC11061,CUST11061,Kotak Mahindra Bank,Salary,KKBK002339,2015-03-08,Active,TRUE,68885.94,TRUE
ACC11062,CUST11062,ICICI Bank,Savings,ICIC007438,2015-12-08,Active,FALSE,89390.4,TRUE
ACC11063,CUST11063,Union Bank of India,Current,UBIN008454,2021-12-30,Active,FALSE,23668.59,TRUE
ACC11064,CUST11064,ICICI Bank,Savings,ICIC004458,2015-11-17,Active,FALSE,216241.94,TRUE
ACC11065,CUST11065,IDFC FIRST Bank,Savings,IDFB001293,2019-06-06,Active,FALSE,18690.17,TRUE
ACC11066,CUST11066,Union Bank of India,Salary,UBIN007637,2023-02-21,Active,TRUE,34187.97,FALSE
ACC11067,CUST11067,IndusInd Bank,Savings,INDB007471,2015-12-25,Active,FALSE,10332.09,TRUE
ACC11068,CUST11068,State Bank of India,Savings,SBIN004083,2017-05-07,Active,FALSE,25228.28,TRUE
ACC11069,CUST11069,Canara Bank,Savings,CNRB009824,2015-12-19,Active,FALSE,41899.6,TRUE
ACC11070,CUST11070,State Bank of India,Savings,SBIN002908,2016-09-16,Active,FALSE,68131.62,TRUE
ACC11071,CUST11071,State Bank of India,Salary,SBIN008364,2017-09-20,Active,TRUE,112475.41,TRUE
ACC11072,CUST11072,State Bank of India,Savings,SBIN006469,2016-02-25,Active,FALSE,267879.94,TRUE
ACC11073,CUST11073,Union Bank of India,Savings,UBIN005764,2020-06-19,Active,FALSE,68967.21,TRUE
ACC11074,CUST11074,Canara Bank,Savings,CNRB008993,2023-01-04,Active,TRUE,212304.58,TRUE
ACC11075,CUST11075,Kotak Mahindra Bank,Current,KKBK007834,2016-04-23,Active,FALSE,102904.1,TRUE
ACC11076,CUST11076,State Bank of India,Savings,SBIN003643,2023-02-22,Active,FALSE,36408.1,TRUE
ACC11077,CUST11077,Axis Bank,Salary,UTIB006556,2023-01-08,Active,TRUE,56137.18,TRUE
ACC11078,CUST11078,Union Bank of India,Current,UBIN007395,2022-07-20,Active,FALSE,41405.31,TRUE
ACC11079,CUST11079,ICICI Bank,Savings,ICIC004394,2022-09-30,Active,FALSE,47065.19,TRUE
ACC11080,CUST11080,YES Bank,Savings,YESB009063,2023-11-25,Active,FALSE,75665.32,TRUE
ACC11081,CUST11081,State Bank of India,Savings,SBIN001297,2017-12-04,Active,FALSE,33916.57,TRUE
ACC11082,CUST11082,IDFC FIRST Bank,Savings,IDFB001523,2018-10-15,Active,FALSE,40142.8,TRUE
ACC11083,CUST11083,Kotak Mahindra Bank,Savings,KKBK006575,2023-08-18,Active,FALSE,130564.71,TRUE
ACC11084,CUST11084,ICICI Bank,Salary,ICIC009444,2022-07-05,Active,TRUE,10841.74,FALSE
ACC11085,CUST11085,Bank of Baroda,Savings,BARB002817,2023-10-07,Active,FALSE,68671.05,FALSE
ACC11086,CUST11086,IDFC FIRST Bank,Salary,IDFB001687,2016-03-07,Active,TRUE,39311.82,TRUE
ACC11087,CUST11087,IndusInd Bank,Savings,INDB003572,2022-12-10,Active,TRUE,144107.05,TRUE
ACC11088,CUST11088,Canara Bank,Savings,CNRB006959,2016-07-18,Active,TRUE,187156.05,TRUE
ACC11089,CUST11089,State Bank of India,Current,SBIN005019,2018-10-30,Active,FALSE,33497.49,TRUE
ACC11090,CUST11090,Union Bank of India,Savings,UBIN007799,2022-01-22,Active,TRUE,158606.54,TRUE
ACC11091,CUST11091,Axis Bank,Current,UTIB003260,2019-08-21,Active,FALSE,324551.3,TRUE
ACC11092,CUST11092,Canara Bank,Savings,CNRB006927,2019-12-18,Active,FALSE,14434.86,TRUE
ACC11093,CUST11093,HDFC Bank,Savings,HDFC002389,2018-07-13,Active,FALSE,130264.85,TRUE
ACC11094,CUST11094,Punjab National Bank,Savings,PUNB001607,2021-06-11,Active,FALSE,139470.25,TRUE
ACC11095,CUST11095,IDFC FIRST Bank,Current,IDFB005845,2019-07-05,Active,FALSE,124583.93,TRUE
ACC11096,CUST11096,Union Bank of India,Savings,UBIN006139,2015-02-02,Active,FALSE,92239.35,TRUE
ACC11097,CUST11097,ICICI Bank,Current,ICIC007618,2022-03-22,Active,TRUE,159482.16,TRUE
ACC11098,CUST11098,Union Bank of India,Current,UBIN006656,2023-09-12,Active,TRUE,20915.23,TRUE
ACC11099,CUST11099,Union Bank of India,Salary,UBIN003064,2021-01-24,Active,TRUE,39104.98,TRUE
ACC11100,CUST11100,IDFC FIRST Bank,Savings,IDFB006582,2015-04-06,Active,FALSE,162504.85,TRUE
ACC11101,CUST11101,Kotak Mahindra Bank,Salary,KKBK007926,2016-03-28,Active,TRUE,124212.28,TRUE
ACC11102,CUST11102,IDFC FIRST Bank,Savings,IDFB006807,2015-07-15,Active,FALSE,157972.18,TRUE
ACC11103,CUST11103,State Bank of India,Savings,SBIN008424,2017-08-25,Active,FALSE,84887.61,TRUE
ACC11104,CUST11104,Canara Bank,Salary,CNRB009737,2017-08-15,Active,TRUE,148287.91,TRUE
ACC11105,CUST11105,Union Bank of India,Current,UBIN003293,2020-10-29,Active,FALSE,16236.52,TRUE
ACC11106,CUST11106,Axis Bank,Current,UTIB006919,2016-02-06,Active,FALSE,51528.66,TRUE
ACC11107,CUST11107,HDFC Bank,Current,HDFC002018,2016-06-16,Active,FALSE,25915.88,TRUE
ACC11108,CUST11108,IDFC FIRST Bank,Salary,IDFB007598,2021-04-08,Active,TRUE,51589.03,TRUE
ACC11109,CUST11109,Bank of Baroda,Current,BARB007937,2022-09-23,Active,TRUE,259499.87,TRUE
ACC11110,CUST11110,ICICI Bank,Savings,ICIC009286,2020-06-08,Active,TRUE,148159.78,TRUE
ACC11111,CUST11111,HDFC Bank,Current,HDFC004483,2020-04-22,Active,FALSE,14834.91,TRUE
ACC11112,CUST11112,HDFC Bank,Savings,HDFC007694,2016-05-10,Active,FALSE,18400.35,TRUE
ACC11113,CUST11113,HDFC Bank,Savings,HDFC007086,2019-03-14,Active,FALSE,27824.43,TRUE
ACC11114,CUST11114,ICICI Bank,Savings,ICIC007910,2018-06-03,Active,TRUE,148981.21,TRUE
ACC11115,CUST11115,HDFC Bank,Savings,HDFC009970,2015-10-04,Active,FALSE,31906.69,TRUE
ACC11116,CUST11116,YES Bank,Savings,YESB008411,2023-10-06,Active,FALSE,84652.75,TRUE
ACC11117,CUST11117,ICICI Bank,Salary,ICIC003269,2022-02-19,Active,TRUE,113955.2,TRUE
ACC11118,CUST11118,Union Bank of India,Savings,UBIN006328,2023-12-21,Active,FALSE,92967.2,TRUE
ACC11119,CUST11119,Punjab National Bank,Salary,PUNB006554,2015-07-07,Inactive,TRUE,86573.8,TRUE
ACC11120,CUST11120,Canara Bank,Savings,CNRB002450,2022-12-06,Active,FALSE,91495.8,TRUE
ACC11121,CUST11121,Kotak Mahindra Bank,Salary,KKBK003028,2015-12-15,Active,TRUE,177828.53,TRUE
ACC11122,CUST11122,State Bank of India,Savings,SBIN009548,2023-06-02,Active,FALSE,66569.28,TRUE
ACC11123,CUST11123,IDFC FIRST Bank,Savings,IDFB003944,2018-01-31,Active,FALSE,33089.98,TRUE
ACC11124,CUST11124,YES Bank,Savings,YESB008278,2020-12-25,Active,TRUE,25526.99,TRUE
ACC11125,CUST11125,State Bank of India,Current,SBIN006569,2017-01-09,Active,FALSE,82226.49,TRUE
ACC11126,CUST11126,HDFC Bank,Salary,HDFC002627,2016-11-19,Active,TRUE,28305.3,TRUE
ACC11127,CUST11127,ICICI Bank,Current,ICIC006026,2022-08-11,Active,FALSE,107944.88,TRUE
ACC11128,CUST11128,State Bank of India,Current,SBIN005882,2016-02-09,Active,TRUE,75568.58,TRUE
ACC11129,CUST11129,HDFC Bank,Savings,HDFC001849,2017-09-08,Active,FALSE,39155.27,TRUE
ACC11130,CUST11130,IDFC FIRST Bank,Savings,IDFB007308,2018-01-08,Active,FALSE,58985.37,TRUE
ACC11131,CUST11131,Bank of Baroda,Current,BARB001473,2022-02-07,Active,FALSE,75485.23,FALSE
ACC11132,CUST11132,Canara Bank,Savings,CNRB002663,2023-07-23,Active,FALSE,75848.29,TRUE
ACC11133,CUST11133,HDFC Bank,Savings,HDFC009199,2023-10-12,Inactive,TRUE,428170.5,TRUE
ACC11134,CUST11134,IDFC FIRST Bank,Salary,IDFB007942,2020-01-25,Active,TRUE,178378.28,FALSE
ACC11135,CUST11135,YES Bank,Savings,YESB005739,2015-01-03,Active,FALSE,82869.75,TRUE
ACC11136,CUST11136,Kotak Mahindra Bank,Savings,KKBK007228,2022-02-02,Active,FALSE,101666.44,TRUE
ACC11137,CUST11137,ICICI Bank,Salary,ICIC009750,2015-10-14,Active,TRUE,46166.78,TRUE
ACC11138,CUST11138,ICICI Bank,Current,ICIC005578,2017-05-13,Active,FALSE,66587.92,TRUE
ACC11139,CUST11139,IndusInd Bank,Current,INDB005282,2018-01-23,Active,FALSE,127489.8,TRUE
ACC11140,CUST11140,Bank of Baroda,Savings,BARB006381,2022-10-04,Active,FALSE,97536.75,TRUE
ACC11141,CUST11141,State Bank of India,Savings,SBIN001156,2019-08-20,Active,FALSE,110018.8,TRUE
ACC11142,CUST11142,HDFC Bank,Salary,HDFC002270,2015-05-07,Active,TRUE,72784.53,TRUE
ACC11143,CUST11143,HDFC Bank,Current,HDFC006783,2021-09-28,Active,FALSE,21241.43,TRUE
ACC11144,CUST11144,Union Bank of India,Savings,UBIN001138,2020-03-10,Active,TRUE,26891.95,TRUE
ACC11145,CUST11145,Kotak Mahindra Bank,Savings,KKBK006862,2016-01-04,Active,FALSE,151563.64,TRUE
ACC11146,CUST11146,Bank of Baroda,Savings,BARB006947,2018-02-23,Active,FALSE,71482.67,TRUE
ACC11147,CUST11147,State Bank of India,Current,SBIN004212,2016-03-30,Active,FALSE,60452.12,TRUE
ACC11148,CUST11148,IDFC FIRST Bank,Salary,IDFB004174,2022-07-16,Active,TRUE,204519.53,TRUE
ACC11149,CUST11149,ICICI Bank,Savings,ICIC002065,2017-11-29,Active,FALSE,88088.45,TRUE
ACC11150,CUST11150,Union Bank of India,Savings,UBIN005494,2022-08-09,Active,FALSE,110610.32,TRUE
ACC11151,CUST11151,YES Bank,Salary,YESB005143,2020-02-03,Active,TRUE,85005.08,TRUE
ACC11152,CUST11152,Canara Bank,Savings,CNRB001849,2019-11-07,Active,FALSE,58473.1,TRUE
ACC11153,CUST11153,IDFC FIRST Bank,Current,IDFB008644,2019-01-20,Active,TRUE,202112.63,TRUE
ACC11154,CUST11154,Punjab National Bank,Current,PUNB009723,2018-07-19,Active,FALSE,45214.56,TRUE
ACC11155,CUST11155,YES Bank,Savings,YESB001415,2022-09-25,Active,TRUE,72596.65,TRUE
ACC11156,CUST11156,Kotak Mahindra Bank,Savings,KKBK002029,2015-04-25,Active,FALSE,43286.84,TRUE
ACC11157,CUST11157,Canara Bank,Savings,CNRB006477,2017-10-09,Active,TRUE,75090.58,TRUE
ACC11158,CUST11158,IndusInd Bank,Savings,INDB009514,2015-10-26,Active,FALSE,177059.94,TRUE
ACC11159,CUST11159,YES Bank,Savings,YESB003045,2015-09-06,Active,FALSE,58798.91,TRUE
ACC11160,CUST11160,Union Bank of India,Savings,UBIN002065,2015-09-11,Active,TRUE,96750.12,TRUE
ACC11161,CUST11161,HDFC Bank,Savings,HDFC002668,2021-04-09,Active,FALSE,45296.61,TRUE
ACC11162,CUST11162,YES Bank,Savings,YESB007735,2021-09-21,Active,FALSE,60865.89,TRUE
ACC11163,CUST11163,Bank of Baroda,Salary,BARB008014,2021-12-11,Active,TRUE,108424.16,TRUE
ACC11164,CUST11164,State Bank of India,Salary,SBIN008439,2018-09-06,Active,TRUE,26793.28,TRUE
ACC11165,CUST11165,Union Bank of India,Salary,UBIN002106,2023-11-08,Active,TRUE,100610.5,TRUE
ACC11166,CUST11166,IDFC FIRST Bank,Savings,IDFB005198,2019-09-21,Active,FALSE,90325.55,TRUE
ACC11167,CUST11167,ICICI Bank,Savings,ICIC001722,2016-06-06,Active,FALSE,70330.63,FALSE
ACC11168,CUST11168,IndusInd Bank,Salary,INDB006098,2021-01-25,Active,TRUE,58649.88,TRUE
ACC11169,CUST11169,IndusInd Bank,Savings,INDB005768,2015-02-03,Active,FALSE,36068.49,TRUE
ACC11170,CUST11170,Axis Bank,Salary,UTIB009308,2015-08-12,Active,TRUE,47653.09,TRUE
ACC11171,CUST11171,Axis Bank,Savings,UTIB002120,2017-02-14,Active,FALSE,320120.36,TRUE
ACC11172,CUST11172,IndusInd Bank,Salary,INDB006499,2018-05-12,Active,TRUE,26627.12,TRUE
ACC11173,CUST11173,State Bank of India,Savings,SBIN009125,2015-01-16,Active,FALSE,222321.79,TRUE
ACC11174,CUST11174,Bank of Baroda,Current,BARB006431,2017-04-20,Active,FALSE,23149.53,TRUE
ACC11175,CUST11175,IndusInd Bank,Salary,INDB001491,2016-04-16,Active,TRUE,76064.12,TRUE
ACC11176,CUST11176,IndusInd Bank,Savings,INDB001719,2017-03-26,Active,FALSE,37719.84,TRUE
ACC11177,CUST11177,Union Bank of India,Savings,UBIN003855,2021-03-21,Active,FALSE,44040.11,TRUE
ACC11178,CUST11178,Kotak Mahindra Bank,Savings,KKBK002657,2022-08-06,Active,FALSE,236468.78,TRUE
ACC11179,CUST11179,Axis Bank,Current,UTIB005998,2017-09-10,Active,TRUE,46659.33,TRUE
ACC11180,CUST11180,YES Bank,Savings,YESB008106,2016-04-30,Active,FALSE,115634.06,TRUE
ACC11181,CUST11181,Axis Bank,Current,UTIB009725,2022-10-15,Active,FALSE,109818.59,FALSE
ACC11182,CUST11182,Axis Bank,Salary,UTIB001756,2021-08-02,Active,TRUE,98661.44,TRUE
ACC11183,CUST11183,IndusInd Bank,Savings,INDB005049,2022-01-22,Active,FALSE,57222.81,TRUE
ACC11184,CUST11184,YES Bank,Savings,YESB009011,2023-02-27,Active,TRUE,186586.94,TRUE
ACC11185,CUST11185,IDFC FIRST Bank,Salary,IDFB007358,2019-03-13,Active,TRUE,102675.18,TRUE
ACC11186,CUST11186,IndusInd Bank,Current,INDB009609,2023-01-10,Inactive,TRUE,219219.44,TRUE
ACC11187,CUST11187,YES Bank,Savings,YESB001599,2017-06-18,Active,TRUE,157504.6,TRUE
ACC11188,CUST11188,Punjab National Bank,Salary,PUNB007178,2016-10-05,Active,TRUE,36680.02,TRUE
ACC11189,CUST11189,ICICI Bank,Savings,ICIC002376,2019-12-26,Active,FALSE,47163.86,TRUE
ACC11190,CUST11190,IDFC FIRST Bank,Current,IDFB006511,2020-01-22,Active,FALSE,40216.22,TRUE
ACC11191,CUST11191,IndusInd Bank,Current,INDB005473,2015-04-12,Active,TRUE,146638.4,TRUE
ACC11192,CUST11192,HDFC Bank,Salary,HDFC005825,2020-10-01,Active,TRUE,41808.27,TRUE
ACC11193,CUST11193,Axis Bank,Savings,UTIB002612,2015-10-20,Active,TRUE,119702.2,TRUE
ACC11194,CUST11194,Kotak Mahindra Bank,Savings,KKBK005959,2017-02-19,Active,FALSE,260369.78,TRUE
ACC11195,CUST11195,Union Bank of India,Savings,UBIN009898,2015-02-04,Active,TRUE,141626.97,FALSE
ACC11196,CUST11196,Punjab National Bank,Current,PUNB001194,2022-05-03,Active,FALSE,88910.7,TRUE
ACC11197,CUST11197,Punjab National Bank,Savings,PUNB004728,2023-02-10,Active,FALSE,30909.44,TRUE
ACC11198,CUST11198,IDFC FIRST Bank,Current,IDFB008679,2018-10-27,Active,FALSE,48818.98,TRUE
ACC11199,CUST11199,Union Bank of India,Savings,UBIN007843,2019-12-02,Active,FALSE,37566.54,TRUE
ACC11200,CUST11200,YES Bank,Savings,YESB003102,2023-04-11,Active,FALSE,96925.03,TRUE
ACC11201,CUST11201,IndusInd Bank,Current,INDB004694,2019-10-10,Active,FALSE,53291.13,TRUE
ACC11202,CUST11202,IDFC FIRST Bank,Savings,IDFB005909,2021-08-01,Active,FALSE,56262.9,FALSE
ACC11203,CUST11203,ICICI Bank,Salary,ICIC006410,2022-01-23,Active,TRUE,99944.22,TRUE
ACC11204,CUST11204,Punjab National Bank,Savings,PUNB007247,2019-05-20,Active,TRUE,240146.08,TRUE
ACC11205,CUST11205,Bank of Baroda,Savings,BARB005991,2016-12-03,Active,FALSE,96222.53,TRUE
ACC11206,CUST11206,Union Bank of India,Savings,UBIN009005,2017-02-03,Active,FALSE,81347.64,TRUE
ACC11207,CUST11207,Kotak Mahindra Bank,Savings,KKBK009591,2020-02-06,Active,TRUE,45041.64,TRUE
ACC11208,CUST11208,Punjab National Bank,Savings,PUNB007407,2016-03-29,Active,FALSE,41792.52,TRUE
ACC11209,CUST11209,Punjab National Bank,Savings,PUNB004382,2017-04-22,Active,FALSE,112314.8,TRUE
ACC11210,CUST11210,ICICI Bank,Salary,ICIC006084,2017-04-11,Active,TRUE,99659.0,TRUE
ACC11211,CUST11211,State Bank of India,Current,SBIN003337,2015-09-20,Active,FALSE,41357.04,TRUE
ACC11212,CUST11212,IndusInd Bank,Current,INDB009043,2020-03-10,Active,FALSE,63823.93,TRUE
ACC11213,CUST11213,Bank of Baroda,Savings,BARB006681,2019-05-21,Active,FALSE,56393.05,TRUE
ACC11214,CUST11214,Axis Bank,Salary,UTIB003942,2023-03-23,Active,TRUE,37507.74,TRUE
ACC11215,CUST11215,Union Bank of India,Current,UBIN002565,2022-11-01,Inactive,TRUE,249943.86,TRUE
ACC11216,CUST11216,Canara Bank,Savings,CNRB009810,2022-06-23,Active,FALSE,67144.13,TRUE
ACC11217,CUST11217,Axis Bank,Current,UTIB009085,2023-07-18,Active,FALSE,155083.05,TRUE
ACC11218,CUST11218,HDFC Bank,Savings,HDFC009264,2019-08-07,Active,TRUE,213054.14,TRUE
ACC11219,CUST11219,HDFC Bank,Current,HDFC008567,2018-11-08,Active,FALSE,104362.3,TRUE
ACC11220,CUST11220,HDFC Bank,Savings,HDFC003236,2022-07-08,Active,FALSE,29619.67,TRUE
ACC11221,CUST11221,IDFC FIRST Bank,Current,IDFB004969,2016-07-28,Active,FALSE,45343.65,TRUE
ACC11222,CUST11222,State Bank of India,Savings,SBIN002646,2018-04-19,Active,FALSE,48664.95,TRUE
ACC11223,CUST11223,State Bank of India,Savings,SBIN005476,2019-12-10,Active,FALSE,26323.82,TRUE
ACC11224,CUST11224,Canara Bank,Savings,CNRB009721,2019-12-16,Active,FALSE,50605.66,TRUE
ACC11225,CUST11225,Canara Bank,Current,CNRB002684,2022-09-28,Active,FALSE,18943.02,TRUE
ACC11226,CUST11226,Punjab National Bank,Savings,PUNB004305,2019-03-15,Active,FALSE,22088.92,TRUE
ACC11227,CUST11227,State Bank of India,Savings,SBIN001238,2017-02-26,Active,FALSE,15064.46,FALSE
ACC11228,CUST11228,HDFC Bank,Savings,HDFC003750,2015-06-30,Active,TRUE,87545.42,TRUE
ACC11229,CUST11229,Axis Bank,Salary,UTIB004393,2019-06-07,Active,TRUE,19567.32,TRUE
ACC11230,CUST11230,IndusInd Bank,Savings,INDB006298,2015-03-03,Active,FALSE,55102.69,TRUE
ACC11231,CUST11231,Bank of Baroda,Savings,BARB004606,2022-05-19,Active,FALSE,119199.24,TRUE
ACC11232,CUST11232,Axis Bank,Savings,UTIB007735,2023-08-10,Active,FALSE,49751.38,TRUE
ACC11233,CUST11233,YES Bank,Savings,YESB003809,2016-01-24,Active,FALSE,170306.28,TRUE
ACC11234,CUST11234,Canara Bank,Savings,CNRB003177,2016-12-19,Active,FALSE,56316.5,TRUE
ACC11235,CUST11235,Canara Bank,Savings,CNRB008899,2018-10-04,Active,FALSE,261345.81,TRUE
ACC11236,CUST11236,Union Bank of India,Salary,UBIN004808,2021-08-03,Active,TRUE,14043.87,TRUE
ACC11237,CUST11237,HDFC Bank,Savings,HDFC006060,2023-04-11,Active,TRUE,38229.23,TRUE
ACC11238,CUST11238,Bank of Baroda,Savings,BARB005859,2016-09-13,Active,FALSE,96535.5,TRUE
ACC11239,CUST11239,Union Bank of India,Savings,UBIN008270,2016-07-03,Active,FALSE,94381.07,TRUE
ACC11240,CUST11240,IDFC FIRST Bank,Savings,IDFB007797,2023-06-02,Active,FALSE,87724.18,TRUE
ACC11241,CUST11241,IDFC FIRST Bank,Savings,IDFB001885,2023-12-27,Active,FALSE,105397.49,TRUE
ACC11242,CUST11242,Punjab National Bank,Savings,PUNB009543,2017-01-21,Active,TRUE,157262.25,TRUE
ACC11243,CUST11243,Axis Bank,Savings,UTIB001853,2017-04-16,Active,TRUE,117209.71,TRUE
ACC11244,CUST11244,Axis Bank,Salary,UTIB004871,2015-11-17,Active,TRUE,101397.02,TRUE
ACC11245,CUST11245,Axis Bank,Current,UTIB005012,2016-12-23,Active,TRUE,122239.34,FALSE
ACC11246,CUST11246,Axis Bank,Current,UTIB005454,2015-11-24,Inactive,FALSE,68181.12,TRUE
ACC11247,CUST11247,Bank of Baroda,Current,BARB008231,2020-08-31,Active,FALSE,25304.66,TRUE
ACC11248,CUST11248,Bank of Baroda,Current,BARB001324,2019-10-17,Active,FALSE,62751.97,FALSE
ACC11249,CUST11249,YES Bank,Savings,YESB009801,2021-03-14,Active,TRUE,131100.77,TRUE
ACC11250,CUST11250,Punjab National Bank,Savings,PUNB008878,2018-09-26,Active,FALSE,38734.98,TRUE
ACC11251,CUST11251,Axis Bank,Savings,UTIB001068,2020-08-12,Active,TRUE,129160.72,TRUE
ACC11252,CUST11252,Punjab National Bank,Current,PUNB007113,2020-06-28,Active,FALSE,88231.8,TRUE
ACC11253,CUST11253,State Bank of India,Current,SBIN003039,2021-05-05,Active,FALSE,255565.96,TRUE
ACC11254,CUST11254,Union Bank of India,Salary,UBIN006711,2022-12-14,Active,TRUE,132667.8,TRUE
ACC11255,CUST11255,Canara Bank,Current,CNRB007313,2023-04-02,Active,TRUE,165683.67,TRUE
ACC11256,CUST11256,Union Bank of India,Savings,UBIN001462,2017-12-06,Active,FALSE,132865.95,TRUE
ACC11257,CUST11257,Axis Bank,Savings,UTIB003644,2016-04-23,Active,FALSE,184339.43,TRUE
ACC11258,CUST11258,YES Bank,Salary,YESB002316,2017-02-12,Active,TRUE,30318.2,TRUE
ACC11259,CUST11259,Union Bank of India,Salary,UBIN005951,2020-12-23,Active,TRUE,60234.48,TRUE
ACC11260,CUST11260,Punjab National Bank,Savings,PUNB002456,2022-02-18,Active,FALSE,116936.45,TRUE
ACC11261,CUST11261,Kotak Mahindra Bank,Current,KKBK004432,2022-11-03,Active,FALSE,162548.63,TRUE
ACC11262,CUST11262,State Bank of India,Savings,SBIN002587,2023-09-05,Active,TRUE,284941.67,TRUE
ACC11263,CUST11263,ICICI Bank,Savings,ICIC003890,2017-02-02,Active,TRUE,61323.32,FALSE
ACC11264,CUST11264,Bank of Baroda,Savings,BARB004482,2017-04-03,Active,TRUE,159665.63,TRUE
ACC11265,CUST11265,Punjab National Bank,Salary,PUNB008220,2016-03-23,Active,TRUE,53222.63,TRUE
ACC11266,CUST11266,Punjab National Bank,Savings,PUNB003042,2015-09-21,Active,TRUE,147256.3,TRUE
ACC11267,CUST11267,HDFC Bank,Savings,HDFC001155,2017-12-25,Active,FALSE,7593.44,TRUE
ACC11268,CUST11268,State Bank of India,Savings,SBIN002586,2020-11-09,Active,TRUE,147317.79,FALSE
ACC11269,CUST11269,Kotak Mahindra Bank,Current,KKBK008961,2023-06-28,Active,FALSE,26788.03,TRUE
ACC11270,CUST11270,IndusInd Bank,Savings,INDB006164,2019-01-19,Active,FALSE,46840.82,TRUE
ACC11271,CUST11271,IndusInd Bank,Savings,INDB006410,2015-01-13,Active,FALSE,352484.77,TRUE
ACC11272,CUST11272,ICICI Bank,Salary,ICIC001420,2016-05-18,Active,TRUE,55534.77,TRUE
ACC11273,CUST11273,Axis Bank,Current,UTIB007036,2021-12-07,Active,FALSE,127966.49,TRUE
ACC11274,CUST11274,Canara Bank,Savings,CNRB004079,2022-02-26,Inactive,FALSE,21016.41,TRUE
ACC11275,CUST11275,State Bank of India,Current,SBIN006333,2017-08-14,Active,TRUE,141268.47,TRUE
ACC11276,CUST11276,Punjab National Bank,Savings,PUNB008800,2023-03-27,Active,FALSE,77381.99,TRUE
ACC11277,CUST11277,IDFC FIRST Bank,Savings,IDFB009267,2016-06-07,Active,FALSE,16781.94,TRUE
ACC11278,CUST11278,IDFC FIRST Bank,Savings,IDFB008648,2020-01-02,Inactive,FALSE,79246.39,TRUE
ACC11279,CUST11279,Axis Bank,Savings,UTIB004467,2023-06-13,Inactive,FALSE,59683.16,TRUE
ACC11280,CUST11280,Union Bank of India,Savings,UBIN001478,2018-08-30,Active,FALSE,62322.61,TRUE
ACC11281,CUST11281,Bank of Baroda,Savings,BARB003016,2020-12-29,Active,TRUE,231926.95,TRUE
ACC11282,CUST11282,Axis Bank,Savings,UTIB002059,2019-03-25,Active,FALSE,81663.66,TRUE
ACC11283,CUST11283,Canara Bank,Savings,CNRB008159,2017-07-04,Active,FALSE,33240.37,TRUE
ACC11284,CUST11284,IndusInd Bank,Savings,INDB004082,2021-06-04,Active,FALSE,184416.08,TRUE
ACC11285,CUST11285,State Bank of India,Savings,SBIN006092,2021-08-13,Active,FALSE,85807.22,FALSE
ACC11286,CUST11286,IndusInd Bank,Savings,INDB006980,2020-10-29,Active,FALSE,81047.88,TRUE
ACC11287,CUST11287,State Bank of India,Current,SBIN009819,2018-07-18,Active,FALSE,96200.18,TRUE
ACC11288,CUST11288,Bank of Baroda,Savings,BARB008467,2021-09-29,Active,FALSE,236850.82,TRUE
ACC11289,CUST11289,State Bank of India,Savings,SBIN006245,2020-08-19,Blocked,FALSE,24675.51,FALSE
ACC11290,CUST11290,Union Bank of India,Savings,UBIN008836,2020-07-20,Active,FALSE,25630.51,TRUE
ACC11291,CUST11291,ICICI Bank,Savings,ICIC004450,2022-11-08,Active,FALSE,226840.9,TRUE
ACC11292,CUST11292,Union Bank of India,Savings,UBIN007419,2022-05-24,Active,FALSE,20640.17,TRUE
ACC11293,CUST11293,Punjab National Bank,Current,PUNB006528,2022-08-08,Active,FALSE,53046.86,TRUE
ACC11294,CUST11294,HDFC Bank,Savings,HDFC009648,2018-03-02,Active,TRUE,253840.59,TRUE
ACC11295,CUST11295,ICICI Bank,Salary,ICIC006298,2015-08-10,Active,TRUE,122107.3,TRUE
ACC11296,CUST11296,ICICI Bank,Current,ICIC003253,2022-10-21,Active,FALSE,112573.97,TRUE
ACC11297,CUST11297,Union Bank of India,Savings,UBIN004205,2019-01-23,Active,FALSE,70692.03,TRUE
ACC11298,CUST11298,ICICI Bank,Current,ICIC007169,2022-08-15,Active,FALSE,44640.43,FALSE
ACC11299,CUST11299,ICICI Bank,Savings,ICIC001859,2020-10-12,Active,TRUE,437301.73,TRUE
ACC11300,CUST11300,Punjab National Bank,Savings,PUNB005014,2016-05-01,Active,FALSE,48453.67,TRUE
ACC11301,CUST11301,ICICI Bank,Savings,ICIC007150,2023-09-21,Active,FALSE,95931.55,TRUE
ACC11302,CUST11302,Bank of Baroda,Savings,BARB007018,2016-05-06,Active,FALSE,18645.26,TRUE
ACC11303,CUST11303,IDFC FIRST Bank,Savings,IDFB004685,2021-07-31,Active,TRUE,62323.73,TRUE
ACC11304,CUST11304,YES Bank,Current,YESB003967,2020-06-06,Blocked,FALSE,66502.42,TRUE
ACC11305,CUST11305,IndusInd Bank,Salary,INDB002040,2017-01-27,Active,TRUE,167796.69,TRUE
ACC11306,CUST11306,IDFC FIRST Bank,Current,IDFB009684,2015-09-19,Active,FALSE,83587.69,TRUE
ACC11307,CUST11307,Canara Bank,Savings,CNRB003033,2022-05-21,Active,TRUE,443425.67,TRUE
ACC11308,CUST11308,IDFC FIRST Bank,Savings,IDFB008327,2016-05-18,Active,FALSE,77049.33,TRUE
ACC11309,CUST11309,HDFC Bank,Savings,HDFC005206,2015-12-13,Inactive,FALSE,69108.29,TRUE
ACC11310,CUST11310,IDFC FIRST Bank,Current,IDFB003811,2022-05-19,Active,FALSE,42274.32,FALSE
ACC11311,CUST11311,IDFC FIRST Bank,Salary,IDFB005807,2019-12-28,Active,TRUE,58886.64,TRUE
ACC11312,CUST11312,IndusInd Bank,Salary,INDB009818,2017-05-09,Active,TRUE,121018.72,TRUE
ACC11313,CUST11313,State Bank of India,Savings,SBIN004081,2018-05-12,Active,TRUE,67475.57,TRUE
ACC11314,CUST11314,YES Bank,Savings,YESB006882,2016-06-10,Active,FALSE,24756.72,TRUE
ACC11315,CUST11315,Kotak Mahindra Bank,Savings,KKBK007255,2019-06-27,Active,FALSE,144195.61,FALSE
ACC11316,CUST11316,ICICI Bank,Savings,ICIC009780,2015-10-17,Active,FALSE,44740.04,TRUE
ACC11317,CUST11317,Canara Bank,Savings,CNRB004156,2021-04-27,Active,FALSE,160979.26,TRUE
ACC11318,CUST11318,ICICI Bank,Current,ICIC006183,2019-04-02,Active,FALSE,32062.6,TRUE
ACC11319,CUST11319,HDFC Bank,Current,HDFC009984,2015-09-28,Active,FALSE,10524.91,TRUE
ACC11320,CUST11320,Kotak Mahindra Bank,Savings,KKBK003397,2018-01-25,Active,FALSE,42193.18,FALSE
ACC11321,CUST11321,Punjab National Bank,Savings,PUNB002720,2016-12-20,Active,FALSE,97701.6,TRUE
ACC11322,CUST11322,Bank of Baroda,Salary,BARB002565,2018-11-30,Active,TRUE,204106.77,TRUE
ACC11323,CUST11323,YES Bank,Savings,YESB002623,2016-11-30,Active,FALSE,74414.82,TRUE
ACC11324,CUST11324,Union Bank of India,Salary,UBIN009711,2021-09-01,Active,TRUE,46066.04,TRUE
ACC11325,CUST11325,Kotak Mahindra Bank,Salary,KKBK001155,2022-12-31,Active,TRUE,47545.57,TRUE
ACC11326,CUST11326,Union Bank of India,Savings,UBIN005380,2023-02-19,Active,FALSE,69770.66,TRUE
ACC11327,CUST11327,Canara Bank,Current,CNRB007852,2017-01-19,Active,FALSE,58744.99,TRUE
ACC11328,CUST11328,Kotak Mahindra Bank,Current,KKBK005519,2020-11-02,Inactive,FALSE,107655.2,TRUE
ACC11329,CUST11329,Kotak Mahindra Bank,Savings,KKBK002424,2019-07-24,Active,FALSE,76622.04,TRUE
ACC11330,CUST11330,HDFC Bank,Savings,HDFC004932,2016-11-07,Active,TRUE,68631.84,FALSE
ACC11331,CUST11331,State Bank of India,Salary,SBIN007946,2023-03-13,Active,TRUE,72879.6,TRUE
ACC11332,CUST11332,Canara Bank,Savings,CNRB009722,2019-07-19,Active,FALSE,42703.67,TRUE
ACC11333,CUST11333,State Bank of India,Salary,SBIN007962,2023-05-29,Active,TRUE,135778.9,TRUE
ACC11334,CUST11334,IDFC FIRST Bank,Salary,IDFB001693,2020-01-12,Inactive,TRUE,46710.95,TRUE
ACC11335,CUST11335,IDFC FIRST Bank,Savings,IDFB004687,2015-11-04,Active,FALSE,19255.43,TRUE
ACC11336,CUST11336,State Bank of India,Current,SBIN007925,2019-04-02,Active,FALSE,89104.65,TRUE
ACC11337,CUST11337,IDFC FIRST Bank,Savings,IDFB002931,2018-05-10,Active,FALSE,37284.08,TRUE
ACC11338,CUST11338,Canara Bank,Savings,CNRB007449,2018-06-02,Active,FALSE,131400.04,TRUE
ACC11339,CUST11339,State Bank of India,Salary,SBIN008586,2020-06-22,Active,TRUE,23913.86,TRUE
ACC11340,CUST11340,Kotak Mahindra Bank,Savings,KKBK006798,2015-01-22,Active,FALSE,92718.46,TRUE
ACC11341,CUST11341,State Bank of India,Current,SBIN002660,2020-07-08,Active,FALSE,70755.37,TRUE
ACC11342,CUST11342,Punjab National Bank,Current,PUNB003029,2015-01-29,Active,FALSE,88845.4,TRUE
ACC11343,CUST11343,Punjab National Bank,Savings,PUNB007132,2019-02-01,Active,TRUE,543176.31,TRUE
ACC11344,CUST11344,Bank of Baroda,Savings,BARB008198,2016-07-26,Active,FALSE,75990.26,TRUE
ACC11345,CUST11345,Union Bank of India,Savings,UBIN004251,2017-02-15,Active,FALSE,35297.19,TRUE
ACC11346,CUST11346,IndusInd Bank,Savings,INDB001517,2022-06-21,Active,TRUE,168800.02,TRUE
ACC11347,CUST11347,Punjab National Bank,Salary,PUNB009012,2020-07-22,Active,TRUE,53009.45,TRUE
ACC11348,CUST11348,Punjab National Bank,Current,PUNB009222,2016-06-22,Active,TRUE,22612.75,TRUE
ACC11349,CUST11349,IDFC FIRST Bank,Savings,IDFB001223,2015-08-02,Active,FALSE,46030.09,FALSE
ACC11350,CUST11350,Union Bank of India,Current,UBIN001131,2020-05-20,Active,TRUE,138111.42,TRUE
ACC11351,CUST11351,ICICI Bank,Savings,ICIC009376,2017-10-18,Active,FALSE,28058.69,TRUE
ACC11352,CUST11352,Union Bank of India,Current,UBIN005052,2017-03-23,Active,FALSE,62980.77,TRUE
ACC11353,CUST11353,YES Bank,Savings,YESB003968,2021-08-18,Active,FALSE,26381.4,TRUE
ACC11354,CUST11354,Punjab National Bank,Savings,PUNB001628,2017-02-26,Active,TRUE,157952.34,TRUE
ACC11355,CUST11355,State Bank of India,Current,SBIN007231,2020-11-20,Active,FALSE,89573.79,TRUE
ACC11356,CUST11356,IndusInd Bank,Current,INDB007980,2015-09-09,Active,FALSE,210165.11,TRUE
ACC11357,CUST11357,Kotak Mahindra Bank,Current,KKBK006751,2017-10-08,Active,FALSE,20800.3,TRUE
ACC11358,CUST11358,State Bank of India,Savings,SBIN006269,2018-03-14,Active,FALSE,48238.9,TRUE
ACC11359,CUST11359,Bank of Baroda,Savings,BARB006956,2018-05-31,Active,FALSE,159070.52,TRUE
ACC11360,CUST11360,ICICI Bank,Savings,ICIC006426,2023-04-25,Active,FALSE,167115.43,TRUE
ACC11361,CUST11361,Axis Bank,Savings,UTIB005521,2021-07-21,Active,FALSE,58121.82,TRUE
ACC11362,CUST11362,HDFC Bank,Salary,HDFC001672,2022-05-04,Active,TRUE,22934.2,TRUE
ACC11363,CUST11363,HDFC Bank,Salary,HDFC002226,2021-12-10,Active,TRUE,259491.09,FALSE
ACC11364,CUST11364,Axis Bank,Savings,UTIB009741,2015-06-29,Active,FALSE,69626.91,TRUE
ACC11365,CUST11365,IDFC FIRST Bank,Savings,IDFB006690,2020-01-11,Active,FALSE,28382.45,TRUE
ACC11366,CUST11366,Bank of Baroda,Salary,BARB007864,2020-08-25,Active,TRUE,57976.37,TRUE
ACC11367,CUST11367,ICICI Bank,Savings,ICIC005745,2021-05-08,Active,FALSE,110887.3,TRUE
ACC11368,CUST11368,Punjab National Bank,Salary,PUNB009110,2020-10-04,Inactive,TRUE,43971.89,TRUE
ACC11369,CUST11369,Punjab National Bank,Current,PUNB007393,2021-10-23,Active,TRUE,56434.68,TRUE
ACC11370,CUST11370,Union Bank of India,Salary,UBIN001145,2020-02-09,Active,TRUE,244950.21,TRUE
ACC11371,CUST11371,Axis Bank,Savings,UTIB005855,2021-03-11,Active,FALSE,41679.54,TRUE
ACC11372,CUST11372,Kotak Mahindra Bank,Savings,KKBK001640,2018-02-11,Active,TRUE,298563.76,TRUE
ACC11373,CUST11373,Axis Bank,Salary,UTIB004440,2016-04-20,Active,TRUE,74123.6,TRUE
ACC11374,CUST11374,IndusInd Bank,Savings,INDB006317,2022-11-29,Active,TRUE,49473.88,TRUE
ACC11375,CUST11375,Kotak Mahindra Bank,Savings,KKBK006318,2022-01-07,Active,FALSE,76351.12,TRUE
ACC11376,CUST11376,Kotak Mahindra Bank,Savings,KKBK003895,2015-03-06,Active,FALSE,61776.71,TRUE
ACC11377,CUST11377,YES Bank,Current,YESB002743,2022-05-02,Active,FALSE,137384.44,TRUE
ACC11378,CUST11378,Bank of Baroda,Savings,BARB004614,2018-01-05,Active,FALSE,332047.6,TRUE
ACC11379,CUST11379,Bank of Baroda,Current,BARB004796,2019-02-18,Active,FALSE,85226.22,TRUE
ACC11380,CUST11380,Bank of Baroda,Savings,BARB004031,2017-02-12,Active,FALSE,146024.39,TRUE
ACC11381,CUST11381,Kotak Mahindra Bank,Savings,KKBK001344,2016-10-29,Active,FALSE,49571.96,TRUE
ACC11382,CUST11382,Axis Bank,Savings,UTIB002137,2015-10-23,Active,FALSE,71121.13,TRUE
ACC11383,CUST11383,Punjab National Bank,Salary,PUNB002642,2016-07-16,Active,TRUE,60597.11,TRUE
ACC11384,CUST11384,Punjab National Bank,Savings,PUNB007291,2016-03-26,Active,FALSE,157095.79,TRUE
ACC11385,CUST11385,Axis Bank,Savings,UTIB002369,2016-08-07,Active,TRUE,236779.4,TRUE
ACC11386,CUST11386,HDFC Bank,Savings,HDFC009886,2022-12-07,Active,TRUE,161126.03,TRUE
ACC11387,CUST11387,ICICI Bank,Savings,ICIC006036,2020-05-15,Active,FALSE,13645.85,TRUE
ACC11388,CUST11388,Canara Bank,Savings,CNRB009906,2015-03-28,Active,FALSE,23273.33,TRUE
ACC11389,CUST11389,IDFC FIRST Bank,Savings,IDFB007804,2015-01-05,Active,FALSE,16579.32,TRUE
ACC11390,CUST11390,ICICI Bank,Savings,ICIC006788,2017-07-14,Active,FALSE,94625.16,TRUE
ACC11391,CUST11391,Union Bank of India,Current,UBIN002841,2016-11-25,Blocked,FALSE,49905.12,FALSE
ACC11392,CUST11392,Kotak Mahindra Bank,Savings,KKBK006854,2021-11-26,Active,FALSE,39246.64,FALSE
ACC11393,CUST11393,HDFC Bank,Salary,HDFC001710,2016-09-10,Active,TRUE,33958.15,TRUE
ACC11394,CUST11394,Canara Bank,Savings,CNRB007967,2022-06-26,Active,FALSE,94427.38,TRUE
ACC11395,CUST11395,Kotak Mahindra Bank,Savings,KKBK009179,2017-12-23,Active,FALSE,38651.15,TRUE
ACC11396,CUST11396,ICICI Bank,Savings,ICIC003401,2016-08-28,Active,FALSE,76944.82,TRUE
ACC11397,CUST11397,Bank of Baroda,Savings,BARB002102,2021-06-24,Active,FALSE,52509.29,TRUE
ACC11398,CUST11398,IndusInd Bank,Savings,INDB003089,2023-08-10,Active,FALSE,60142.38,TRUE
ACC11399,CUST11399,Union Bank of India,Salary,UBIN007782,2023-11-25,Active,TRUE,28207.71,FALSE
ACC11400,CUST11400,Axis Bank,Current,UTIB007278,2021-02-28,Active,FALSE,88354.91,TRUE
ACC11401,CUST11401,Axis Bank,Savings,UTIB007301,2021-07-07,Active,TRUE,199134.38,TRUE
ACC11402,CUST11402,Axis Bank,Savings,UTIB002429,2019-01-21,Active,FALSE,113116.15,TRUE
ACC11403,CUST11403,IDFC FIRST Bank,Savings,IDFB008764,2016-03-27,Active,FALSE,65932.91,TRUE
ACC11404,CUST11404,ICICI Bank,Current,ICIC005828,2016-08-13,Active,FALSE,91883.66,FALSE
ACC11405,CUST11405,Punjab National Bank,Savings,PUNB004973,2017-07-08,Active,TRUE,334478.07,TRUE
ACC11406,CUST11406,Punjab National Bank,Current,PUNB001431,2019-03-03,Active,TRUE,124265.7,TRUE
ACC11407,CUST11407,YES Bank,Savings,YESB003591,2016-08-24,Active,TRUE,58487.16,TRUE
ACC11408,CUST11408,Punjab National Bank,Savings,PUNB003452,2020-04-08,Active,FALSE,106410.74,TRUE
ACC11409,CUST11409,Kotak Mahindra Bank,Current,KKBK008703,2023-02-07,Active,FALSE,81213.63,TRUE
ACC11410,CUST11410,Kotak Mahindra Bank,Savings,KKBK002822,2015-09-03,Active,TRUE,135181.27,TRUE
ACC11411,CUST11411,State Bank of India,Current,SBIN007494,2022-08-16,Inactive,FALSE,63134.96,TRUE
ACC11412,CUST11412,Kotak Mahindra Bank,Savings,KKBK009222,2022-12-15,Active,FALSE,100059.54,TRUE
ACC11413,CUST11413,HDFC Bank,Current,HDFC009544,2016-05-27,Active,FALSE,23719.32,TRUE
ACC11414,CUST11414,Punjab National Bank,Salary,PUNB004009,2021-10-14,Active,TRUE,135453.95,TRUE
ACC11415,CUST11415,IndusInd Bank,Current,INDB007637,2016-11-06,Active,TRUE,199729.96,TRUE
ACC11416,CUST11416,HDFC Bank,Savings,HDFC002274,2021-10-06,Active,FALSE,63868.18,TRUE
ACC11417,CUST11417,ICICI Bank,Savings,ICIC009873,2015-09-25,Active,FALSE,11394.3,TRUE
ACC11418,CUST11418,Axis Bank,Savings,UTIB004305,2017-09-11,Active,FALSE,85633.05,TRUE
ACC11419,CUST11419,YES Bank,Savings,YESB008926,2015-07-16,Active,FALSE,104555.72,TRUE
ACC11420,CUST11420,IndusInd Bank,Current,INDB005626,2020-08-10,Active,FALSE,79823.91,TRUE
ACC11421,CUST11421,ICICI Bank,Savings,ICIC002595,2019-07-27,Active,TRUE,170673.53,TRUE
ACC11422,CUST11422,State Bank of India,Current,SBIN007260,2021-07-29,Active,FALSE,20145.91,TRUE
ACC11423,CUST11423,Canara Bank,Savings,CNRB008587,2022-01-07,Active,FALSE,203455.63,TRUE
ACC11424,CUST11424,Canara Bank,Savings,CNRB003307,2020-08-16,Active,FALSE,88168.85,TRUE
ACC11425,CUST11425,IndusInd Bank,Savings,INDB008331,2018-10-20,Active,FALSE,180310.61,TRUE
ACC11426,CUST11426,Union Bank of India,Savings,UBIN007350,2017-05-05,Blocked,FALSE,208670.31,TRUE
ACC11427,CUST11427,Bank of Baroda,Savings,BARB002595,2016-08-07,Active,FALSE,52911.95,TRUE
ACC11428,CUST11428,HDFC Bank,Savings,HDFC009174,2020-02-06,Active,FALSE,41652.31,TRUE
ACC11429,CUST11429,IndusInd Bank,Savings,INDB006789,2015-10-19,Active,FALSE,109423.28,TRUE
ACC11430,CUST11430,Bank of Baroda,Current,BARB005194,2022-04-17,Active,FALSE,175582.97,TRUE
ACC11431,CUST11431,IndusInd Bank,Current,INDB005696,2019-08-03,Active,FALSE,92193.18,TRUE
ACC11432,CUST11432,IndusInd Bank,Salary,INDB009396,2018-07-08,Active,TRUE,178779.09,TRUE
ACC11433,CUST11433,Kotak Mahindra Bank,Salary,KKBK001699,2022-03-22,Active,TRUE,66502.42,TRUE
ACC11434,CUST11434,IDFC FIRST Bank,Savings,IDFB001130,2016-03-07,Active,FALSE,24590.89,TRUE
ACC11435,CUST11435,HDFC Bank,Current,HDFC004654,2020-03-08,Active,TRUE,140334.78,TRUE
ACC11436,CUST11436,Bank of Baroda,Savings,BARB002787,2017-01-08,Active,FALSE,80896.83,FALSE
ACC11437,CUST11437,Punjab National Bank,Current,PUNB004268,2018-09-08,Active,FALSE,63506.87,TRUE
ACC11438,CUST11438,Axis Bank,Savings,UTIB008802,2018-02-14,Active,FALSE,93013.83,FALSE
ACC11439,CUST11439,ICICI Bank,Savings,ICIC004497,2021-05-16,Active,FALSE,160034.16,FALSE
ACC11440,CUST11440,IndusInd Bank,Current,INDB008046,2017-05-24,Active,FALSE,141572.63,FALSE
ACC11441,CUST11441,Canara Bank,Savings,CNRB007929,2017-10-29,Active,TRUE,36514.03,TRUE
ACC11442,CUST11442,Kotak Mahindra Bank,Current,KKBK008396,2020-11-19,Active,FALSE,66234.26,TRUE
ACC11443,CUST11443,Punjab National Bank,Savings,PUNB006603,2016-11-04,Active,FALSE,49713.2,TRUE
ACC11444,CUST11444,IDFC FIRST Bank,Current,IDFB003632,2018-12-23,Active,TRUE,149616.16,TRUE
ACC11445,CUST11445,YES Bank,Savings,YESB004253,2023-02-08,Active,FALSE,76148.82,FALSE
ACC11446,CUST11446,Union Bank of India,Savings,UBIN006185,2016-09-08,Active,FALSE,67408.55,TRUE
ACC11447,CUST11447,IndusInd Bank,Current,INDB002861,2017-12-12,Active,FALSE,4832.37,TRUE
ACC11448,CUST11448,ICICI Bank,Salary,ICIC008361,2016-02-04,Active,TRUE,106107.43,TRUE
ACC11449,CUST11449,Union Bank of India,Savings,UBIN009947,2021-09-27,Active,FALSE,43123.15,FALSE
ACC11450,CUST11450,Canara Bank,Savings,CNRB001235,2019-01-30,Active,FALSE,53878.03,TRUE
ACC11451,CUST11451,HDFC Bank,Current,HDFC009177,2019-08-23,Active,TRUE,118081.88,TRUE
ACC11452,CUST11452,IndusInd Bank,Savings,INDB002857,2020-02-23,Active,FALSE,29446.19,TRUE
ACC11453,CUST11453,IDFC FIRST Bank,Current,IDFB008141,2018-03-13,Active,FALSE,98598.83,TRUE
ACC11454,CUST11454,YES Bank,Savings,YESB002625,2016-03-01,Active,FALSE,14984.0,FALSE
ACC11455,CUST11455,HDFC Bank,Salary,HDFC009133,2021-02-09,Active,TRUE,71426.93,TRUE
ACC11456,CUST11456,State Bank of India,Current,SBIN005749,2017-05-17,Active,FALSE,52644.47,TRUE
ACC11457,CUST11457,Axis Bank,Savings,UTIB008693,2018-12-07,Inactive,FALSE,141895.33,TRUE
ACC11458,CUST11458,Canara Bank,Savings,CNRB007484,2019-03-15,Active,FALSE,50991.16,TRUE
ACC11459,CUST11459,Canara Bank,Savings,CNRB005333,2023-12-01,Active,FALSE,37283.2,TRUE
ACC11460,CUST11460,State Bank of India,Savings,SBIN001254,2016-09-20,Active,FALSE,174500.73,TRUE
ACC11461,CUST11461,IndusInd Bank,Savings,INDB006490,2021-06-01,Blocked,FALSE,50471.4,FALSE
ACC11462,CUST11462,Axis Bank,Savings,UTIB007444,2023-12-27,Active,TRUE,335564.43,TRUE
ACC11463,CUST11463,Union Bank of India,Current,UBIN003846,2018-07-27,Active,FALSE,82434.73,TRUE
ACC11464,CUST11464,ICICI Bank,Savings,ICIC009261,2022-01-30,Active,FALSE,43524.29,TRUE
ACC11465,CUST11465,Kotak Mahindra Bank,Savings,KKBK003605,2017-04-14,Active,FALSE,5730.73,TRUE
ACC11466,CUST11466,YES Bank,Savings,YESB003507,2021-12-06,Active,FALSE,128213.13,TRUE
ACC11467,CUST11467,Punjab National Bank,Savings,PUNB001414,2020-02-02,Active,FALSE,128261.21,TRUE
ACC11468,CUST11468,Canara Bank,Savings,CNRB004633,2017-03-04,Active,TRUE,176153.84,TRUE
ACC11469,CUST11469,Kotak Mahindra Bank,Savings,KKBK001847,2015-12-06,Active,FALSE,78465.26,TRUE
ACC11470,CUST11470,YES Bank,Savings,YESB002694,2020-02-24,Active,FALSE,20777.7,TRUE
ACC11471,CUST11471,Kotak Mahindra Bank,Savings,KKBK003959,2015-11-13,Active,FALSE,46607.09,TRUE
ACC11472,CUST11472,Punjab National Bank,Current,PUNB002649,2023-12-03,Active,FALSE,20079.12,FALSE
ACC11473,CUST11473,HDFC Bank,Current,HDFC004445,2019-03-18,Active,FALSE,297149.33,TRUE
ACC11474,CUST11474,Kotak Mahindra Bank,Savings,KKBK001166,2022-05-25,Active,FALSE,29847.79,FALSE
ACC11475,CUST11475,IndusInd Bank,Salary,INDB008928,2021-09-23,Active,TRUE,44376.34,TRUE
ACC11476,CUST11476,HDFC Bank,Salary,HDFC004159,2015-05-02,Active,TRUE,95921.6,TRUE
ACC11477,CUST11477,Axis Bank,Savings,UTIB006978,2017-06-07,Active,TRUE,33170.48,TRUE
ACC11478,CUST11478,ICICI Bank,Savings,ICIC005384,2020-05-26,Active,FALSE,13966.13,TRUE
ACC11479,CUST11479,Canara Bank,Current,CNRB005822,2023-05-11,Active,FALSE,25430.98,FALSE
ACC11480,CUST11480,Axis Bank,Savings,UTIB005097,2017-03-21,Active,FALSE,81624.6,TRUE
ACC11481,CUST11481,Punjab National Bank,Salary,PUNB002685,2023-11-23,Active,TRUE,35020.96,TRUE
ACC11482,CUST11482,Union Bank of India,Current,UBIN008992,2020-01-02,Active,FALSE,127806.05,TRUE
ACC11483,CUST11483,YES Bank,Salary,YESB002762,2019-04-18,Active,TRUE,171303.22,TRUE
ACC11484,CUST11484,Canara Bank,Current,CNRB002052,2016-11-16,Active,FALSE,82464.84,TRUE
ACC11485,CUST11485,Punjab National Bank,Salary,PUNB005808,2022-03-27,Inactive,TRUE,325607.85,TRUE
ACC11486,CUST11486,HDFC Bank,Savings,HDFC003947,2019-10-25,Active,TRUE,38336.33,TRUE
ACC11487,CUST11487,IndusInd Bank,Savings,INDB003376,2016-05-15,Active,FALSE,172485.6,TRUE
ACC11488,CUST11488,YES Bank,Savings,YESB006268,2021-04-19,Active,TRUE,81253.72,TRUE
ACC11489,CUST11489,IDFC FIRST Bank,Salary,IDFB005555,2022-07-12,Active,TRUE,69443.55,TRUE
ACC11490,CUST11490,Punjab National Bank,Savings,PUNB006206,2017-03-22,Active,FALSE,109949.62,FALSE
ACC11491,CUST11491,Punjab National Bank,Savings,PUNB002953,2020-01-29,Active,FALSE,43744.98,TRUE
ACC11492,CUST11492,YES Bank,Savings,YESB001348,2015-03-15,Active,FALSE,129180.02,FALSE
ACC11493,CUST11493,Bank of Baroda,Savings,BARB005659,2019-07-08,Active,FALSE,99351.17,TRUE
ACC11494,CUST11494,IndusInd Bank,Savings,INDB001266,2020-04-08,Active,FALSE,220917.79,TRUE
ACC11495,CUST11495,IndusInd Bank,Savings,INDB007559,2021-03-29,Active,FALSE,47945.6,TRUE
ACC11496,CUST11496,Kotak Mahindra Bank,Current,KKBK008447,2022-03-10,Inactive,TRUE,105503.21,TRUE
ACC11497,CUST11497,State Bank of India,Savings,SBIN004670,2015-02-12,Active,FALSE,100900.55,TRUE
ACC11498,CUST11498,Union Bank of India,Savings,UBIN008138,2016-11-28,Active,FALSE,75897.21,TRUE
ACC11499,CUST11499,IDFC FIRST Bank,Savings,IDFB001080,2017-11-29,Active,FALSE,17732.67,TRUE
ACC11500,CUST11500,Kotak Mahindra Bank,Savings,KKBK002229,2018-09-10,Active,FALSE,67997.02,TRUE
