customer_id,first_name,last_name,gender,date_of_birth,phone_number,email,city,state,pincode,employment_type,monthly_income,credit_score,kyc_status
CUST10001,Isaac,Patel,Other,1967-02-14,8332181960,isaac.patel@gmail.com,Mysuru,Karnataka,570323,Self-Employed Professional,44500,584,Verified
CUST10002,Megha,Banerjee,Female,1992-06-07,8026542351,megha.banerjee@gmail.com,Ludhiana,Punjab,141199,Self-Employed Business,101500,875,Verified
CUST10003,Nikhil,Gupta,Male,1990-10-06,8959310341,nikhil.gupta@yahoo.co.in,Hubballi,Karnataka,580489,Self-Employed Business,34000,633,Pending
CUST10004,Varsha,Gowda,Female,1969-03-15,7832764835,varsha.gowda@gmail.com,Surat,Gujarat,395941,Salaried,71500,744,Verified
CUST10005,Aryan,Chatterjee,Other,1983-10-01,9242388496,aryan.chatterjee@rediffmail.com,Kochi,Kerala,682470,Self-Employed Professional,43500,772,Verified
CUST10006,Anvi,Das,Other,1992-10-02,6669784801,anvi.das@rediffmail.com,Howrah,West Bengal,711887,Self-Employed Business,23000,563,Pending
CUST10007,Sneha,Joshi,Female,1988-10-09,6489325288,sneha.joshi@gmail.com,Lucknow,Uttar Pradesh,226600,Salaried,25000,659,Verified
CUST10008,Amit,Kapoor,Male,1987-10-20,6822782489,amit.kapoor@hotmail.com,Ahmedabad,Gujarat,380652,Self-Employed Professional,62000,749,Verified
CUST10009,Archana,Deshmukh,Female,1976-01-30,6509839301,archana.deshmukh@gmail.com,Surat,Gujarat,395169,Salaried,21000,661,Verified
CUST10010,Shweta,Deshmukh,Female,2001-03-13,9631165667,shweta.deshmukh@gmail.com,Hubballi,Karnataka,580162,Freelancer,130500,639,Verified
CUST10011,Divya,Das,Female,1974-03-26,8731781080,divya.das@gmail.com,Vadodara,Gujarat,390270,Freelancer,43500,694,Verified
CUST10012,Nikhil,Nair,Male,2001-03-04,9468723430,nikhil.nair@rediffmail.com,Thane,Maharashtra,400865,Self-Employed Business,16000,712,Verified
CUST10013,Rajesh,Gupta,Male,2004-03-10,7191361939,rajesh.gupta@rediffmail.com,Nagpur,Maharashtra,440734,Salaried,37000,760,Verified
CUST10014,Yash,Jain,Other,1980-02-04,7462475107,yash.jain@rediffmail.com,Hubballi,Karnataka,580175,Self-Employed Professional,44500,686,Verified
CUST10015,Pooja,Joshi,Female,1985-08-28,8980841241,pooja.joshi@gmail.com,Coimbatore,Tamil Nadu,641378,Self-Employed Business,63000,591,Verified
CUST10016,Shweta,Nair,Female,2003-12-15,6164005242,shweta.nair@hotmail.com,Indore,Madhya Pradesh,452674,Salaried,55000,602,Verified
CUST10017,Pankaj,Mehta,Male,1967-11-17,8505331586,pankaj.mehta@rediffmail.com,Coimbatore,Tamil Nadu,641342,Self-Employed Professional,62000,550,Verified
CUST10018,Anjali,Chatterjee,Female,1975-12-24,7754330365,anjali.chatterjee@outlook.com,Bengaluru,Karnataka,560891,Self-Employed Business,33500,877,Verified
CUST10019,Anand,Nair,Male,1974-01-04,8019655698,anand.nair@gmail.com,Ludhiana,Punjab,141690,Self-Employed Professional,20000,729,Pending
CUST10020,Udant,Iyer,Other,1974-11-03,8615951484,udant.iyer@hotmail.com,Lucknow,Uttar Pradesh,226512,Self-Employed Business,47500,748,Pending
CUST10021,Sanjay,Chawla,Male,1979-07-02,9804436995,sanjay.chawla@hotmail.com,Bhopal,Madhya Pradesh,462552,Self-Employed Professional,46500,742,Pending
CUST10022,Liam,Dutta,Other,1981-01-13,6343320037,liam.dutta@rediffmail.com,Bengaluru,Karnataka,560566,Freelancer,104500,761,Verified
CUST10023,Aniket,Gowda,Male,1996-11-05,6163287083,aniket.gowda@gmail.com,Patna,Bihar,800236,Freelancer,200000,857,Pending
CUST10024,Riya,Bhat,Female,1986-01-01,7774348734,riya.bhat@hotmail.com,Bengaluru,Karnataka,560830,Self-Employed Business,30500,627,Verified
CUST10025,Harsh,Kulkarni,Other,1968-11-18,9658760366,harsh.kulkarni@rediffmail.com,Pune,Maharashtra,411977,Freelancer,30500,661,Failed
CUST10026,Sunita,Kapoor,Female,1998-12-15,7734670656,sunita.kapoor@yahoo.co.in,Patna,Bihar,800230,Salaried,113500,735,Verified
CUST10027,Prashant,Joshi,Male,1968-04-03,8653755646,prashant.joshi@outlook.com,Mysuru,Karnataka,570581,Salaried,57000,794,Verified
CUST10028,Gagan,Verma,Other,1999-11-01,6330923271,gagan.verma@rediffmail.com,Ahmedabad,Gujarat,380576,Self-Employed Business,60000,772,Verified
CUST10029,Karan,Patel,Male,1991-12-17,6496631931,karan.patel@outlook.com,New Delhi,Delhi,110915,Salaried,34500,671,Verified
CUST10030,Pankaj,Chatterjee,Male,1970-09-26,9572628498,pankaj.chatterjee@hotmail.com,Patna,Bihar,800546,Self-Employed Business,35500,797,Verified
CUST10031,Vikram,Banerjee,Male,1991-07-25,9507527354,vikram.banerjee@outlook.com,Howrah,West Bengal,711710,Self-Employed Business,49500,650,Verified
CUST10032,Sunita,Deshmukh,Female,1996-12-23,9770143634,sunita.deshmukh@rediffmail.com,Chandigarh,Punjab,160584,Self-Employed Business,33500,626,Verified
CUST10033,Neha,Deshmukh,Female,1971-05-31,7518233749,neha.deshmukh@rediffmail.com,Jaipur,Rajasthan,302202,Self-Employed Professional,33000,611,Verified
CUST10034,Anjali,Verma,Female,1990-10-28,8271094777,anjali.verma@outlook.com,Hyderabad,Telangana,500152,Self-Employed Business,98500,788,Verified
CUST10035,Vandana,Iyer,Female,1968-05-28,7294131869,vandana.iyer@rediffmail.com,Surat,Gujarat,395894,Freelancer,41000,635,Verified
CUST10036,Pahal,Patel,Other,2000-03-19,7341232812,pahal.patel@gmail.com,Thiruvananthapuram,Kerala,695561,Freelancer,34500,811,Verified
CUST10037,Sumit,Deshmukh,Male,1977-11-13,7618324210,sumit.deshmukh@yahoo.co.in,Jodhpur,Rajasthan,342709,Self-Employed Business,40000,662,Verified
CUST10038,Sunita,Chatterjee,Female,1985-08-21,6906594013,sunita.chatterjee@rediffmail.com,Pune,Maharashtra,411883,Self-Employed Business,60000,611,Verified
CUST10039,Isha,Chawla,Female,1985-07-21,9175655125,isha.chawla@hotmail.com,Guwahati,Assam,781395,Freelancer,85500,700,Verified
CUST10040,Vikram,Kumar,Male,2004-10-18,6876038597,vikram.kumar@hotmail.com,Thane,Maharashtra,400308,Self-Employed Business,84500,680,Verified
CUST10041,Siddharth,Dutta,Male,2001-11-08,7248086131,siddharth.dutta@hotmail.com,New Delhi,Delhi,110763,Self-Employed Professional,44000,711,Failed
CUST10042,Shweta,Deshmukh,Female,1986-06-28,7639821465,shweta.deshmukh@rediffmail.com,Howrah,West Bengal,711940,Salaried,33000,708,Verified
CUST10043,Priyanka,Reddy,Female,1990-10-04,9753396360,priyanka.reddy@outlook.com,Bhubaneswar,Odisha,751822,Freelancer,32000,709,Verified
CUST10044,Priya,Patel,Female,2003-11-28,9187026217,priya.patel@outlook.com,Noida,Uttar Pradesh,201738,Freelancer,115000,684,Pending
CUST10045,Sunita,Verma,Female,1993-09-12,6343161172,sunita.verma@outlook.com,Pune,Maharashtra,411147,Self-Employed Business,66000,688,Verified
CUST10046,Swati,Iyer,Female,2001-07-20,7221969379,swati.iyer@yahoo.co.in,Surat,Gujarat,395572,Self-Employed Business,39500,818,Verified
CUST10047,Azad,Bhat,Other,1973-02-01,6759464743,azad.bhat@hotmail.com,Bhubaneswar,Odisha,751209,Self-Employed Professional,37000,611,Verified
CUST10048,Ayushman,Kumar,Other,1978-04-25,6909743953,ayushman.kumar@yahoo.co.in,Kolkata,West Bengal,700794,Self-Employed Professional,155000,740,Verified
CUST10049,Sachin,Singh,Male,1998-11-07,7145623285,sachin.singh@rediffmail.com,Howrah,West Bengal,711950,Self-Employed Professional,15000,696,Pending
CUST10050,Archana,Banerjee,Female,1969-05-18,7368516048,archana.banerjee@gmail.com,Patna,Bihar,800477,Self-Employed Business,69500,837,Verified
CUST10051,Siddharth,Gupta,Male,1994-07-03,9461200471,siddharth.gupta@gmail.com,Vadodara,Gujarat,390650,Self-Employed Professional,37500,724,Pending
CUST10052,Pankaj,Gowda,Male,1970-06-11,9964053773,pankaj.gowda@outlook.com,Hubballi,Karnataka,580802,Self-Employed Business,200000,675,Verified
CUST10053,Yash,Banerjee,Male,1970-02-10,7900532931,yash.banerjee@rediffmail.com,Ahmedabad,Gujarat,380700,Self-Employed Professional,65000,899,Verified
CUST10054,Gaurav,Mehta,Male,1971-10-31,8210205395,gaurav.mehta@gmail.com,Hyderabad,Telangana,500371,Salaried,24000,698,Verified
CUST10055,Prashant,Agarwal,Male,1975-12-09,6847007661,prashant.agarwal@hotmail.com,Bhopal,Madhya Pradesh,462175,Salaried,36500,564,Verified
CUST10056,Priya,Kumar,Female,1992-10-18,8789611836,priya.kumar@hotmail.com,Surat,Gujarat,395523,Self-Employed Business,74000,758,Verified
CUST10057,Girik,Nair,Other,1982-10-16,7711116152,girik.nair@rediffmail.com,Thane,Maharashtra,400700,Self-Employed Business,58000,576,Verified
CUST10058,Tanvi,Rao,Female,1981-10-10,6983273158,tanvi.rao@outlook.com,New Delhi,Delhi,110880,Self-Employed Business,63500,830,Pending
CUST10059,Ananya,Dutta,Female,1995-07-05,8024455022,ananya.dutta@rediffmail.com,Kochi,Kerala,682171,Self-Employed Professional,19500,676,Verified
CUST10060,Pooja,Kapoor,Female,1980-07-20,6022901476,pooja.kapoor@hotmail.com,Bhopal,Madhya Pradesh,462524,Self-Employed Business,25500,684,Pending
CUST10061,Tejas,Chawla,Other,1987-10-30,8036900343,tejas.chawla@yahoo.co.in,Kolkata,West Bengal,700396,Self-Employed Business,21500,698,Verified
CUST10062,Viraj,Deshmukh,Other,1988-06-10,8160607159,viraj.deshmukh@hotmail.com,Kochi,Kerala,682826,Freelancer,32000,830,Pending
CUST10063,Anita,Das,Female,2003-11-19,6369681645,anita.das@yahoo.co.in,Noida,Uttar Pradesh,201897,Self-Employed Professional,15000,715,Failed
CUST10064,Priyanka,Kapoor,Female,2002-09-26,7312432921,priyanka.kapoor@yahoo.co.in,Guwahati,Assam,781575,Freelancer,189000,662,Verified
CUST10065,Vandana,Rao,Female,2001-09-21,8905814770,vandana.rao@gmail.com,Chandigarh,Punjab,160951,Self-Employed Business,106000,711,Verified
CUST10066,Yashasvi,Verma,Other,1986-03-05,7597820715,yashasvi.verma@gmail.com,Hyderabad,Telangana,500140,Self-Employed Professional,47000,468,Verified
CUST10067,Priya,Iyer,Female,1992-10-26,6515186449,priya.iyer@yahoo.co.in,Noida,Uttar Pradesh,201183,Self-Employed Professional,78500,777,Verified
CUST10068,Anita,Rao,Female,1991-01-27,9528168505,anita.rao@outlook.com,Hyderabad,Telangana,500319,Self-Employed Business,101000,663,Verified
CUST10069,Archana,Agarwal,Female,2000-07-31,6592962229,archana.agarwal@yahoo.co.in,Bhopal,Madhya Pradesh,462144,Freelancer,28000,880,Verified
CUST10070,Megha,Rao,Female,2002-04-10,9359774688,megha.rao@hotmail.com,Madurai,Tamil Nadu,625936,Self-Employed Professional,61500,608,Failed
CUST10071,Sunita,Patel,Female,1997-11-29,6412478261,sunita.patel@yahoo.co.in,Bhopal,Madhya Pradesh,462457,Salaried,39000,680,Verified
CUST10072,Megha,Sharma,Female,1980-04-18,6522047277,megha.sharma@rediffmail.com,Mumbai,Maharashtra,400181,Salaried,15000,736,Verified
CUST10073,Archana,Rao,Female,1976-08-29,8103697117,archana.rao@rediffmail.com,Pune,Maharashtra,411747,Self-Employed Professional,59500,722,Pending
CUST10074,Rajesh,Singh,Male,1969-01-13,6670654051,rajesh.singh@outlook.com,Vadodara,Gujarat,390850,Salaried,116500,684,Verified
CUST10075,Vandana,Joshi,Female,2003-04-02,9722170430,vandana.joshi@yahoo.co.in,Nagpur,Maharashtra,440423,Self-Employed Business,168500,718,Failed
CUST10076,Avi,Kulkarni,Other,1978-11-01,8054156676,avi.kulkarni@outlook.com,Hyderabad,Telangana,500608,Freelancer,24000,672,Verified
CUST10077,Pankaj,Dutta,Male,2002-11-21,7845115447,pankaj.dutta@rediffmail.com,Indore,Madhya Pradesh,452270,Freelancer,38500,793,Verified
CUST10078,Vandana,Verma,Female,1969-05-14,9582029702,vandana.verma@gmail.com,Vadodara,Gujarat,390897,Self-Employed Business,41000,701,Verified
CUST10079,Priyanka,Kumar,Female,1980-02-07,8310278681,priyanka.kumar@outlook.com,Kolkata,West Bengal,700820,Freelancer,22000,659,Verified
CUST10080,Isha,Jain,Female,1985-12-19,6551884422,isha.jain@outlook.com,Surat,Gujarat,395224,Self-Employed Professional,63500,708,Verified
CUST10081,Sangeeta,Bhat,Female,1971-10-28,6146786691,sangeeta.bhat@yahoo.co.in,Lucknow,Uttar Pradesh,226757,Salaried,38500,524,Failed
CUST10082,Vandana,Chawla,Female,1974-03-01,7680182422,vandana.chawla@outlook.com,Surat,Gujarat,395454,Self-Employed Business,68500,753,Verified
CUST10083,Rushil,Rao,Other,1993-07-24,6829922995,rushil.rao@rediffmail.com,Nagpur,Maharashtra,440945,Salaried,63000,611,Verified
CUST10084,Oni,Sharma,Other,1988-05-04,8473647102,oni.sharma@hotmail.com,Thiruvananthapuram,Kerala,695595,Freelancer,22000,612,Pending
CUST10085,Ritu,Mehta,Female,2000-02-14,8881537147,ritu.mehta@yahoo.co.in,Coimbatore,Tamil Nadu,641199,Salaried,32000,732,Failed
CUST10086,Yash,Reddy,Male,1991-11-30,8327877470,yash.reddy@gmail.com,Kochi,Kerala,682617,Freelancer,38500,703,Pending
CUST10087,Thomas,Chatterjee,Other,1978-10-26,6162456506,thomas.chatterjee@gmail.com,Warangal,Telangana,506471,Self-Employed Business,19500,763,Verified
CUST10088,Saumya,Dutta,Other,1971-05-01,7165585239,saumya.dutta@rediffmail.com,Kochi,Kerala,682612,Salaried,33000,694,Verified
CUST10089,Kunal,Dutta,Male,1980-04-15,7694958887,kunal.dutta@rediffmail.com,Jodhpur,Rajasthan,342586,Salaried,30500,867,Pending
CUST10090,Arunima,Sharma,Other,1992-10-10,9499309728,arunima.sharma@rediffmail.com,Ludhiana,Punjab,141251,Self-Employed Professional,36000,757,Failed
CUST10091,Shweta,Kapoor,Female,1998-08-18,6283857865,shweta.kapoor@yahoo.co.in,Patna,Bihar,800645,Self-Employed Business,51000,877,Failed
CUST10092,Abeer,Nair,Other,1993-05-14,9334843443,abeer.nair@hotmail.com,Lucknow,Uttar Pradesh,226591,Self-Employed Business,106000,755,Verified
CUST10093,Nathaniel,Bhat,Other,1983-01-12,9524041574,nathaniel.bhat@hotmail.com,Ahmedabad,Gujarat,380306,Self-Employed Business,18000,726,Pending
CUST10094,Megha,Gowda,Female,1976-06-11,6165712082,megha.gowda@hotmail.com,Bhubaneswar,Odisha,751588,Self-Employed Professional,62000,676,Failed
CUST10095,Siddharth,Chawla,Male,1976-06-01,6262067240,siddharth.chawla@gmail.com,Jodhpur,Rajasthan,342681,Salaried,81500,691,Verified
CUST10096,Divya,Agarwal,Female,1986-12-30,8315274205,divya.agarwal@outlook.com,Warangal,Telangana,506279,Freelancer,84000,656,Verified
CUST10097,Aarav,Nair,Male,1983-03-17,7745499045,aarav.nair@yahoo.co.in,Thane,Maharashtra,400783,Salaried,42500,786,Verified
CUST10098,Tanvi,Deshmukh,Female,1975-10-31,7727956878,tanvi.deshmukh@yahoo.co.in,Vadodara,Gujarat,390796,Salaried,46500,466,Verified
CUST10099,Yash,Bhat,Male,1988-09-03,7982258713,yash.bhat@rediffmail.com,Guwahati,Assam,781193,Freelancer,75500,713,Verified
CUST10100,Sangeeta,Iyer,Female,2002-03-13,8064039106,sangeeta.iyer@outlook.com,Bengaluru,Karnataka,560654,Salaried,30500,746,Verified
CUST10101,Ritu,Kumar,Female,1969-08-07,7512868230,ritu.kumar@gmail.com,Jodhpur,Rajasthan,342574,Freelancer,52500,653,Verified
CUST10102,Vikas,Patel,Male,1967-06-12,9903311907,vikas.patel@rediffmail.com,Thane,Maharashtra,400350,Salaried,39500,579,Verified
CUST10103,Yash,Kapoor,Male,1991-11-04,8995342836,yash.kapoor@outlook.com,Howrah,West Bengal,711162,Self-Employed Professional,54500,686,Pending
CUST10104,Pahal,Kumar,Other,2001-04-01,8662462873,pahal.kumar@yahoo.co.in,Jodhpur,Rajasthan,342978,Self-Employed Professional,200000,719,Verified
CUST10105,Kavita,Reddy,Female,1995-01-04,6751830469,kavita.reddy@rediffmail.com,Nagpur,Maharashtra,440994,Salaried,15000,784,Verified
CUST10106,Kunal,Rao,Male,1966-09-09,7317393638,kunal.rao@outlook.com,Jaipur,Rajasthan,302489,Freelancer,46500,638,Verified
CUST10107,Archana,Kapoor,Female,1987-01-23,8355609320,archana.kapoor@outlook.com,Thiruvananthapuram,Kerala,695402,Self-Employed Professional,30500,723,Verified
CUST10108,Harini,Iyer,Other,1981-02-21,8777252287,harini.iyer@yahoo.co.in,Thane,Maharashtra,400636,Salaried,50500,644,Verified
CUST10109,Anjali,Dutta,Female,1994-08-10,9700886008,anjali.dutta@outlook.com,Jaipur,Rajasthan,302117,Freelancer,29500,730,Verified
CUST10110,Anita,Singh,Female,1984-03-19,9933410166,anita.singh@hotmail.com,Bhubaneswar,Odisha,751157,Salaried,54500,851,Verified
CUST10111,Archana,Agarwal,Female,1967-11-29,7397401489,archana.agarwal@gmail.com,Hyderabad,Telangana,500970,Self-Employed Business,28500,774,Pending
CUST10112,Priya,Kumar,Female,1999-11-23,7185016315,priya.kumar@rediffmail.com,Kochi,Kerala,682892,Self-Employed Business,24000,678,Pending
CUST10113,Anita,Dutta,Female,1979-04-02,7114262655,anita.dutta@gmail.com,Mysuru,Karnataka,570105,Self-Employed Business,35500,687,Verified
CUST10114,Archana,Sharma,Female,1970-01-08,8819956046,archana.sharma@hotmail.com,Mysuru,Karnataka,570842,Self-Employed Professional,48000,689,Verified
CUST10115,Shweta,Mehta,Female,1968-11-02,7646471543,shweta.mehta@hotmail.com,Warangal,Telangana,506568,Salaried,24000,582,Verified
CUST10116,Riya,Gowda,Female,1992-08-30,7459375265,riya.gowda@outlook.com,Guwahati,Assam,781689,Self-Employed Professional,35500,775,Verified
CUST10117,Sachin,Bhat,Male,1974-01-26,6737416724,sachin.bhat@yahoo.co.in,Kolkata,West Bengal,700774,Self-Employed Professional,116000,704,Verified
CUST10118,Arunima,Das,Other,1990-05-22,6589113529,arunima.das@gmail.com,Kochi,Kerala,682870,Self-Employed Business,96000,713,Verified
CUST10119,Nachiket,Chawla,Other,1975-12-01,9567982507,nachiket.chawla@gmail.com,Jaipur,Rajasthan,302525,Salaried,27000,701,Verified
CUST10120,Shweta,Patel,Female,1985-08-27,9514010512,shweta.patel@yahoo.co.in,Hyderabad,Telangana,500665,Self-Employed Professional,33500,682,Pending
CUST10121,Arjun,Gowda,Male,1995-06-27,9609379660,arjun.gowda@yahoo.co.in,Ahmedabad,Gujarat,380385,Salaried,64000,718,Verified
CUST10122,Archana,Nair,Female,1996-02-01,9859696915,archana.nair@outlook.com,Patna,Bihar,800732,Self-Employed Professional,121500,633,Verified
CUST10123,Tanveer,Mehta,Other,1980-01-19,6341252866,tanveer.mehta@rediffmail.com,Chennai,Tamil Nadu,600688,Freelancer,38500,777,Verified
CUST10124,Isha,Chatterjee,Female,1978-12-16,7257905072,isha.chatterjee@yahoo.co.in,Ludhiana,Punjab,141675,Freelancer,37500,765,Verified
CUST10125,Sachin,Sharma,Male,2001-09-13,7404384279,sachin.sharma@hotmail.com,New Delhi,Delhi,110686,Salaried,27500,866,Verified
CUST10126,Kavita,Das,Female,1970-08-05,7407451713,kavita.das@yahoo.co.in,Kanpur,Uttar Pradesh,208981,Freelancer,31000,656,Verified
CUST10127,Priyanka,Bhat,Female,1978-08-11,7544948126,priyanka.bhat@gmail.com,Howrah,West Bengal,711987,Self-Employed Professional,55000,633,Verified
CUST10128,Gayathri,Kumar,Other,1987-12-16,7946671168,gayathri.kumar@outlook.com,Chandigarh,Punjab,160565,Freelancer,116500,772,Pending
CUST10129,Harsh,Singh,Other,2004-02-19,6863637454,harsh.singh@outlook.com,Chennai,Tamil Nadu,600679,Freelancer,92000,618,Verified
CUST10130,Tushar,Mehta,Male,1995-02-27,8241541520,tushar.mehta@hotmail.com,Jodhpur,Rajasthan,342843,Self-Employed Professional,41000,634,Verified
CUST10131,Sachin,Deshmukh,Male,1989-04-20,9005162713,sachin.deshmukh@hotmail.com,Mysuru,Karnataka,570848,Salaried,24500,662,Failed
CUST10132,Siddharth,Iyer,Male,1972-05-29,6890927532,siddharth.iyer@hotmail.com,Bhopal,Madhya Pradesh,462980,Self-Employed Professional,79000,678,Verified
CUST10133,George,Gupta,Other,1977-02-17,8043898364,george.gupta@gmail.com,Vadodara,Gujarat,390606,Freelancer,21500,739,Verified
CUST10134,Priya,Mehta,Female,1983-05-09,9582710910,priya.mehta@outlook.com,Ahmedabad,Gujarat,380140,Salaried,89500,601,Failed
CUST10135,Riya,Jain,Female,1984-01-17,6889241418,riya.jain@yahoo.co.in,Coimbatore,Tamil Nadu,641649,Self-Employed Business,33500,862,Verified
CUST10136,Riya,Kapoor,Female,2003-12-21,7031617990,riya.kapoor@outlook.com,Hyderabad,Telangana,500222,Salaried,85500,725,Pending
CUST10137,Isha,Singh,Female,1971-09-11,8105648149,isha.singh@gmail.com,Guwahati,Assam,781566,Self-Employed Business,30500,738,Pending
CUST10138,Ananya,Verma,Female,2004-07-08,6307562208,ananya.verma@hotmail.com,Surat,Gujarat,395429,Self-Employed Professional,33500,673,Verified
CUST10139,Rajesh,Iyer,Male,1968-05-12,7380617445,rajesh.iyer@gmail.com,Patna,Bihar,800108,Self-Employed Business,23000,634,Verified
CUST10140,Swati,Chatterjee,Female,2000-08-28,7832060385,swati.chatterjee@gmail.com,Noida,Uttar Pradesh,201101,Freelancer,148500,587,Verified
CUST10141,Shweta,Verma,Female,1972-05-21,8103865719,shweta.verma@gmail.com,Chennai,Tamil Nadu,600752,Freelancer,17500,445,Verified
CUST10142,Neha,Reddy,Female,2001-12-03,9557431329,neha.reddy@gmail.com,Coimbatore,Tamil Nadu,641208,Self-Employed Professional,41500,623,Failed
CUST10143,Prashant,Rao,Male,1986-10-14,8112490352,prashant.rao@gmail.com,Vadodara,Gujarat,390464,Freelancer,46000,595,Verified
CUST10144,Sunita,Deshmukh,Female,1970-04-01,9121003236,sunita.deshmukh@outlook.com,Mysuru,Karnataka,570696,Self-Employed Business,91500,761,Verified
CUST10145,Arjun,Chawla,Male,1985-06-06,9706625324,arjun.chawla@outlook.com,Bhopal,Madhya Pradesh,462252,Salaried,59000,752,Verified
CUST10146,Anjali,Gupta,Female,1978-07-20,9263838065,anjali.gupta@hotmail.com,Guwahati,Assam,781452,Self-Employed Business,39000,676,Failed
CUST10147,Anjali,Chatterjee,Female,1989-10-01,8932133480,anjali.chatterjee@yahoo.co.in,Ludhiana,Punjab,141463,Self-Employed Professional,21000,857,Verified
CUST10148,Tushar,Jain,Male,1981-10-10,7937842701,tushar.jain@gmail.com,Surat,Gujarat,395716,Self-Employed Professional,18500,646,Failed
CUST10149,Kunal,Jain,Male,1973-12-17,8002921851,kunal.jain@outlook.com,Kochi,Kerala,682700,Salaried,35500,684,Verified
CUST10150,Lajita,Reddy,Other,1973-10-25,8392644220,lajita.reddy@rediffmail.com,Kochi,Kerala,682971,Salaried,28500,825,Pending
CUST10151,Archana,Chatterjee,Female,1972-04-23,8135521570,archana.chatterjee@outlook.com,Ahmedabad,Gujarat,380355,Salaried,23000,743,Verified
CUST10152,Gunbir,Das,Other,1973-06-18,9765861793,gunbir.das@yahoo.co.in,Bhopal,Madhya Pradesh,462175,Salaried,33500,632,Pending
CUST10153,Rohan,Gupta,Male,1981-02-27,9062962015,rohan.gupta@yahoo.co.in,Warangal,Telangana,506519,Self-Employed Business,55000,612,Verified
CUST10154,Divya,Verma,Female,1982-03-09,6614973103,divya.verma@yahoo.co.in,Jaipur,Rajasthan,302183,Freelancer,71000,680,Pending
CUST10155,Anita,Gowda,Female,1990-05-29,9256527047,anita.gowda@hotmail.com,Kolkata,West Bengal,700331,Self-Employed Business,47500,741,Pending
CUST10156,Sunita,Das,Female,1999-12-07,7806868793,sunita.das@hotmail.com,Jodhpur,Rajasthan,342180,Freelancer,45000,845,Verified
CUST10157,Anand,Banerjee,Male,1973-10-03,7332061632,anand.banerjee@rediffmail.com,Kolkata,West Bengal,700427,Salaried,18500,762,Verified
CUST10158,Ananya,Jain,Female,1993-12-13,9162299911,ananya.jain@rediffmail.com,Hubballi,Karnataka,580904,Self-Employed Business,72000,762,Verified
CUST10159,Arjun,Nair,Male,1984-01-29,7996065307,arjun.nair@outlook.com,Chandigarh,Punjab,160120,Self-Employed Business,68000,646,Pending
CUST10160,Jagrati,Patel,Other,2004-12-23,7247546913,jagrati.patel@hotmail.com,Ahmedabad,Gujarat,380943,Freelancer,114000,712,Verified
CUST10161,Hemangini,Agarwal,Other,1984-02-05,7890233030,hemangini.agarwal@hotmail.com,Thane,Maharashtra,400469,Self-Employed Professional,15000,712,Verified
CUST10162,Aishani,Sharma,Other,1976-11-07,8797279855,aishani.sharma@yahoo.co.in,Kolkata,West Bengal,700866,Salaried,32000,595,Verified
CUST10163,Siddharth,Deshmukh,Male,1996-05-26,7468007229,siddharth.deshmukh@gmail.com,Surat,Gujarat,395358,Self-Employed Business,88500,804,Verified
CUST10164,Pooja,Iyer,Female,1989-05-10,9910858994,pooja.iyer@outlook.com,Hubballi,Karnataka,580593,Salaried,36000,674,Pending
CUST10165,Caleb,Gowda,Other,1979-05-28,7283096520,caleb.gowda@hotmail.com,Jaipur,Rajasthan,302365,Freelancer,31500,780,Pending
CUST10166,Sumit,Bhat,Male,1994-08-20,9584282417,sumit.bhat@yahoo.co.in,Kolkata,West Bengal,700842,Self-Employed Professional,53500,607,Verified
CUST10167,Swati,Rao,Female,1986-10-21,6709991738,swati.rao@gmail.com,Ludhiana,Punjab,141642,Self-Employed Business,23500,681,Verified
CUST10168,Kavita,Joshi,Female,1991-11-07,7712966667,kavita.joshi@hotmail.com,Mumbai,Maharashtra,400138,Self-Employed Professional,45500,679,Verified
CUST10169,Pooja,Joshi,Female,1968-12-05,6447898562,pooja.joshi@outlook.com,Guwahati,Assam,781467,Self-Employed Professional,44500,858,Verified
CUST10170,Tripti,Nair,Other,2000-08-06,6901001676,tripti.nair@gmail.com,Kolkata,West Bengal,700585,Self-Employed Professional,18500,586,Verified
CUST10171,Jeet,Agarwal,Other,1978-02-10,7618914117,jeet.agarwal@yahoo.co.in,Warangal,Telangana,506896,Self-Employed Business,35500,600,Verified
CUST10172,Kritika,Chatterjee,Other,1980-10-30,7001197218,kritika.chatterjee@gmail.com,Hubballi,Karnataka,580362,Self-Employed Professional,15000,673,Failed
CUST10173,Aditya,Rao,Male,1982-02-27,8611002255,aditya.rao@hotmail.com,Howrah,West Bengal,711999,Salaried,37000,616,Verified
CUST10174,Ritu,Jain,Female,2004-02-28,9621202169,ritu.jain@hotmail.com,Bhopal,Madhya Pradesh,462285,Freelancer,87500,705,Verified
CUST10175,Anjali,Gupta,Female,1977-09-26,8089935889,anjali.gupta@gmail.com,Indore,Madhya Pradesh,452777,Self-Employed Professional,42000,734,Failed
CUST10176,Tanvi,Verma,Female,1966-07-10,7877217535,tanvi.verma@outlook.com,Thane,Maharashtra,400619,Self-Employed Professional,48000,690,Verified
CUST10177,Sangeeta,Reddy,Female,1971-04-29,9016608801,sangeeta.reddy@rediffmail.com,Jodhpur,Rajasthan,342620,Self-Employed Professional,58000,577,Failed
CUST10178,Prashant,Reddy,Male,1991-02-16,9571130554,prashant.reddy@rediffmail.com,Chandigarh,Punjab,160818,Salaried,15000,746,Verified
CUST10179,Deepak,Patel,Male,2004-03-24,9373516091,deepak.patel@hotmail.com,Patna,Bihar,800774,Self-Employed Professional,73000,686,Verified
CUST10180,Tushar,Chawla,Male,1973-10-16,7169958669,tushar.chawla@yahoo.co.in,Howrah,West Bengal,711507,Self-Employed Business,100000,618,Pending
CUST10181,Farhan,Agarwal,Other,1979-05-30,8833394522,farhan.agarwal@rediffmail.com,Lucknow,Uttar Pradesh,226827,Salaried,78000,900,Pending
CUST10182,Varsha,Kapoor,Female,2003-09-29,8608106200,varsha.kapoor@yahoo.co.in,Howrah,West Bengal,711868,Self-Employed Professional,62000,719,Verified
CUST10183,Sanjay,Iyer,Male,1999-03-04,7863840666,sanjay.iyer@outlook.com,Thane,Maharashtra,400113,Self-Employed Business,81500,600,Pending
CUST10184,Chaaya,Singh,Other,1999-11-15,7347212281,chaaya.singh@hotmail.com,Nagpur,Maharashtra,440538,Self-Employed Business,47000,726,Verified
CUST10185,Divya,Verma,Female,1972-11-23,8909479851,divya.verma@outlook.com,Surat,Gujarat,395288,Salaried,61000,720,Verified
CUST10186,Deepak,Iyer,Male,1980-11-20,8543987801,deepak.iyer@outlook.com,Bhopal,Madhya Pradesh,462346,Self-Employed Professional,88000,718,Verified
CUST10187,Sneha,Agarwal,Female,1985-12-27,9043581128,sneha.agarwal@rediffmail.com,Mumbai,Maharashtra,400741,Salaried,21000,577,Failed
CUST10188,Deepak,Bhat,Male,2003-03-06,9120750110,deepak.bhat@yahoo.co.in,Kolkata,West Bengal,700671,Salaried,48500,652,Pending
CUST10189,Riya,Reddy,Female,1966-10-04,9180919015,riya.reddy@rediffmail.com,Hubballi,Karnataka,580396,Self-Employed Business,51000,810,Failed
CUST10190,Janaki,Sharma,Other,1987-04-06,7832684245,janaki.sharma@gmail.com,Coimbatore,Tamil Nadu,641226,Salaried,86000,596,Pending
CUST10191,Kavita,Das,Female,1994-12-22,7223943129,kavita.das@gmail.com,Patna,Bihar,800760,Salaried,36000,707,Verified
CUST10192,Rehaan,Gowda,Other,1976-07-09,6491357759,rehaan.gowda@outlook.com,Coimbatore,Tamil Nadu,641679,Self-Employed Business,28000,854,Pending
CUST10193,Neha,Singh,Female,1972-01-10,8777547812,neha.singh@rediffmail.com,Mysuru,Karnataka,570961,Self-Employed Business,65500,717,Pending
CUST10194,Vikas,Gupta,Male,1966-11-02,6996930848,vikas.gupta@rediffmail.com,Bhubaneswar,Odisha,751769,Self-Employed Professional,37500,858,Verified
CUST10195,Prashant,Agarwal,Male,1988-11-23,6658039282,prashantagarwal32@yahoo.co.in,Coimbatore,Tamil Nadu,641853,Freelancer,61000,665,Pending
CUST10196,Rajesh,Singh,Male,1983-05-30,9700518449,rajesh.singh@rediffmail.com,Hyderabad,Telangana,500485,Freelancer,30500,811,Verified
CUST10197,Rajesh,Kumar,Male,1981-10-30,8779082723,rajesh.kumar@gmail.com,Howrah,West Bengal,711316,Self-Employed Professional,28000,745,Verified
CUST10198,Priya,Kapoor,Female,1971-01-31,9773926030,priya.kapoor@yahoo.co.in,Madurai,Tamil Nadu,625237,Salaried,68500,714,Verified
CUST10199,Ekaraj,Sharma,Other,1998-04-12,8137977236,ekaraj.sharma@rediffmail.com,Coimbatore,Tamil Nadu,641913,Self-Employed Professional,56500,555,Verified
CUST10200,Swati,Gupta,Female,1976-04-23,9621038862,swati.gupta@rediffmail.com,Hubballi,Karnataka,580281,Freelancer,114500,827,Failed
CUST10201,Amit,Chatterjee,Male,1995-07-31,7980686508,amit.chatterjee@hotmail.com,Surat,Gujarat,395921,Freelancer,69000,760,Failed
CUST10202,Chakradev,Chawla,Other,1970-05-20,9247314986,chakradev.chawla@outlook.com,Warangal,Telangana,506105,Salaried,48000,750,Verified
CUST10203,Aniket,Das,Male,1995-03-25,8486959463,aniket.das@hotmail.com,Bhubaneswar,Odisha,751283,Self-Employed Business,49500,776,Verified
CUST10204,Vedant,Patel,Other,1999-07-19,7721386589,vedant.patel@gmail.com,Madurai,Tamil Nadu,625498,Salaried,41500,628,Verified
CUST10205,Sanjay,Verma,Male,1998-07-02,9698490277,sanjay.verma@gmail.com,Warangal,Telangana,506970,Self-Employed Business,15000,715,Verified
CUST10206,Sumit,Verma,Male,1982-02-19,7021465669,sumit.verma@yahoo.co.in,Mumbai,Maharashtra,400854,Salaried,106500,784,Verified
CUST10207,Priyanka,Nair,Female,1976-02-25,7769042681,priyanka.nair@rediffmail.com,Bengaluru,Karnataka,560615,Self-Employed Business,37500,712,Verified
CUST10208,Neha,Jain,Female,1985-11-11,9973577907,neha.jain@gmail.com,Kolkata,West Bengal,700169,Freelancer,55000,712,Failed
CUST10209,Megha,Rao,Female,1970-03-04,9518275539,megha.rao@outlook.com,Hyderabad,Telangana,500864,Self-Employed Professional,44500,656,Verified
CUST10210,Priyanka,Mehta,Female,2000-12-10,6117908075,priyanka.mehta@rediffmail.com,Lucknow,Uttar Pradesh,226604,Self-Employed Business,25500,794,Verified
CUST10211,Divya,Verma,Female,1989-08-01,9780856271,divya.verma@rediffmail.com,Patna,Bihar,800423,Salaried,49500,732,Verified
CUST10212,Megha,Nair,Female,1987-02-22,8527636556,megha.nair@outlook.com,Bhopal,Madhya Pradesh,462284,Self-Employed Professional,128500,809,Failed
CUST10213,Kavita,Mehta,Female,2001-11-20,7702672885,kavita.mehta@hotmail.com,Jodhpur,Rajasthan,342356,Salaried,32500,700,Verified
CUST10214,Bimala,Reddy,Other,1977-08-27,8588450615,bimala.reddy@rediffmail.com,Warangal,Telangana,506690,Self-Employed Professional,83500,657,Failed
CUST10215,Fariq,Banerjee,Other,1969-07-08,9947225699,fariq.banerjee@hotmail.com,Bengaluru,Karnataka,560181,Self-Employed Professional,36000,787,Verified
CUST10216,Viraj,Kumar,Other,1978-03-03,9598762202,viraj.kumar@yahoo.co.in,Kolkata,West Bengal,700861,Salaried,28000,705,Failed
CUST10217,Sneha,Gupta,Female,1970-08-30,8921643347,sneha.gupta@yahoo.co.in,Chennai,Tamil Nadu,600639,Self-Employed Professional,73500,571,Verified
CUST10218,Sunita,Banerjee,Female,1972-01-23,7997968845,sunita.banerjee@hotmail.com,Surat,Gujarat,395924,Salaried,40500,659,Verified
CUST10219,Divya,Singh,Female,1978-11-12,9807740649,divya.singh@yahoo.co.in,Mumbai,Maharashtra,400661,Self-Employed Business,41000,798,Failed
CUST10220,Megha,Nair,Female,1969-07-21,9389448463,megha.nair@gmail.com,Hyderabad,Telangana,500239,Self-Employed Business,22500,687,Verified
CUST10221,Kunal,Sharma,Male,1972-10-28,6802144270,kunal.sharma@yahoo.co.in,Mysuru,Karnataka,570254,Salaried,44000,572,Verified
CUST10222,Anjali,Reddy,Female,1969-08-07,7046187234,anjali.reddy@hotmail.com,Mumbai,Maharashtra,400224,Self-Employed Professional,15000,532,Verified
CUST10223,Ritu,Iyer,Female,1980-01-01,8208814743,ritu.iyer@outlook.com,Thane,Maharashtra,400984,Self-Employed Professional,41500,813,Verified
CUST10224,Aarav,Verma,Male,1992-01-25,9925132719,aarav.verma@outlook.com,Thane,Maharashtra,400161,Self-Employed Business,70000,758,Verified
CUST10225,Sunita,Gowda,Female,1999-12-11,8730652407,sunita.gowda@hotmail.com,Jaipur,Rajasthan,302655,Freelancer,31000,626,Verified
CUST10226,Sunita,Joshi,Female,1969-02-02,7744857086,sunita.joshi@yahoo.co.in,Pune,Maharashtra,411734,Self-Employed Business,62500,804,Verified
CUST10227,Kavita,Agarwal,Female,1996-08-24,9829456511,kavita.agarwal@rediffmail.com,Bengaluru,Karnataka,560144,Self-Employed Professional,28000,678,Verified
CUST10228,Harrison,Chawla,Other,1977-06-25,6539103717,harrison.chawla@gmail.com,Chandigarh,Punjab,160671,Freelancer,49000,623,Verified
CUST10229,Lajita,Deshmukh,Other,1989-11-06,9338392886,lajita.deshmukh@gmail.com,Kanpur,Uttar Pradesh,208790,Freelancer,62000,724,Pending
CUST10230,Rohan,Dutta,Male,1985-11-15,8585566593,rohan.dutta@rediffmail.com,Ahmedabad,Gujarat,380484,Self-Employed Business,35000,615,Verified
CUST10231,Divya,Rao,Female,1966-04-18,8335048889,divya.rao@rediffmail.com,Coimbatore,Tamil Nadu,641196,Salaried,42500,660,Verified
CUST10232,Sachin,Kumar,Male,1991-07-12,7157279194,sachin.kumar@gmail.com,Ludhiana,Punjab,141180,Salaried,80500,807,Failed
CUST10233,Vikram,Deshmukh,Male,1999-07-16,6604805892,vikram.deshmukh@outlook.com,Surat,Gujarat,395256,Salaried,48000,663,Verified
CUST10234,Kunal,Gupta,Male,1987-05-07,6864168622,kunal.gupta@hotmail.com,Warangal,Telangana,506599,Freelancer,53000,773,Verified
CUST10235,Amit,Nair,Male,2000-11-04,9591166553,amit.nair@outlook.com,Kanpur,Uttar Pradesh,208708,Salaried,60500,587,Failed
CUST10236,Tanvi,Mehta,Female,1985-10-04,6335211039,tanvi.mehta@yahoo.co.in,Jaipur,Rajasthan,302114,Self-Employed Business,54500,702,Verified
CUST10237,Arunima,Bhat,Other,1975-07-04,7884879206,arunima.bhat@rediffmail.com,Nagpur,Maharashtra,440361,Self-Employed Professional,26500,749,Verified
CUST10238,Sudiksha,Sharma,Other,1968-12-27,9451046368,sudiksha.sharma@gmail.com,Lucknow,Uttar Pradesh,226596,Salaried,24500,626,Verified
CUST10239,Devendra,Agarwal,Male,1979-09-05,8762055543,devendra.agarwal@rediffmail.com,Howrah,West Bengal,711931,Salaried,118000,672,Verified
CUST10240,Janya,Mehta,Other,1969-12-09,9893639264,janya.mehta@rediffmail.com,Noida,Uttar Pradesh,201559,Self-Employed Professional,32000,740,Failed
CUST10241,Karan,Jain,Male,1997-08-18,7629251881,karan.jain@yahoo.co.in,Lucknow,Uttar Pradesh,226959,Self-Employed Professional,110500,804,Verified
CUST10242,Sangeeta,Kapoor,Female,2002-11-10,8231220994,sangeeta.kapoor@rediffmail.com,Surat,Gujarat,395710,Self-Employed Professional,41000,634,Verified
CUST10243,Arjun,Kulkarni,Male,1976-02-25,6604633312,arjun.kulkarni@hotmail.com,Guwahati,Assam,781804,Self-Employed Business,32500,799,Pending
CUST10244,Ritu,Dutta,Female,1999-04-22,6817703886,ritu.dutta@gmail.com,Ludhiana,Punjab,141628,Salaried,26500,672,Verified
CUST10245,Anjali,Jain,Female,1989-03-11,7771812982,anjali.jain@hotmail.com,Thiruvananthapuram,Kerala,695431,Freelancer,19500,637,Pending
CUST10246,Tushar,Kapoor,Male,1971-07-18,6175186892,tushar.kapoor@hotmail.com,Ludhiana,Punjab,141144,Self-Employed Professional,108500,737,Failed
CUST10247,Arjun,Jain,Male,1968-04-20,9447421230,arjun.jain@rediffmail.com,Kolkata,West Bengal,700112,Freelancer,44000,824,Verified
CUST10248,Deepak,Chawla,Male,1995-08-01,9767199038,deepak.chawla@outlook.com,Ahmedabad,Gujarat,380150,Self-Employed Professional,17000,860,Verified
CUST10249,Anita,Verma,Female,1970-11-20,9224999827,anita.verma@rediffmail.com,Chandigarh,Punjab,160136,Salaried,64500,590,Verified
CUST10250,Nicholas,Nair,Other,1980-10-07,9833901981,nicholas.nair@hotmail.com,Jaipur,Rajasthan,302537,Self-Employed Business,26000,900,Verified
CUST10251,Shweta,Agarwal,Female,1998-09-16,9729343010,shweta.agarwal@hotmail.com,New Delhi,Delhi,110855,Self-Employed Professional,39500,734,Verified
CUST10252,Kamala,Kulkarni,Other,1996-12-14,8414488501,kamala.kulkarni@outlook.com,Noida,Uttar Pradesh,201505,Salaried,65500,704,Verified
CUST10253,Isha,Mehta,Other,1987-08-07,7785760849,isha.mehta@outlook.com,Pune,Maharashtra,411313,Self-Employed Business,94000,670,Failed
CUST10254,Priya,Jain,Female,1967-06-03,8617357438,priya.jain@outlook.com,Hyderabad,Telangana,500214,Self-Employed Business,148500,818,Verified
CUST10255,Sneha,Mehta,Female,1974-07-14,8784521823,sneha.mehta@gmail.com,Patna,Bihar,800496,Salaried,68500,597,Verified
CUST10256,Rajesh,Iyer,Male,1999-06-12,8094353344,rajesh.iyer@rediffmail.com,Lucknow,Uttar Pradesh,226891,Freelancer,55500,653,Verified
CUST10257,Sneha,Patel,Female,1975-04-08,8854249321,sneha.patel@outlook.com,Noida,Uttar Pradesh,201653,Freelancer,39500,656,Verified
CUST10258,Shaurya,Jain,Other,1997-05-16,9954538179,shaurya.jain@yahoo.co.in,Mysuru,Karnataka,570932,Freelancer,25500,800,Verified
CUST10259,Devendra,Mehta,Male,2004-08-17,8562557701,devendra.mehta@hotmail.com,New Delhi,Delhi,110459,Freelancer,42500,808,Verified
CUST10260,Archana,Kumar,Female,2002-09-03,6581487696,archana.kumar@yahoo.co.in,Vadodara,Gujarat,390661,Self-Employed Professional,91500,585,Verified
CUST10261,Riya,Chawla,Female,2001-04-26,8832197199,riya.chawla@hotmail.com,Lucknow,Uttar Pradesh,226668,Salaried,64000,773,Verified
CUST10262,Amara,Iyer,Other,1968-10-04,6329022784,amara.iyer@hotmail.com,Bhopal,Madhya Pradesh,462300,Self-Employed Professional,57000,828,Verified
CUST10263,Priyanka,Gupta,Female,1992-02-21,6986240580,priyanka.gupta@gmail.com,Kanpur,Uttar Pradesh,208212,Self-Employed Business,69500,758,Verified
CUST10264,Ekbal,Kumar,Other,1984-03-19,9683272386,ekbal.kumar@outlook.com,Thiruvananthapuram,Kerala,695257,Self-Employed Business,43500,745,Verified
CUST10265,Onveer,Dutta,Other,1985-02-04,7786876532,onveer.dutta@hotmail.com,Mumbai,Maharashtra,400691,Freelancer,68000,710,Verified
CUST10266,Priyanka,Verma,Female,1967-09-13,9519712847,priyanka.verma@rediffmail.com,Mysuru,Karnataka,570635,Salaried,23000,782,Pending
CUST10267,Yash,Bhat,Other,2001-10-20,8905807787,yashbhat63@outlook.com,Kanpur,Uttar Pradesh,208917,Self-Employed Business,36000,785,Verified
CUST10268,Nihal,Chatterjee,Other,1991-12-08,7904904712,nihal.chatterjee@rediffmail.com,Bengaluru,Karnataka,560971,Self-Employed Business,24000,665,Pending
CUST10269,Sanjay,Joshi,Male,1992-07-18,7752437280,sanjay.joshi@outlook.com,Mysuru,Karnataka,570248,Self-Employed Professional,161000,689,Pending
CUST10270,Vandana,Joshi,Female,1975-06-17,8041027674,vandana.joshi@hotmail.com,Surat,Gujarat,395488,Freelancer,43000,823,Pending
CUST10271,Sneha,Iyer,Female,1967-11-04,6856945441,sneha.iyer@outlook.com,Kochi,Kerala,682572,Self-Employed Professional,76000,642,Pending
CUST10272,Kunal,Bhat,Male,1966-06-23,6106181753,kunal.bhat@outlook.com,Kolkata,West Bengal,700297,Salaried,69500,552,Pending
CUST10273,Isha,Patel,Female,1997-03-16,7447174654,isha.patel@yahoo.co.in,Bengaluru,Karnataka,560383,Salaried,37500,648,Verified
CUST10274,Sanjay,Kumar,Male,1974-01-02,9128639174,sanjay.kumar@gmail.com,Nagpur,Maharashtra,440174,Salaried,48500,633,Verified
CUST10275,Turvi,Gowda,Other,1966-01-15,6642569087,turvi.gowda@hotmail.com,Indore,Madhya Pradesh,452513,Salaried,46000,703,Verified
CUST10276,Varsha,Rao,Female,1983-12-21,6158517432,varsha.rao@rediffmail.com,Nagpur,Maharashtra,440493,Self-Employed Professional,32500,692,Verified
CUST10277,Ladli,Kulkarni,Other,1972-04-11,6309376184,ladli.kulkarni@hotmail.com,Bhopal,Madhya Pradesh,462116,Salaried,35500,764,Verified
CUST10278,Anamika,Iyer,Other,1989-06-19,9829310270,anamika.iyer@hotmail.com,Nagpur,Maharashtra,440348,Self-Employed Professional,16500,762,Verified
CUST10279,Megha,Gupta,Female,2002-02-01,7656519825,megha.gupta@yahoo.co.in,Nagpur,Maharashtra,440707,Self-Employed Professional,37000,620,Pending
CUST10280,Sunita,Joshi,Female,1985-09-05,7902196207,sunita.joshi@gmail.com,Mumbai,Maharashtra,400107,Self-Employed Professional,50000,845,Verified
CUST10281,Theodore,Mehta,Other,1975-04-01,7487632909,theodore.mehta@yahoo.co.in,Guwahati,Assam,781726,Salaried,77000,666,Verified
CUST10282,Sanjay,Singh,Male,2004-09-12,7734031277,sanjay.singh@yahoo.co.in,Madurai,Tamil Nadu,625786,Salaried,23000,653,Verified
CUST10283,Anjali,Patel,Female,1999-03-19,6822078113,anjali.patel@hotmail.com,Lucknow,Uttar Pradesh,226529,Self-Employed Professional,33500,657,Verified
CUST10284,Nikhil,Deshmukh,Male,1969-04-19,9970623972,nikhil.deshmukh@hotmail.com,Chandigarh,Punjab,160239,Freelancer,78000,533,Verified
CUST10285,Divya,Patel,Female,2004-03-15,9762534929,divya.patel@yahoo.co.in,Surat,Gujarat,395188,Freelancer,86000,778,Pending
CUST10286,Megha,Deshmukh,Female,1980-09-06,9939290600,megha.deshmukh@hotmail.com,Nagpur,Maharashtra,440535,Freelancer,40500,795,Verified
CUST10287,Rohan,Sharma,Male,1997-02-03,9325431074,rohan.sharma@yahoo.co.in,Patna,Bihar,800978,Salaried,102500,532,Verified
CUST10288,Vandana,Banerjee,Female,1997-07-29,6165804649,vandana.banerjee@rediffmail.com,Ahmedabad,Gujarat,380906,Salaried,52500,839,Pending
CUST10289,Anjali,Patel,Female,1983-03-07,8790552818,anjali.patel@yahoo.co.in,Chennai,Tamil Nadu,600442,Self-Employed Professional,49500,849,Failed
CUST10290,Ekta,Kulkarni,Other,1999-10-14,7554864015,ekta.kulkarni@outlook.com,Bhopal,Madhya Pradesh,462597,Salaried,42000,698,Pending
CUST10291,Daksh,Gupta,Other,1974-06-13,9116241124,daksh.gupta@gmail.com,Coimbatore,Tamil Nadu,641608,Self-Employed Professional,93000,736,Pending
CUST10292,Divya,Chatterjee,Female,1981-07-21,9704310385,divya.chatterjee@hotmail.com,Noida,Uttar Pradesh,201771,Self-Employed Business,42500,719,Verified
CUST10293,Swati,Mehta,Female,2001-05-29,8243754025,swati.mehta@outlook.com,Patna,Bihar,800270,Self-Employed Professional,58500,794,Verified
CUST10294,Devendra,Patel,Male,1967-11-06,8927452380,devendra.patel@outlook.com,Kanpur,Uttar Pradesh,208251,Self-Employed Business,15000,715,Verified
CUST10295,Shweta,Mehta,Female,1986-07-19,8208854749,shweta.mehta@yahoo.co.in,Bhopal,Madhya Pradesh,462446,Salaried,21000,663,Failed
CUST10296,Prashant,Singh,Male,1970-02-24,8093983430,prashant.singh@gmail.com,Bhopal,Madhya Pradesh,462793,Salaried,93000,706,Verified
CUST10297,Sumit,Singh,Male,1983-11-01,7656504554,sumit.singh@hotmail.com,Mysuru,Karnataka,570320,Freelancer,65500,699,Pending
CUST10298,Riya,Mehta,Female,2003-06-25,6234785196,riya.mehta@gmail.com,Mumbai,Maharashtra,400519,Self-Employed Business,37000,835,Verified
CUST10299,Arjun,Kumar,Male,1978-12-26,9049478730,arjun.kumar@gmail.com,Coimbatore,Tamil Nadu,641368,Self-Employed Business,41000,808,Verified
CUST10300,Veer,Gowda,Other,1976-12-23,6147195979,veer.gowda@hotmail.com,Kolkata,West Bengal,700743,Freelancer,28500,723,Verified
CUST10301,Azad,Mehta,Other,1982-01-12,7045650448,azad.mehta@gmail.com,Warangal,Telangana,506884,Self-Employed Professional,82500,638,Verified
CUST10302,Diya,Rao,Other,1978-03-06,8189520284,diya.rao@outlook.com,Guwahati,Assam,781521,Self-Employed Business,26000,737,Verified
CUST10303,Sunita,Jain,Female,1999-12-05,6671120754,sunita.jain@outlook.com,Chennai,Tamil Nadu,600936,Freelancer,110500,768,Pending
CUST10304,Ananya,Kapoor,Female,2002-07-16,6322342321,ananya.kapoor@hotmail.com,New Delhi,Delhi,110179,Salaried,129000,797,Verified
CUST10305,Archana,Nair,Female,1967-12-11,6401193932,archananair21@gmail.com,Coimbatore,Tamil Nadu,641966,Self-Employed Business,85000,610,Pending
CUST10306,Megha,Agarwal,Female,1991-07-31,6190833428,megha.agarwal@gmail.com,Hubballi,Karnataka,580319,Freelancer,32500,501,Verified
CUST10307,Ritu,Das,Female,1975-08-12,7615171827,ritu.das@outlook.com,Jaipur,Rajasthan,302670,Salaried,20500,679,Pending
CUST10308,Varsha,Banerjee,Female,1976-02-18,9463175207,varsha.banerjee@gmail.com,Kochi,Kerala,682548,Salaried,24500,634,Verified
CUST10309,Kavita,Dutta,Female,2003-11-11,9136749946,kavita.dutta@outlook.com,Bhubaneswar,Odisha,751782,Freelancer,24000,602,Verified
CUST10310,Nandini,Mehta,Other,1967-05-02,6017026952,nandini.mehta@outlook.com,Hubballi,Karnataka,580878,Salaried,61000,707,Verified
CUST10311,Amrita,Chatterjee,Other,1987-12-29,8858800616,amrita.chatterjee@hotmail.com,Lucknow,Uttar Pradesh,226973,Freelancer,42000,571,Failed
CUST10312,Isha,Chatterjee,Female,1985-04-27,7467197889,isha.chatterjee@hotmail.com,Bhubaneswar,Odisha,751675,Self-Employed Professional,45000,683,Verified
CUST10313,Dominic,Singh,Other,2000-05-19,8500902559,dominic.singh@gmail.com,Noida,Uttar Pradesh,201489,Salaried,40500,661,Verified
CUST10314,Anita,Jain,Female,1968-12-09,8152085076,anita.jain@rediffmail.com,Thiruvananthapuram,Kerala,695373,Salaried,69500,823,Verified
CUST10315,Swati,Patel,Female,2002-04-05,9135785294,swati.patel@outlook.com,Indore,Madhya Pradesh,452306,Freelancer,30500,640,Failed
CUST10316,Sanjay,Kapoor,Male,1970-02-15,6954198763,sanjay.kapoor@outlook.com,Bengaluru,Karnataka,560767,Self-Employed Business,44500,744,Verified
CUST10317,Neha,Dutta,Female,1989-02-12,9820829737,neha.dutta@outlook.com,Indore,Madhya Pradesh,452679,Salaried,46000,649,Pending
CUST10318,Riya,Das,Female,1980-04-17,6364424936,riya.das@yahoo.co.in,New Delhi,Delhi,110253,Self-Employed Professional,31500,833,Verified
CUST10319,Arjun,Nair,Male,1972-02-14,6448207001,arjunnair48@rediffmail.com,Bengaluru,Karnataka,560516,Self-Employed Business,183000,616,Failed
CUST10320,Devendra,Patel,Male,1991-08-12,6898471391,devendrapatel84@outlook.com,Ludhiana,Punjab,141925,Self-Employed Professional,75000,637,Verified
CUST10321,Riya,Nair,Female,2004-09-15,6785158673,riya.nair@outlook.com,Coimbatore,Tamil Nadu,641471,Freelancer,138500,807,Pending
CUST10322,Tushar,Iyer,Male,1976-10-01,8864518376,tushar.iyer@gmail.com,Kochi,Kerala,682361,Self-Employed Business,32500,868,Failed
CUST10323,Siddharth,Das,Other,2001-05-29,6417765612,siddharth.das@outlook.com,Bengaluru,Karnataka,560460,Freelancer,74500,773,Verified
CUST10324,Siddharth,Gowda,Male,1974-03-30,9206345911,siddharth.gowda@yahoo.co.in,Vadodara,Gujarat,390628,Self-Employed Professional,125500,772,Verified
CUST10325,Divya,Mehta,Other,1977-09-10,7954316526,divya.mehta@hotmail.com,Surat,Gujarat,395121,Salaried,160000,745,Verified
CUST10326,Riya,Dutta,Female,1977-09-02,7152910867,riya.dutta@hotmail.com,New Delhi,Delhi,110329,Self-Employed Professional,64500,709,Failed
CUST10327,Sanjay,Kulkarni,Male,2002-12-19,8362620443,sanjay.kulkarni@rediffmail.com,Bhopal,Madhya Pradesh,462354,Self-Employed Business,55500,596,Failed
CUST10328,Ritu,Iyer,Female,1975-07-09,9694118005,ritu.iyer@yahoo.co.in,Bhubaneswar,Odisha,751462,Salaried,53500,653,Verified
CUST10329,Sangeeta,Mehta,Female,1970-01-08,8862415027,sangeeta.mehta@outlook.com,Chandigarh,Punjab,160540,Self-Employed Business,74500,714,Verified
CUST10330,Shweta,Mehta,Female,1990-12-05,9032032074,shwetamehta65@hotmail.com,New Delhi,Delhi,110606,Salaried,49500,631,Verified
CUST10331,Isha,Joshi,Female,1999-08-22,8993908926,isha.joshi@gmail.com,Vadodara,Gujarat,390886,Freelancer,195000,753,Verified
CUST10332,Yash,Reddy,Male,1972-11-24,6177749050,yash.reddy@rediffmail.com,Bhopal,Madhya Pradesh,462432,Self-Employed Professional,54000,816,Verified
CUST10333,Isha,Deshmukh,Female,2000-07-31,9103266421,isha.deshmukh@outlook.com,Guwahati,Assam,781920,Freelancer,116000,687,Verified
CUST10334,Kavita,Chatterjee,Female,1985-12-25,9749961659,kavita.chatterjee@yahoo.co.in,Indore,Madhya Pradesh,452745,Freelancer,20000,785,Verified
CUST10335,Vandana,Gowda,Female,1989-07-15,6476174224,vandana.gowda@yahoo.co.in,Indore,Madhya Pradesh,452402,Salaried,79500,713,Verified
CUST10336,Prashant,Iyer,Male,1998-04-24,8549180172,prashant.iyer@yahoo.co.in,Kochi,Kerala,682146,Salaried,34000,611,Failed
CUST10337,Simon,Banerjee,Other,1993-12-25,8523219416,simon.banerjee@rediffmail.com,Pune,Maharashtra,411105,Freelancer,28500,699,Failed
CUST10338,Xalak,Kapoor,Other,1992-12-31,9499564122,xalak.kapoor@gmail.com,Warangal,Telangana,506214,Salaried,55500,577,Verified
CUST10339,Meghana,Deshmukh,Other,1985-07-19,7147276012,meghana.deshmukh@yahoo.co.in,Bhopal,Madhya Pradesh,462596,Freelancer,19500,656,Failed
CUST10340,Anjali,Reddy,Female,1966-05-10,6667998407,anjalireddy75@hotmail.com,Guwahati,Assam,781337,Salaried,46500,681,Pending
CUST10341,Shweta,Patel,Female,1988-03-12,8760243757,shwetapatel38@rediffmail.com,Noida,Uttar Pradesh,201716,Freelancer,27000,858,Pending
CUST10342,Shweta,Joshi,Female,1993-11-23,7417223297,shweta.joshi@gmail.com,Thiruvananthapuram,Kerala,695605,Self-Employed Business,25000,602,Verified
CUST10343,Anjali,Gupta,Female,1981-02-24,9193183745,anjali.gupta@outlook.com,Nagpur,Maharashtra,440888,Self-Employed Business,108000,822,Verified
CUST10344,Anjali,Agarwal,Female,1970-09-24,7135247871,anjali.agarwal@yahoo.co.in,Chandigarh,Punjab,160442,Self-Employed Professional,28500,704,Verified
CUST10345,Gaurav,Singh,Male,1998-01-30,9532863266,gaurav.singh@hotmail.com,Patna,Bihar,800972,Self-Employed Business,94000,849,Verified
CUST10346,Amit,Reddy,Male,1980-02-14,9260602908,amit.reddy@outlook.com,Thiruvananthapuram,Kerala,695511,Self-Employed Business,60000,578,Verified
CUST10347,Divya,Jain,Female,1984-02-14,9389975634,divya.jain@gmail.com,Nagpur,Maharashtra,440650,Self-Employed Business,30500,825,Verified
CUST10348,Kavita,Gupta,Female,1988-12-14,8852008943,kavita.gupta@outlook.com,Indore,Madhya Pradesh,452617,Salaried,176500,638,Verified
CUST10349,Vikram,Gowda,Male,1971-08-06,9490753998,vikram.gowda@rediffmail.com,Surat,Gujarat,395458,Self-Employed Business,17000,805,Pending
CUST10350,Sneha,Kapoor,Female,1977-02-09,6589357126,sneha.kapoor@hotmail.com,Mysuru,Karnataka,570194,Salaried,41000,664,Pending
CUST10351,Ritu,Chawla,Female,1991-01-28,9497677622,ritu.chawla@rediffmail.com,Chennai,Tamil Nadu,600596,Freelancer,15000,770,Verified
CUST10352,Shweta,Verma,Female,1999-06-27,7851961159,shweta.verma@outlook.com,Nagpur,Maharashtra,440635,Self-Employed Professional,26500,684,Verified
CUST10353,Aniket,Chawla,Male,1984-12-02,6443270185,aniket.chawla@gmail.com,Nagpur,Maharashtra,440527,Freelancer,52000,697,Verified
CUST10354,Vikram,Mehta,Male,1988-08-23,9772519966,vikram.mehta@yahoo.co.in,Kochi,Kerala,682447,Salaried,83000,892,Verified
CUST10355,Tara,Jain,Other,1979-11-09,6813989098,tara.jain@yahoo.co.in,Bhubaneswar,Odisha,751614,Salaried,63500,667,Verified
CUST10356,Ritu,Chawla,Female,1968-01-08,9056260856,ritu.chawla@outlook.com,Mysuru,Karnataka,570217,Salaried,47000,510,Verified
CUST10357,Riya,Iyer,Female,1973-08-04,6952004615,riya.iyer@yahoo.co.in,Thiruvananthapuram,Kerala,695431,Self-Employed Business,22500,640,Failed
CUST10358,Swati,Deshmukh,Female,1988-02-11,9140578617,swati.deshmukh@gmail.com,Thiruvananthapuram,Kerala,695748,Self-Employed Professional,50000,735,Verified
CUST10359,Sangeeta,Gupta,Female,2003-12-18,7258238687,sangeeta.gupta@gmail.com,Mumbai,Maharashtra,400932,Freelancer,53000,665,Pending
CUST10360,Priyanka,Gowda,Female,1975-07-18,8028914161,priyanka.gowda@yahoo.co.in,Howrah,West Bengal,711999,Freelancer,25500,611,Verified
CUST10361,Kavita,Banerjee,Female,1992-11-22,8020970026,kavita.banerjee@rediffmail.com,Guwahati,Assam,781880,Freelancer,52500,733,Verified
CUST10362,Luke,Banerjee,Other,1996-02-27,6569562017,luke.banerjee@outlook.com,Warangal,Telangana,506555,Salaried,38500,733,Pending
CUST10363,Devendra,Chatterjee,Male,1982-04-14,6479303614,devendra.chatterjee@rediffmail.com,Guwahati,Assam,781274,Self-Employed Professional,63000,771,Verified
CUST10364,Divya,Kapoor,Female,1968-12-01,7493843089,divya.kapoor@outlook.com,Patna,Bihar,800102,Freelancer,23000,702,Failed
CUST10365,Vikas,Deshmukh,Male,1968-02-09,8687506351,vikas.deshmukh@rediffmail.com,Pune,Maharashtra,411855,Self-Employed Professional,97000,627,Verified
CUST10366,Pooja,Gupta,Female,1994-01-30,6076095431,pooja.gupta@hotmail.com,Vadodara,Gujarat,390448,Salaried,83500,668,Verified
CUST10367,Sangeeta,Patel,Female,1994-01-19,9911006512,sangeeta.patel@gmail.com,Bhopal,Madhya Pradesh,462156,Self-Employed Business,53500,672,Verified
CUST10368,Sanjay,Iyer,Male,1993-12-28,6767699150,sanjay.iyer@hotmail.com,Noida,Uttar Pradesh,201701,Self-Employed Professional,72500,598,Verified
CUST10369,Shweta,Kapoor,Female,1993-11-07,9232002496,shweta.kapoor@rediffmail.com,Kanpur,Uttar Pradesh,208418,Self-Employed Professional,27500,673,Verified
CUST10370,Swati,Iyer,Female,1996-06-05,7038806533,swatiiyer53@gmail.com,Warangal,Telangana,506783,Freelancer,51000,739,Verified
CUST10371,Prashant,Verma,Male,1988-03-31,7033793375,prashant.verma@hotmail.com,Ahmedabad,Gujarat,380509,Self-Employed Professional,21500,719,Verified
CUST10372,Siddharth,Chawla,Male,2000-05-04,8003342342,siddharth.chawla@outlook.com,Vadodara,Gujarat,390282,Self-Employed Professional,58000,757,Verified
CUST10373,Sangeeta,Deshmukh,Female,1982-08-01,8289611223,sangeeta.deshmukh@yahoo.co.in,Ludhiana,Punjab,141811,Self-Employed Business,33000,900,Failed
CUST10374,Swati,Kulkarni,Female,2004-04-30,8253042897,swati.kulkarni@yahoo.co.in,Mysuru,Karnataka,570903,Freelancer,90500,630,Pending
CUST10375,Priyanka,Chatterjee,Female,1989-04-11,9255877749,priyanka.chatterjee@hotmail.com,Nagpur,Maharashtra,440312,Self-Employed Professional,87500,660,Verified
CUST10376,Swati,Joshi,Female,2003-10-16,8481214785,swati.joshi@yahoo.co.in,Nagpur,Maharashtra,440576,Self-Employed Business,39000,642,Verified
CUST10377,Ritu,Sharma,Female,1974-01-21,9341514888,ritu.sharma@gmail.com,Howrah,West Bengal,711333,Salaried,25500,720,Pending
CUST10378,Neha,Rao,Female,1999-06-06,8392840445,neha.rao@hotmail.com,Kochi,Kerala,682941,Salaried,42000,754,Verified
CUST10379,Devendra,Kapoor,Male,1999-08-09,7738987751,devendra.kapoor@outlook.com,Warangal,Telangana,506539,Freelancer,27000,723,Verified
CUST10380,Karan,Kapoor,Male,1966-06-08,9553666845,karan.kapoor@rediffmail.com,Pune,Maharashtra,411681,Salaried,84000,757,Verified
CUST10381,Ritu,Kumar,Female,1975-02-28,9186371597,ritu.kumar@outlook.com,Mysuru,Karnataka,570275,Salaried,54000,830,Verified
CUST10382,Deepak,Gupta,Male,1983-04-24,8334817058,deepak.gupta@gmail.com,Madurai,Tamil Nadu,625434,Freelancer,24500,768,Failed
CUST10383,Aniket,Kulkarni,Male,1979-11-24,9729949387,aniket.kulkarni@outlook.com,Warangal,Telangana,506107,Self-Employed Professional,33000,730,Verified
CUST10384,Shweta,Banerjee,Female,1986-10-03,6147546926,shweta.banerjee@yahoo.co.in,Hyderabad,Telangana,500732,Freelancer,28500,602,Verified
CUST10385,Alka,Verma,Other,1976-10-02,7484137681,alka.verma@outlook.com,Bengaluru,Karnataka,560873,Salaried,45000,694,Verified
CUST10386,Anjali,Banerjee,Female,1967-03-14,6765636004,anjali.banerjee@gmail.com,Chennai,Tamil Nadu,600434,Freelancer,43500,719,Verified
CUST10387,Rahul,Nair,Male,2003-10-02,7209124186,rahul.nair@yahoo.co.in,Bengaluru,Karnataka,560787,Salaried,54000,683,Verified
CUST10388,Liam,Bhat,Other,1975-09-12,9081647090,liam.bhat@gmail.com,Ludhiana,Punjab,141885,Self-Employed Professional,84500,668,Verified
CUST10389,Aarav,Reddy,Male,2002-10-22,7131220681,aarav.reddy@outlook.com,Lucknow,Uttar Pradesh,226675,Self-Employed Professional,200000,683,Verified
CUST10390,Anand,Singh,Male,1980-07-04,7065063731,anand.singh@outlook.com,Chandigarh,Punjab,160144,Salaried,82500,787,Verified
CUST10391,Yatin,Bhat,Other,2001-06-30,7419562525,yatin.bhat@hotmail.com,Bengaluru,Karnataka,560443,Salaried,57000,662,Verified
CUST10392,Swati,Jain,Female,1966-08-06,7091436391,swati.jain@gmail.com,Chennai,Tamil Nadu,600483,Freelancer,35500,863,Verified
CUST10393,Adya,Reddy,Other,1972-01-09,8508640355,adya.reddy@yahoo.co.in,Ahmedabad,Gujarat,380652,Salaried,139500,592,Pending
CUST10394,Sanjay,Kumar,Male,1989-05-23,8270171302,sanjay.kumar@yahoo.co.in,Chennai,Tamil Nadu,600193,Self-Employed Professional,74500,792,Verified
CUST10395,Sangeeta,Rao,Female,1973-05-13,7362934497,sangeeta.rao@yahoo.co.in,Howrah,West Bengal,711983,Freelancer,39500,692,Pending
CUST10396,Divya,Chatterjee,Female,1966-11-21,9614982824,divyachatterjee49@hotmail.com,Patna,Bihar,800390,Freelancer,49500,624,Verified
CUST10397,Deepak,Sharma,Male,1966-07-30,8766656749,deepak.sharma@gmail.com,Thiruvananthapuram,Kerala,695139,Salaried,34500,630,Verified
CUST10398,Priya,Singh,Other,1988-11-10,9506633705,priya.singh@gmail.com,Coimbatore,Tamil Nadu,641367,Freelancer,25000,738,Verified
CUST10399,Siddharth,Jain,Male,1983-03-30,9918362644,siddharth.jain@rediffmail.com,Ludhiana,Punjab,141700,Self-Employed Business,108000,576,Failed
CUST10400,Divya,Nair,Female,1999-08-03,7640270116,divya.nair@rediffmail.com,Thiruvananthapuram,Kerala,695770,Self-Employed Business,58000,648,Verified
CUST10401,Isha,Agarwal,Female,1970-12-12,9932302346,isha.agarwal@hotmail.com,Hubballi,Karnataka,580989,Self-Employed Professional,42000,507,Verified
CUST10402,Sneha,Nair,Female,1987-10-19,9596555535,sneha.nair@hotmail.com,Ludhiana,Punjab,141725,Salaried,79500,801,Failed
CUST10403,Manish,Banerjee,Male,1993-09-27,9863050505,manish.banerjee@hotmail.com,Surat,Gujarat,395721,Freelancer,35000,603,Verified
CUST10404,Mohini,Jain,Other,1970-07-04,9493289802,mohini.jain@hotmail.com,Mysuru,Karnataka,570408,Freelancer,25000,543,Verified
CUST10405,Deepak,Joshi,Male,1999-10-16,6160256434,deepak.joshi@hotmail.com,New Delhi,Delhi,110781,Self-Employed Professional,131500,704,Verified
CUST10406,Sachin,Dutta,Male,1968-11-25,8668633414,sachin.dutta@gmail.com,New Delhi,Delhi,110191,Self-Employed Business,57500,578,Verified
CUST10407,Ananya,Rao,Female,1968-10-10,7665528993,ananya.rao@gmail.com,Kochi,Kerala,682109,Freelancer,17000,672,Pending
CUST10408,Divya,Dutta,Female,1978-09-18,7095481497,divya.dutta@yahoo.co.in,Guwahati,Assam,781398,Freelancer,15000,558,Failed
CUST10409,Rahul,Kapoor,Male,1983-07-30,8208656756,rahul.kapoor@hotmail.com,Bengaluru,Karnataka,560640,Self-Employed Business,67500,623,Failed
CUST10410,Anjali,Jain,Female,1979-08-22,9292774233,anjali.jain@yahoo.co.in,Mumbai,Maharashtra,400470,Salaried,28500,763,Verified
CUST10411,Janaki,Kapoor,Other,1984-02-15,7013674926,janaki.kapoor@gmail.com,Patna,Bihar,800985,Freelancer,24000,688,Verified
CUST10412,Rahul,Gowda,Male,1996-01-01,7099974192,rahul.gowda@hotmail.com,Bhubaneswar,Odisha,751760,Freelancer,35500,620,Failed
CUST10413,Isha,Kumar,Female,2002-06-19,6688871898,isha.kumar@gmail.com,Ahmedabad,Gujarat,380774,Salaried,21000,605,Failed
CUST10414,Archana,Verma,Female,1971-10-12,7218401184,archana.verma@outlook.com,Madurai,Tamil Nadu,625533,Salaried,29000,606,Verified
CUST10415,Priyanka,Dutta,Female,1990-02-22,7103032432,priyanka.dutta@rediffmail.com,Ahmedabad,Gujarat,380705,Self-Employed Business,20500,684,Verified
CUST10416,Vandana,Joshi,Female,1983-12-12,9146283143,vandana.joshi@outlook.com,Madurai,Tamil Nadu,625529,Self-Employed Professional,19500,659,Verified
CUST10417,Sumit,Bhat,Male,1984-03-31,6515542340,sumit.bhat@gmail.com,Ludhiana,Punjab,141327,Freelancer,21000,843,Failed
CUST10418,Archana,Agarwal,Female,1981-08-26,8849102562,archana.agarwal@outlook.com,Kochi,Kerala,682588,Self-Employed Professional,21500,800,Verified
CUST10419,Swati,Kapoor,Female,1977-12-29,6539672757,swati.kapoor@rediffmail.com,Jaipur,Rajasthan,302382,Freelancer,47500,790,Pending
CUST10420,Karan,Das,Male,2000-07-26,8111312901,karan.das@outlook.com,Guwahati,Assam,781927,Salaried,94500,714,Verified
CUST10421,Sneha,Iyer,Female,1996-05-11,6609306853,sneha.iyer@rediffmail.com,Nagpur,Maharashtra,440721,Freelancer,94500,666,Failed
CUST10422,Rajesh,Singh,Male,1968-04-14,9762515381,rajeshsingh71@outlook.com,Jaipur,Rajasthan,302371,Self-Employed Professional,15000,731,Verified
CUST10423,Shweta,Verma,Female,1981-12-16,6975451052,shweta.verma@hotmail.com,Kanpur,Uttar Pradesh,208109,Salaried,41000,751,Verified
CUST10424,Rahul,Sharma,Male,1972-12-24,8376545628,rahul.sharma@outlook.com,Hubballi,Karnataka,580549,Freelancer,27000,694,Failed
CUST10425,Theodore,Kulkarni,Other,1970-12-19,7402665023,theodore.kulkarni@hotmail.com,Howrah,West Bengal,711221,Freelancer,43500,740,Failed
CUST10426,Sneha,Kapoor,Female,1999-04-13,9211022580,sneha.kapoor@yahoo.co.in,Thane,Maharashtra,400794,Self-Employed Business,37500,675,Verified
CUST10427,Sanjay,Mehta,Male,1998-09-18,7341436371,sanjay.mehta@rediffmail.com,Hyderabad,Telangana,500293,Self-Employed Professional,33000,819,Verified
CUST10428,Amit,Verma,Male,1983-01-23,9843356708,amit.verma@hotmail.com,Thane,Maharashtra,400411,Salaried,33000,672,Verified
CUST10429,Arjun,Verma,Male,1966-01-09,6534749162,arjun.verma@outlook.com,Guwahati,Assam,781472,Self-Employed Business,36000,788,Pending
CUST10430,Swati,Agarwal,Female,1993-02-15,8343961129,swati.agarwal@gmail.com,Nagpur,Maharashtra,440700,Self-Employed Professional,26500,734,Verified
CUST10431,Rohan,Kapoor,Male,1972-11-22,6236848557,rohan.kapoor@gmail.com,Indore,Madhya Pradesh,452169,Freelancer,15000,710,Verified
CUST10432,Divya,Rao,Female,1968-01-15,6367881278,divya.rao@hotmail.com,Ludhiana,Punjab,141510,Self-Employed Business,52500,713,Pending
CUST10433,Neha,Rao,Female,2004-03-28,7448123083,neha.rao@outlook.com,Nagpur,Maharashtra,440754,Self-Employed Professional,79000,550,Pending
CUST10434,Priyanka,Reddy,Female,1969-09-25,8269450053,priyankareddy42@yahoo.co.in,Pune,Maharashtra,411650,Salaried,87000,797,Pending
CUST10435,Lakshit,Dutta,Other,1990-09-17,7735439627,lakshit.dutta@yahoo.co.in,Indore,Madhya Pradesh,452477,Self-Employed Professional,30500,775,Verified
CUST10436,Yashodhara,Joshi,Other,1995-01-18,8042269312,yashodhara.joshi@gmail.com,Indore,Madhya Pradesh,452351,Freelancer,20000,882,Verified
CUST10437,Nikhil,Kumar,Male,1966-12-06,6002314290,nikhil.kumar@gmail.com,Hubballi,Karnataka,580655,Self-Employed Business,31500,628,Verified
CUST10438,Wakeeta,Bhat,Other,1971-07-10,6018418620,wakeeta.bhat@yahoo.co.in,Pune,Maharashtra,411332,Freelancer,37500,795,Pending
CUST10439,Rahul,Joshi,Male,1970-12-10,7145195151,rahul.joshi@gmail.com,Coimbatore,Tamil Nadu,641282,Freelancer,47500,740,Pending
CUST10440,Gavin,Rao,Other,1994-01-10,8514754102,gavin.rao@yahoo.co.in,Lucknow,Uttar Pradesh,226251,Freelancer,34500,611,Pending
CUST10441,Divya,Gupta,Female,1980-06-28,7265576769,divya.gupta@outlook.com,Chennai,Tamil Nadu,600921,Self-Employed Professional,34500,721,Verified
CUST10442,Nikhil,Gupta,Male,1992-01-23,9893135030,nikhil.gupta@outlook.com,Bhubaneswar,Odisha,751236,Salaried,23500,775,Verified
CUST10443,Riya,Deshmukh,Female,1975-06-15,7021260650,riya.deshmukh@gmail.com,Bengaluru,Karnataka,560588,Self-Employed Professional,22000,764,Verified
CUST10444,Rahul,Kapoor,Male,1972-04-14,8765704120,rahul.kapoor@gmail.com,Hyderabad,Telangana,500615,Self-Employed Professional,174500,756,Verified
CUST10445,Pooja,Jain,Female,1976-03-13,9241862369,pooja.jain@gmail.com,Surat,Gujarat,395501,Self-Employed Professional,49500,763,Pending
CUST10446,Champak,Kumar,Other,2003-02-09,9205634111,champak.kumar@outlook.com,Noida,Uttar Pradesh,201128,Self-Employed Professional,28500,552,Failed
CUST10447,Kavita,Bhat,Female,1975-01-19,6341990970,kavita.bhat@gmail.com,Lucknow,Uttar Pradesh,226195,Self-Employed Business,21500,657,Verified
CUST10448,Ritu,Kapoor,Female,1981-12-18,7156818209,ritu.kapoor@hotmail.com,Bhubaneswar,Odisha,751700,Salaried,35000,663,Verified
CUST10449,Imaran,Deshmukh,Other,1975-09-04,7288985725,imaran.deshmukh@outlook.com,Chandigarh,Punjab,160738,Freelancer,55500,864,Verified
CUST10450,Vishal,Sharma,Male,1972-05-25,8817175242,vishal.sharma@gmail.com,Howrah,West Bengal,711690,Self-Employed Business,38000,766,Verified
CUST10451,Sangeeta,Gowda,Female,1972-04-20,6970546692,sangeeta.gowda@hotmail.com,Chandigarh,Punjab,160624,Self-Employed Business,30500,711,Pending
CUST10452,Sanjay,Gowda,Male,1968-07-23,7802146296,sanjay.gowda@gmail.com,Surat,Gujarat,395497,Freelancer,56500,700,Failed
CUST10453,Archana,Gupta,Female,1974-02-01,6663651559,archana.gupta@hotmail.com,Ahmedabad,Gujarat,380819,Freelancer,23000,837,Verified
CUST10454,Michael,Kulkarni,Other,1980-05-12,6960567303,michael.kulkarni@gmail.com,Indore,Madhya Pradesh,452376,Self-Employed Business,51000,604,Verified
CUST10455,Nathaniel,Banerjee,Other,1984-10-29,7420165423,nathaniel.banerjee@outlook.com,Thiruvananthapuram,Kerala,695593,Freelancer,52000,830,Pending
CUST10456,Ritu,Sharma,Female,1991-02-28,7199255027,ritu.sharma@yahoo.co.in,Guwahati,Assam,781985,Self-Employed Business,37000,765,Verified
CUST10457,Pahal,Chawla,Other,1970-05-16,6336829635,pahal.chawla@yahoo.co.in,Warangal,Telangana,506795,Salaried,36500,668,Failed
CUST10458,Tushar,Chatterjee,Male,1995-02-09,9665586851,tushar.chatterjee@yahoo.co.in,Patna,Bihar,800538,Self-Employed Business,21000,720,Failed
CUST10459,Devansh,Jain,Other,1996-07-07,9491111096,devansh.jain@gmail.com,Guwahati,Assam,781867,Salaried,57000,844,Failed
CUST10460,Kavita,Deshmukh,Female,2000-11-06,9861371576,kavita.deshmukh@hotmail.com,Mumbai,Maharashtra,400483,Self-Employed Professional,45000,743,Failed
CUST10461,Varsha,Deshmukh,Female,1966-03-10,9000258955,varsha.deshmukh@yahoo.co.in,Indore,Madhya Pradesh,452347,Freelancer,19500,723,Pending
CUST10462,Isha,Kumar,Female,1980-04-09,7631281964,isha.kumar@rediffmail.com,Madurai,Tamil Nadu,625430,Self-Employed Professional,19000,900,Verified
CUST10463,Ananya,Kapoor,Female,1998-12-07,7752334383,ananyakapoor94@outlook.com,Thane,Maharashtra,400381,Salaried,60500,603,Verified
CUST10464,Anand,Mehta,Male,1978-09-02,8211753617,anand.mehta@gmail.com,Thiruvananthapuram,Kerala,695175,Freelancer,59000,764,Verified
CUST10465,Sumit,Chawla,Male,1994-04-25,6155799802,sumit.chawla@rediffmail.com,Kolkata,West Bengal,700224,Self-Employed Professional,55000,720,Verified
CUST10466,Archana,Kulkarni,Female,1967-04-29,8231244731,archana.kulkarni@outlook.com,Jaipur,Rajasthan,302578,Freelancer,15000,792,Verified
CUST10467,Lekha,Jain,Other,1978-08-11,9199423767,lekha.jain@hotmail.com,Howrah,West Bengal,711935,Self-Employed Business,59500,686,Verified
CUST10468,Lakshmi,Gupta,Other,1986-02-28,7084964985,lakshmi.gupta@hotmail.com,Pune,Maharashtra,411217,Self-Employed Professional,74000,649,Verified
CUST10469,Upadhriti,Singh,Other,1982-09-08,7510505379,upadhriti.singh@outlook.com,Surat,Gujarat,395675,Salaried,34000,714,Verified
CUST10470,Zayan,Dutta,Other,2002-03-21,6966553307,zayan.dutta@hotmail.com,Nagpur,Maharashtra,440381,Freelancer,23000,746,Verified
CUST10471,Ananya,Rao,Female,1966-10-20,6742608805,ananyarao70@gmail.com,Hubballi,Karnataka,580949,Freelancer,59500,771,Verified
CUST10472,Shweta,Dutta,Female,1968-02-11,9477159103,shweta.dutta@gmail.com,Mumbai,Maharashtra,400242,Salaried,58500,715,Pending
CUST10473,Gaurav,Verma,Male,1970-12-21,6414596422,gaurav.verma@rediffmail.com,Patna,Bihar,800222,Self-Employed Professional,36500,791,Verified
CUST10474,Advay,Banerjee,Other,1995-12-23,6883977457,advay.banerjee@yahoo.co.in,Mysuru,Karnataka,570370,Self-Employed Business,60500,774,Pending
CUST10475,Ishwar,Kulkarni,Other,1997-03-05,6170303763,ishwar.kulkarni@hotmail.com,Hubballi,Karnataka,580448,Self-Employed Professional,153500,712,Verified
CUST10476,Amara,Banerjee,Other,1995-05-25,7812356798,amara.banerjee@yahoo.co.in,Kochi,Kerala,682292,Salaried,34500,493,Pending
CUST10477,Aniket,Banerjee,Male,1970-10-22,6307240787,aniket.banerjee@outlook.com,Kolkata,West Bengal,700221,Salaried,37500,683,Verified
CUST10478,Prashant,Nair,Male,1982-08-03,6066343629,prashant.nair@outlook.com,Guwahati,Assam,781631,Freelancer,34000,724,Verified
CUST10479,Gaurav,Deshmukh,Male,1993-10-27,9661347323,gaurav.deshmukh@outlook.com,Jaipur,Rajasthan,302822,Self-Employed Business,56500,711,Verified
CUST10480,Harini,Rao,Other,2004-03-30,7251225720,harini.rao@hotmail.com,Indore,Madhya Pradesh,452442,Salaried,29500,836,Verified
CUST10481,Ananya,Chatterjee,Female,1977-02-07,9100943882,ananya.chatterjee@yahoo.co.in,Hubballi,Karnataka,580202,Self-Employed Business,68500,707,Verified
CUST10482,Varsha,Chatterjee,Female,1977-05-16,8705458971,varsha.chatterjee@outlook.com,Pune,Maharashtra,411251,Freelancer,119000,605,Verified
CUST10483,Riya,Singh,Female,1975-04-04,6361487824,riya.singh@outlook.com,Noida,Uttar Pradesh,201500,Freelancer,79500,602,Pending
CUST10484,Tanvi,Patel,Female,1985-06-11,9954107272,tanvi.patel@rediffmail.com,Jaipur,Rajasthan,302738,Self-Employed Professional,34000,616,Verified
CUST10485,Aditya,Chatterjee,Male,1979-09-20,6650042548,aditya.chatterjee@rediffmail.com,Coimbatore,Tamil Nadu,641188,Self-Employed Business,15000,588,Verified
CUST10486,Aditya,Chatterjee,Male,1981-11-28,7666144942,adityachatterjee96@hotmail.com,Lucknow,Uttar Pradesh,226923,Self-Employed Professional,55000,590,Verified
CUST10487,Anita,Rao,Female,1991-06-03,9826612875,anita.rao@rediffmail.com,Kanpur,Uttar Pradesh,208579,Self-Employed Business,39500,696,Verified
CUST10488,Vikram,Das,Male,1969-12-19,7943985298,vikram.das@rediffmail.com,Jaipur,Rajasthan,302154,Freelancer,15000,687,Verified
CUST10489,Anjali,Gupta,Female,1968-06-15,8159149750,anjaligupta96@rediffmail.com,Thane,Maharashtra,400818,Self-Employed Professional,46000,869,Verified
CUST10490,Vandana,Rao,Female,1998-04-05,6793110291,vandana.rao@rediffmail.com,Hubballi,Karnataka,580353,Self-Employed Professional,45000,798,Verified
CUST10491,Yash,Deshmukh,Male,2003-10-04,8979162022,yash.deshmukh@yahoo.co.in,Madurai,Tamil Nadu,625623,Self-Employed Professional,43000,706,Verified
CUST10492,Archana,Banerjee,Female,1984-09-13,9204719609,archana.banerjee@outlook.com,Nagpur,Maharashtra,440760,Freelancer,101000,754,Verified
CUST10493,Sneha,Agarwal,Female,1975-06-16,8868122595,sneha.agarwal@hotmail.com,Chennai,Tamil Nadu,600385,Self-Employed Business,82500,550,Verified
CUST10494,Isaac,Agarwal,Other,1977-08-18,7599599610,isaac.agarwal@gmail.com,Madurai,Tamil Nadu,625337,Salaried,60500,748,Verified
CUST10495,Chaaya,Deshmukh,Other,1970-09-24,7661094101,chaaya.deshmukh@hotmail.com,Chandigarh,Punjab,160721,Salaried,80000,756,Pending
CUST10496,Sunita,Kulkarni,Female,1974-10-12,8774332683,sunita.kulkarni@gmail.com,Pune,Maharashtra,411744,Salaried,79000,680,Verified
CUST10497,Isha,Iyer,Female,1998-09-29,9339785598,isha.iyer@yahoo.co.in,Bengaluru,Karnataka,560549,Freelancer,113500,721,Verified
CUST10498,Archana,Patel,Female,1988-05-15,7098503446,archana.patel@outlook.com,Bengaluru,Karnataka,560993,Self-Employed Professional,72000,835,Verified
CUST10499,Anjali,Bhat,Female,1997-04-16,6974005643,anjali.bhat@outlook.com,Thane,Maharashtra,400242,Self-Employed Professional,52500,782,Verified
CUST10500,Tanvi,Jain,Female,2003-06-16,6516991872,tanvi.jain@outlook.com,Nagpur,Maharashtra,440206,Salaried,44000,668,Failed
CUST10501,Aarav,Verma,Male,1967-03-08,7896087066,aarav.verma@yahoo.co.in,Indore,Madhya Pradesh,452818,Freelancer,47000,565,Verified
CUST10502,Kavita,Reddy,Female,1985-08-01,6331903689,kavita.reddy@gmail.com,Mumbai,Maharashtra,400994,Self-Employed Professional,29000,607,Pending
CUST10503,Karan,Mehta,Male,1993-03-10,9711148375,karan.mehta@yahoo.co.in,Bhopal,Madhya Pradesh,462830,Self-Employed Business,25000,715,Pending
CUST10504,Sneha,Patel,Female,1968-06-03,8697413283,snehapatel36@rediffmail.com,New Delhi,Delhi,110481,Self-Employed Professional,35000,777,Verified
CUST10505,Pooja,Gupta,Female,1968-09-05,8967066703,pooja.gupta@yahoo.co.in,Ludhiana,Punjab,141288,Freelancer,48500,765,Failed
CUST10506,Swati,Kulkarni,Female,1999-12-20,6596601864,swati.kulkarni@rediffmail.com,Patna,Bihar,800534,Self-Employed Business,26500,629,Verified
CUST10507,Priya,Chawla,Female,1983-09-14,6945449014,priya.chawla@rediffmail.com,Lucknow,Uttar Pradesh,226956,Self-Employed Business,80000,604,Pending
CUST10508,Kavita,Das,Female,1968-08-17,6498517244,kavita.das@outlook.com,Guwahati,Assam,781230,Self-Employed Professional,51000,728,Verified
CUST10509,Radhika,Verma,Other,1974-04-07,9950830440,radhika.verma@outlook.com,Nagpur,Maharashtra,440714,Self-Employed Professional,38000,693,Verified
CUST10510,Kunal,Chawla,Male,1982-08-29,9164205955,kunal.chawla@hotmail.com,Chandigarh,Punjab,160581,Self-Employed Business,51000,792,Verified
CUST10511,Nakul,Kapoor,Other,1988-10-18,8369026113,nakul.kapoor@rediffmail.com,Thiruvananthapuram,Kerala,695651,Salaried,89000,586,Verified
CUST10512,Sangeeta,Reddy,Female,1978-01-28,7943535375,sangeeta.reddy@gmail.com,Vadodara,Gujarat,390555,Freelancer,36500,719,Pending
CUST10513,Tanvi,Deshmukh,Female,1986-02-20,9392836929,tanvi.deshmukh@outlook.com,Jaipur,Rajasthan,302449,Self-Employed Business,24000,710,Verified
CUST10514,Sudiksha,Kulkarni,Other,1974-01-26,9021648712,sudiksha.kulkarni@gmail.com,Indore,Madhya Pradesh,452124,Self-Employed Professional,80000,677,Pending
CUST10515,Archana,Reddy,Female,2002-12-30,8999101576,archana.reddy@hotmail.com,Indore,Madhya Pradesh,452396,Freelancer,90000,789,Failed
CUST10516,Anita,Mehta,Female,1966-05-08,8765728941,anita.mehta@yahoo.co.in,Jodhpur,Rajasthan,342605,Self-Employed Business,18500,717,Verified
CUST10517,Priya,Kumar,Female,1980-04-16,7203684995,priya.kumar@gmail.com,Kanpur,Uttar Pradesh,208391,Self-Employed Professional,27000,632,Verified
CUST10518,Tanvi,Patel,Female,1976-05-23,8213882090,tanvipatel34@rediffmail.com,Mumbai,Maharashtra,400600,Salaried,37500,823,Verified
CUST10519,Divya,Banerjee,Female,1979-03-26,6176741241,divya.banerjee@outlook.com,Mysuru,Karnataka,570862,Self-Employed Professional,61000,711,Pending
CUST10520,Aarush,Agarwal,Other,1996-02-24,6506185380,aarush.agarwal@gmail.com,Vadodara,Gujarat,390240,Freelancer,69500,626,Verified
CUST10521,Vikas,Chatterjee,Male,1978-09-05,7318306178,vikas.chatterjee@rediffmail.com,Ahmedabad,Gujarat,380827,Self-Employed Professional,59500,650,Verified
CUST10522,Adya,Joshi,Other,1979-06-18,7477695874,adya.joshi@gmail.com,Surat,Gujarat,395215,Self-Employed Business,38500,645,Verified
CUST10523,Priya,Iyer,Female,1971-02-04,8627796304,priya.iyer@outlook.com,Ahmedabad,Gujarat,380971,Freelancer,32000,681,Verified
CUST10524,Anjali,Nair,Female,1987-10-12,7504763928,anjali.nair@yahoo.co.in,New Delhi,Delhi,110728,Self-Employed Business,20500,629,Verified
CUST10525,Sunita,Gupta,Female,1995-05-19,6835832863,sunita.gupta@outlook.com,Madurai,Tamil Nadu,625482,Self-Employed Business,37000,717,Failed
CUST10526,Anjali,Joshi,Female,1978-09-13,8033041662,anjali.joshi@outlook.com,Mysuru,Karnataka,570178,Salaried,45000,787,Verified
CUST10527,Vikas,Chawla,Male,2001-07-22,9394568044,vikas.chawla@hotmail.com,Warangal,Telangana,506202,Self-Employed Business,36000,641,Verified
CUST10528,Pooja,Jain,Female,1989-12-02,7607658173,pooja.jain@rediffmail.com,Pune,Maharashtra,411506,Self-Employed Professional,40500,627,Verified
CUST10529,Xiti,Gupta,Other,1970-04-12,7379312697,xiti.gupta@rediffmail.com,Surat,Gujarat,395160,Freelancer,31500,682,Verified
CUST10530,Pranav,Chawla,Other,1992-11-09,9043878753,pranav.chawla@outlook.com,Patna,Bihar,800825,Freelancer,49000,635,Verified
CUST10531,Archana,Joshi,Female,1974-11-08,9106728728,archana.joshi@hotmail.com,Kochi,Kerala,682109,Self-Employed Business,32000,840,Verified
CUST10532,Karan,Agarwal,Male,1996-09-23,7958947735,karan.agarwal@yahoo.co.in,Madurai,Tamil Nadu,625636,Freelancer,20000,811,Verified
CUST10533,Tushar,Patel,Male,1990-02-14,9510979215,tushar.patel@rediffmail.com,Surat,Gujarat,395453,Salaried,77500,727,Verified
CUST10534,Neha,Bhat,Female,1990-04-09,7192134249,neha.bhat@gmail.com,Chennai,Tamil Nadu,600916,Freelancer,22000,728,Failed
CUST10535,Yashica,Dutta,Other,1995-12-27,9320331922,yashica.dutta@yahoo.co.in,Bhubaneswar,Odisha,751995,Salaried,15000,576,Verified
CUST10536,Varsha,Chatterjee,Female,1980-09-03,8813866675,varshachatterjee50@rediffmail.com,Mysuru,Karnataka,570719,Self-Employed Professional,132000,822,Verified
CUST10537,Hitesh,Nair,Other,1996-09-29,6865205756,hitesh.nair@yahoo.co.in,Warangal,Telangana,506491,Self-Employed Business,15000,582,Verified
CUST10538,Aarav,Chawla,Male,1979-12-04,8154809404,aarav.chawla@hotmail.com,Kochi,Kerala,682144,Self-Employed Business,35500,720,Pending
CUST10539,Tanvi,Gowda,Female,1986-05-22,9278105092,tanvi.gowda@yahoo.co.in,Chennai,Tamil Nadu,600184,Freelancer,63500,681,Verified
CUST10540,Rohan,Nair,Male,2004-03-30,7905529580,rohan.nair@hotmail.com,Thiruvananthapuram,Kerala,695957,Salaried,44500,601,Verified
CUST10541,Kavita,Jain,Female,1988-09-03,9204485157,kavita.jain@rediffmail.com,Mysuru,Karnataka,570679,Freelancer,32000,638,Verified
CUST10542,Vishal,Sharma,Male,1975-10-04,8713432406,vishal.sharma@outlook.com,Hyderabad,Telangana,500385,Self-Employed Professional,49500,777,Verified
CUST10543,Karan,Nair,Male,1997-04-16,9417595587,karan.nair@yahoo.co.in,Nagpur,Maharashtra,440954,Freelancer,21000,837,Pending
CUST10544,Chanchal,Rao,Other,1975-04-22,8884183437,chanchal.rao@outlook.com,Nagpur,Maharashtra,440218,Self-Employed Professional,42500,650,Pending
CUST10545,Anjali,Reddy,Female,1997-06-16,6502675512,anjali.reddy@outlook.com,Jodhpur,Rajasthan,342266,Freelancer,53000,686,Verified
CUST10546,Riya,Kapoor,Female,1983-11-30,9345957640,riya.kapoor@yahoo.co.in,Hubballi,Karnataka,580531,Freelancer,40500,732,Verified
CUST10547,Yashica,Agarwal,Other,1974-11-26,7250142576,yashica.agarwal@yahoo.co.in,Patna,Bihar,800100,Self-Employed Professional,31500,675,Failed
CUST10548,Pankaj,Gupta,Male,1998-06-26,7285072517,pankaj.gupta@rediffmail.com,Kochi,Kerala,682815,Self-Employed Professional,128500,752,Verified
CUST10549,Divya,Kumar,Female,2000-09-08,8469681579,divya.kumar@gmail.com,Surat,Gujarat,395723,Self-Employed Professional,66000,577,Verified
CUST10550,Ritu,Gupta,Female,1994-12-17,7273034615,ritu.gupta@hotmail.com,Hyderabad,Telangana,500535,Self-Employed Professional,32000,825,Verified
CUST10551,Varsha,Agarwal,Female,2003-06-04,6715160252,varsha.agarwal@rediffmail.com,Ludhiana,Punjab,141802,Freelancer,58500,597,Pending
CUST10552,Rushil,Patel,Other,1993-01-28,9857585126,rushil.patel@rediffmail.com,Ludhiana,Punjab,141991,Salaried,27000,864,Verified
CUST10553,Tanvi,Kapoor,Female,1986-05-30,9074017750,tanvi.kapoor@rediffmail.com,Chandigarh,Punjab,160358,Freelancer,35500,811,Verified
CUST10554,Priyanka,Das,Female,1966-10-15,9540915086,priyanka.das@yahoo.co.in,Hyderabad,Telangana,500186,Salaried,29500,701,Verified
CUST10555,Tanvi,Deshmukh,Female,2003-01-13,9015502916,tanvi.deshmukh@rediffmail.com,Mysuru,Karnataka,570445,Self-Employed Business,41000,798,Pending
CUST10556,Michael,Gupta,Other,2003-07-17,9139449883,michael.gupta@gmail.com,Chandigarh,Punjab,160687,Freelancer,22500,618,Verified
CUST10557,Ritu,Joshi,Female,1996-06-03,8406306244,ritu.joshi@hotmail.com,Lucknow,Uttar Pradesh,226199,Self-Employed Professional,18000,605,Pending
CUST10558,Kashvi,Dutta,Other,2003-02-05,9969586780,kashvi.dutta@outlook.com,Noida,Uttar Pradesh,201427,Self-Employed Business,63500,813,Verified
CUST10559,Neel,Joshi,Other,1996-03-10,9460917851,neel.joshi@yahoo.co.in,Chandigarh,Punjab,160411,Self-Employed Business,68500,704,Verified
CUST10560,Sanjay,Singh,Male,1991-05-05,9604873682,sanjay.singh@hotmail.com,New Delhi,Delhi,110199,Freelancer,48000,767,Verified
CUST10561,Kavita,Das,Female,1992-11-18,8551588863,kavita.das@hotmail.com,Guwahati,Assam,781874,Freelancer,165000,781,Verified
CUST10562,Swati,Gowda,Female,1984-10-03,9630932998,swati.gowda@gmail.com,Thiruvananthapuram,Kerala,695123,Self-Employed Business,50000,767,Verified
CUST10563,Vikas,Dutta,Male,2001-06-07,9883275327,vikas.dutta@yahoo.co.in,Lucknow,Uttar Pradesh,226235,Self-Employed Business,51000,758,Verified
CUST10564,Prashant,Agarwal,Male,1994-10-09,6952371006,prashant.agarwal@rediffmail.com,Bhubaneswar,Odisha,751982,Freelancer,22000,586,Verified
CUST10565,Aadi,Dutta,Other,1995-01-10,6770460568,aadi.dutta@hotmail.com,Indore,Madhya Pradesh,452906,Salaried,79000,862,Verified
CUST10566,Varsha,Reddy,Female,1972-05-14,7734151773,varsha.reddy@outlook.com,Noida,Uttar Pradesh,201402,Freelancer,33000,661,Verified
CUST10567,Aniket,Agarwal,Male,1978-12-09,6359544294,aniket.agarwal@hotmail.com,Bhopal,Madhya Pradesh,462789,Self-Employed Business,18000,780,Verified
CUST10568,Deepak,Chawla,Male,1979-08-04,7904588679,deepak.chawla@yahoo.co.in,Kanpur,Uttar Pradesh,208759,Self-Employed Professional,52500,715,Verified
CUST10569,Ekiya,Joshi,Other,1989-07-24,9276015343,ekiya.joshi@yahoo.co.in,Coimbatore,Tamil Nadu,641384,Salaried,55500,642,Verified
CUST10570,Vrinda,Agarwal,Other,1976-03-30,7506158148,vrinda.agarwal@rediffmail.com,Mysuru,Karnataka,570917,Salaried,40000,526,Verified
CUST10571,Anirudh,Gowda,Other,2004-06-19,7372094841,anirudh.gowda@yahoo.co.in,Bengaluru,Karnataka,560235,Self-Employed Business,26000,739,Verified
CUST10572,Rohan,Verma,Male,1980-04-21,6371717318,rohan.verma@rediffmail.com,Ahmedabad,Gujarat,380712,Freelancer,22000,767,Pending
CUST10573,Sachin,Gowda,Male,1993-07-24,9046947258,sachin.gowda@hotmail.com,Jaipur,Rajasthan,302760,Self-Employed Business,27500,638,Verified
CUST10574,Vandana,Banerjee,Female,1971-01-01,7705877221,vandana.banerjee@hotmail.com,Jodhpur,Rajasthan,342196,Freelancer,27500,768,Verified
CUST10575,Deepak,Rao,Male,1988-07-05,8587149392,deepak.rao@outlook.com,Madurai,Tamil Nadu,625296,Freelancer,50000,815,Failed
CUST10576,Isaac,Nair,Other,1976-04-05,8745245557,isaac.nair@outlook.com,Indore,Madhya Pradesh,452676,Freelancer,35000,613,Verified
CUST10577,Yash,Jain,Male,1975-01-27,7445056658,yashjain37@yahoo.co.in,Bhopal,Madhya Pradesh,462976,Self-Employed Business,27000,661,Pending
CUST10578,Shweta,Verma,Female,2001-01-16,9734996010,shwetaverma78@outlook.com,Chandigarh,Punjab,160548,Self-Employed Business,63000,778,Verified
CUST10579,Sachin,Rao,Male,1991-10-02,7817359848,sachin.rao@rediffmail.com,Jaipur,Rajasthan,302806,Salaried,142000,620,Pending
CUST10580,Arjun,Reddy,Male,1987-01-04,7755344902,arjun.reddy@gmail.com,Thiruvananthapuram,Kerala,695537,Freelancer,92500,655,Verified
CUST10581,Priya,Gowda,Female,1969-01-04,6918182819,priya.gowda@hotmail.com,Warangal,Telangana,506869,Salaried,69000,650,Pending
CUST10582,Siddharth,Reddy,Male,1969-04-11,7957860694,siddharth.reddy@gmail.com,Ludhiana,Punjab,141119,Salaried,28000,664,Pending
CUST10583,Sunita,Banerjee,Female,1995-04-27,7959232342,sunita.banerjee@gmail.com,Pune,Maharashtra,411646,Salaried,78500,808,Verified
CUST10584,Sumit,Kulkarni,Male,1975-01-18,8264335027,sumit.kulkarni@gmail.com,Ludhiana,Punjab,141126,Freelancer,41500,806,Verified
CUST10585,Arjun,Agarwal,Male,1991-12-10,6231795563,arjun.agarwal@yahoo.co.in,Mysuru,Karnataka,570918,Self-Employed Business,42500,679,Failed
CUST10586,Manish,Singh,Male,1979-11-27,6643167045,manish.singh@gmail.com,Coimbatore,Tamil Nadu,641967,Self-Employed Professional,45500,705,Verified
CUST10587,Vikas,Iyer,Male,1979-02-23,8962622822,vikas.iyer@outlook.com,New Delhi,Delhi,110905,Self-Employed Professional,38500,841,Verified
CUST10588,Kunal,Sharma,Male,1987-02-08,6260869822,kunal.sharma@gmail.com,Mumbai,Maharashtra,400457,Self-Employed Professional,22000,716,Verified
CUST10589,Janani,Sharma,Other,1979-12-21,9742585917,janani.sharma@hotmail.com,Warangal,Telangana,506228,Self-Employed Professional,47500,557,Pending
CUST10590,Tushar,Kumar,Male,1978-08-31,6334245798,tushar.kumar@rediffmail.com,Howrah,West Bengal,711878,Self-Employed Professional,34000,513,Failed
CUST10591,Vikas,Kumar,Male,1994-05-06,6320203265,vikas.kumar@gmail.com,Bhubaneswar,Odisha,751595,Self-Employed Business,93500,841,Verified
CUST10592,Sangeeta,Patel,Female,1999-06-02,8855245787,sangeetapatel76@outlook.com,Kolkata,West Bengal,700164,Self-Employed Business,41500,716,Verified
CUST10593,Anand,Bhat,Male,1997-12-20,8254768182,anand.bhat@hotmail.com,Warangal,Telangana,506245,Self-Employed Professional,61500,785,Failed
CUST10594,Sachin,Agarwal,Male,1989-07-21,6858382521,sachin.agarwal@yahoo.co.in,Surat,Gujarat,395963,Self-Employed Professional,104500,696,Verified
CUST10595,Pooja,Kumar,Female,1989-05-28,9775240148,pooja.kumar@outlook.com,Ahmedabad,Gujarat,380851,Salaried,22000,900,Verified
CUST10596,Isha,Gowda,Female,1984-10-18,9933513426,isha.gowda@gmail.com,Coimbatore,Tamil Nadu,641310,Freelancer,28000,640,Verified
CUST10597,Sneha,Patel,Female,2000-08-12,9374189721,snehapatel15@outlook.com,Ludhiana,Punjab,141958,Self-Employed Business,22500,810,Pending
CUST10598,Pooja,Deshmukh,Female,1989-06-15,6199537660,pooja.deshmukh@gmail.com,Howrah,West Bengal,711962,Self-Employed Business,128000,635,Verified
CUST10599,Anita,Sharma,Female,1970-07-15,9397396417,anita.sharma@rediffmail.com,Ludhiana,Punjab,141721,Freelancer,108500,750,Verified
CUST10600,Ritu,Jain,Female,1999-05-22,6577980660,ritu.jain@yahoo.co.in,Hyderabad,Telangana,500124,Self-Employed Business,127000,778,Failed
CUST10601,Damyanti,Singh,Other,1981-10-22,7470574238,damyanti.singh@rediffmail.com,Lucknow,Uttar Pradesh,226858,Freelancer,132000,614,Verified
CUST10602,Priyanka,Dutta,Female,1990-02-22,7541165972,priyanka.dutta@hotmail.com,Warangal,Telangana,506371,Freelancer,21500,808,Verified
CUST10603,Sachin,Rao,Male,1988-09-14,8882691311,sachinrao43@hotmail.com,Coimbatore,Tamil Nadu,641833,Self-Employed Business,46500,790,Verified
CUST10604,Kunal,Deshmukh,Male,1985-11-07,6382407333,kunal.deshmukh@yahoo.co.in,Bhopal,Madhya Pradesh,462763,Self-Employed Professional,27500,705,Verified
CUST10605,Swati,Kulkarni,Female,1984-06-30,7896964546,swati.kulkarni@outlook.com,Chandigarh,Punjab,160340,Self-Employed Business,46000,751,Failed
CUST10606,Wriddhish,Deshmukh,Other,2001-09-08,7187851935,wriddhish.deshmukh@rediffmail.com,Surat,Gujarat,395576,Self-Employed Business,48000,744,Verified
CUST10607,Arjun,Sharma,Male,1991-02-13,9805721514,arjun.sharma@rediffmail.com,Kolkata,West Bengal,700845,Salaried,66000,694,Pending
CUST10608,Priya,Deshmukh,Female,1991-07-25,9289509059,priya.deshmukh@gmail.com,Bengaluru,Karnataka,560728,Salaried,49000,755,Verified
CUST10609,Yash,Joshi,Male,1967-04-29,9151169666,yash.joshi@hotmail.com,Chennai,Tamil Nadu,600967,Self-Employed Business,28500,627,Verified
CUST10610,Anita,Joshi,Female,1977-09-08,9335157184,anita.joshi@gmail.com,Thane,Maharashtra,400670,Salaried,53500,604,Verified
CUST10611,Vishal,Chawla,Male,1991-04-10,8123972835,vishal.chawla@gmail.com,Coimbatore,Tamil Nadu,641714,Self-Employed Business,84500,654,Failed
CUST10612,Ananya,Dutta,Female,1967-09-28,6441529821,ananya.dutta@hotmail.com,Warangal,Telangana,506717,Self-Employed Professional,48000,701,Verified
CUST10613,Kunal,Deshmukh,Male,1982-05-28,7373605079,kunal.deshmukh@gmail.com,Mysuru,Karnataka,570779,Self-Employed Business,108000,771,Failed
CUST10614,Vandana,Kulkarni,Female,1978-09-04,8273466661,vandana.kulkarni@hotmail.com,Pune,Maharashtra,411603,Salaried,32000,677,Failed
CUST10615,Varsha,Jain,Female,1968-06-22,6314998250,varsha.jain@rediffmail.com,Pune,Maharashtra,411148,Self-Employed Business,37500,741,Pending
CUST10616,Sneha,Agarwal,Female,2004-02-04,7850317235,sneha.agarwal@gmail.com,Ahmedabad,Gujarat,380607,Self-Employed Professional,53000,602,Pending
CUST10617,Karan,Sharma,Male,1976-10-13,8263560229,karan.sharma@yahoo.co.in,Kolkata,West Bengal,700532,Self-Employed Business,60500,757,Verified
CUST10618,Neha,Kulkarni,Female,2002-08-21,9490607231,neha.kulkarni@gmail.com,New Delhi,Delhi,110262,Freelancer,18500,523,Pending
CUST10619,Dalbir,Jain,Other,1983-11-12,8844941163,dalbir.jain@gmail.com,Guwahati,Assam,781305,Self-Employed Professional,45000,706,Verified
CUST10620,Isha,Gupta,Female,2000-03-16,6369572790,isha.gupta@rediffmail.com,Warangal,Telangana,506886,Self-Employed Professional,55500,779,Verified
CUST10621,Sangeeta,Kulkarni,Female,1994-11-23,6662481323,sangeeta.kulkarni@outlook.com,Bhopal,Madhya Pradesh,462125,Freelancer,26000,719,Verified
CUST10622,Priya,Verma,Female,1970-12-30,6688092550,priya.verma@yahoo.co.in,Hubballi,Karnataka,580800,Self-Employed Professional,22500,778,Failed
CUST10623,Wridesh,Verma,Other,1991-04-14,6079649673,wridesh.verma@hotmail.com,Kolkata,West Bengal,700453,Freelancer,36500,654,Verified
CUST10624,Karan,Gowda,Male,1998-10-16,7642506420,karan.gowda@hotmail.com,Thiruvananthapuram,Kerala,695827,Self-Employed Professional,51500,591,Verified
CUST10625,Farhan,Banerjee,Other,1985-11-29,9755562833,farhan.banerjee@yahoo.co.in,Warangal,Telangana,506682,Self-Employed Professional,67500,671,Failed
CUST10626,Priyanka,Gowda,Female,1979-10-08,7627187496,priyanka.gowda@gmail.com,Warangal,Telangana,506322,Self-Employed Business,47000,675,Verified
CUST10627,Ananya,Jain,Female,1975-04-06,9924926932,ananya.jain@hotmail.com,Lucknow,Uttar Pradesh,226579,Self-Employed Professional,66000,801,Failed
CUST10628,Sneha,Kapoor,Female,1994-03-05,6111000515,sneha.kapoor@outlook.com,Warangal,Telangana,506861,Self-Employed Professional,83000,698,Verified
CUST10629,Pooja,Patel,Female,2001-12-28,7226189628,pooja.patel@rediffmail.com,Bhubaneswar,Odisha,751816,Self-Employed Business,24500,753,Verified
CUST10630,Ritu,Chatterjee,Female,1973-08-24,6957992707,ritu.chatterjee@rediffmail.com,Kanpur,Uttar Pradesh,208447,Salaried,27000,691,Failed
CUST10631,Frederick,Kulkarni,Other,1994-06-14,8415970996,frederick.kulkarni@yahoo.co.in,Chandigarh,Punjab,160971,Self-Employed Business,29500,745,Verified
CUST10632,Isha,Verma,Female,1995-02-17,7447650471,isha.verma@outlook.com,Nagpur,Maharashtra,440233,Salaried,15000,691,Pending
CUST10633,Ritu,Reddy,Female,1982-06-15,9652548374,ritu.reddy@outlook.com,Mysuru,Karnataka,570560,Salaried,61500,723,Verified
CUST10634,Aarav,Kapoor,Male,1966-08-09,8912975191,aarav.kapoor@gmail.com,Chennai,Tamil Nadu,600304,Salaried,15500,604,Pending
CUST10635,Deepak,Verma,Male,1998-02-28,6658373792,deepak.verma@hotmail.com,Jaipur,Rajasthan,302849,Salaried,39500,723,Verified
CUST10636,Vedika,Gupta,Other,1974-06-11,7532694968,vedika.gupta@outlook.com,Ahmedabad,Gujarat,380536,Self-Employed Business,141000,722,Pending
CUST10637,Pooja,Joshi,Female,1968-11-25,6175096170,poojajoshi85@outlook.com,Chandigarh,Punjab,160814,Salaried,56500,668,Failed
CUST10638,Priyanka,Chatterjee,Female,1979-06-21,9583392056,priyankachatterjee51@hotmail.com,Kochi,Kerala,682574,Freelancer,42000,772,Verified
CUST10639,Vishal,Reddy,Male,1983-02-10,7650622923,vishal.reddy@gmail.com,Pune,Maharashtra,411500,Freelancer,27000,595,Verified
CUST10640,Neha,Deshmukh,Female,1974-07-10,9976627051,neha.deshmukh@gmail.com,Lucknow,Uttar Pradesh,226822,Freelancer,50000,715,Verified
CUST10641,Shweta,Sharma,Female,1979-10-26,7549691928,shweta.sharma@outlook.com,Noida,Uttar Pradesh,201842,Self-Employed Business,21000,694,Verified
CUST10642,Ekapad,Deshmukh,Other,1980-01-08,9485953259,ekapad.deshmukh@yahoo.co.in,Vadodara,Gujarat,390932,Self-Employed Professional,43500,566,Verified
CUST10643,Divya,Dutta,Female,1980-06-05,6877941763,divya.dutta@outlook.com,Coimbatore,Tamil Nadu,641472,Salaried,43000,597,Verified
CUST10644,Sunita,Mehta,Female,2001-02-25,8575983399,sunita.mehta@gmail.com,Jaipur,Rajasthan,302851,Salaried,58500,770,Failed
CUST10645,Riya,Jain,Female,2002-09-20,6443240061,riya.jain@outlook.com,Patna,Bihar,800894,Self-Employed Professional,41000,620,Verified
CUST10646,Gaurav,Banerjee,Male,1978-05-19,7974292501,gaurav.banerjee@gmail.com,Lucknow,Uttar Pradesh,226665,Freelancer,37000,781,Pending
CUST10647,Vandana,Reddy,Female,1983-09-29,7590459908,vandana.reddy@gmail.com,Chennai,Tamil Nadu,600608,Salaried,28500,744,Verified
CUST10648,Priya,Gupta,Female,1984-07-05,8176808662,priya.gupta@rediffmail.com,Mysuru,Karnataka,570933,Self-Employed Professional,42000,791,Verified
CUST10649,Siddharth,Iyer,Male,1991-01-07,6037003322,siddharth.iyer@rediffmail.com,Lucknow,Uttar Pradesh,226430,Freelancer,92500,706,Pending
CUST10650,Sunita,Gupta,Female,1967-10-20,7903397051,sunita.gupta@rediffmail.com,Chandigarh,Punjab,160621,Self-Employed Professional,39500,734,Verified
CUST10651,Ritu,Joshi,Female,2003-06-13,7945354614,ritujoshi67@gmail.com,Kochi,Kerala,682309,Self-Employed Professional,24500,531,Pending
CUST10652,Jeremiah,Rao,Other,2003-05-13,7945703943,jeremiah.rao@rediffmail.com,Pune,Maharashtra,411417,Salaried,32000,661,Pending
CUST10653,Priya,Banerjee,Female,1983-07-13,7778943191,priya.banerjee@gmail.com,Pune,Maharashtra,411734,Salaried,79500,669,Verified
CUST10654,Aditya,Singh,Male,1975-08-29,7651460401,aditya.singh@outlook.com,Coimbatore,Tamil Nadu,641369,Freelancer,63500,737,Verified
CUST10655,Aarav,Patel,Male,1969-11-11,7798440971,aarav.patel@yahoo.co.in,Ahmedabad,Gujarat,380166,Freelancer,52500,707,Verified
CUST10656,Aarav,Chawla,Male,1967-12-23,6447340433,aaravchawla93@gmail.com,Nagpur,Maharashtra,440994,Freelancer,53500,859,Pending
CUST10657,Karan,Singh,Male,1969-12-19,8778255882,karan.singh@outlook.com,Kanpur,Uttar Pradesh,208516,Self-Employed Professional,50000,553,Verified
CUST10658,Kabir,Bhat,Other,1984-04-17,8619425577,kabir.bhat@rediffmail.com,Madurai,Tamil Nadu,625143,Self-Employed Business,46500,755,Verified
CUST10659,Vaishnavi,Kapoor,Other,1973-02-25,7361618808,vaishnavi.kapoor@gmail.com,Mumbai,Maharashtra,400360,Self-Employed Professional,90500,792,Verified
CUST10660,Noah,Singh,Other,1990-08-08,9863956137,noah.singh@yahoo.co.in,Warangal,Telangana,506833,Salaried,77500,594,Verified
CUST10661,Rohan,Gowda,Male,1970-05-02,7000413211,rohan.gowda@outlook.com,Bhopal,Madhya Pradesh,462221,Freelancer,35000,634,Verified
CUST10662,Alka,Dutta,Other,1992-08-13,6707550476,alka.dutta@rediffmail.com,Hubballi,Karnataka,580532,Self-Employed Business,94000,629,Verified
CUST10663,Devendra,Kapoor,Male,2003-04-06,6765397054,devendra.kapoor@rediffmail.com,Bhopal,Madhya Pradesh,462321,Freelancer,58000,570,Verified
CUST10664,Isha,Banerjee,Female,1978-04-29,9804918727,isha.banerjee@outlook.com,Madurai,Tamil Nadu,625140,Self-Employed Business,52500,590,Verified
CUST10665,Nikhil,Kapoor,Male,2002-03-11,7604235973,nikhil.kapoor@hotmail.com,New Delhi,Delhi,110203,Self-Employed Professional,116500,695,Pending
CUST10666,Ananya,Jain,Female,1989-07-23,8816704686,ananya.jain@gmail.com,Bengaluru,Karnataka,560189,Self-Employed Business,128500,702,Verified
CUST10667,Anand,Sharma,Male,1973-04-08,6923785847,anand.sharma@gmail.com,Hyderabad,Telangana,500696,Freelancer,29500,769,Verified
CUST10668,Rajesh,Sharma,Male,1971-01-22,8980425373,rajesh.sharma@yahoo.co.in,Bhubaneswar,Odisha,751589,Freelancer,32000,730,Failed
CUST10669,Aniket,Iyer,Male,1971-09-12,7178192365,aniket.iyer@yahoo.co.in,Kolkata,West Bengal,700516,Salaried,33500,546,Verified
CUST10670,Sangeeta,Dutta,Female,2003-07-09,7279862398,sangeeta.dutta@outlook.com,Guwahati,Assam,781891,Salaried,41500,776,Pending
CUST10671,Manish,Nair,Male,1983-08-23,8754895478,manish.nair@hotmail.com,Ludhiana,Punjab,141875,Self-Employed Professional,43000,707,Verified
CUST10672,Vandana,Gupta,Female,1977-04-15,8449835539,vandana.gupta@yahoo.co.in,Kanpur,Uttar Pradesh,208413,Self-Employed Professional,84000,692,Verified
CUST10673,Pallavi,Iyer,Other,1974-06-13,7435885379,pallavi.iyer@rediffmail.com,Hyderabad,Telangana,500220,Self-Employed Business,52500,578,Verified
CUST10674,Megha,Kumar,Female,1987-09-23,8978524914,megha.kumar@gmail.com,Ludhiana,Punjab,141932,Freelancer,49500,722,Verified
CUST10675,Vandana,Chatterjee,Female,1992-09-13,6766512215,vandana.chatterjee@gmail.com,Nagpur,Maharashtra,440967,Salaried,28000,553,Pending
CUST10676,Siddharth,Das,Other,1975-03-11,6900159446,siddharth.das@yahoo.co.in,Surat,Gujarat,395325,Self-Employed Business,83000,761,Verified
CUST10677,Kavita,Bhat,Female,1993-08-24,6219947113,kavita.bhat@hotmail.com,Surat,Gujarat,395347,Freelancer,115500,794,Verified
CUST10678,Sumit,Rao,Male,1985-07-10,9733116772,sumit.rao@hotmail.com,Ludhiana,Punjab,141123,Self-Employed Business,19000,636,Verified
CUST10679,Ananya,Chatterjee,Female,1988-10-07,9793521962,ananya.chatterjee@hotmail.com,Ahmedabad,Gujarat,380323,Self-Employed Business,36500,566,Verified
CUST10680,Sai,Chawla,Other,1976-12-12,6706955607,sai.chawla@hotmail.com,Bhopal,Madhya Pradesh,462534,Salaried,40500,668,Verified
CUST10681,Vandana,Agarwal,Female,1992-11-15,7065031219,vandana.agarwal@rediffmail.com,Thane,Maharashtra,400356,Salaried,46000,650,Verified
CUST10682,Isha,Deshmukh,Female,1984-05-14,8281319092,ishadeshmukh70@rediffmail.com,Indore,Madhya Pradesh,452271,Self-Employed Professional,49500,764,Failed
CUST10683,Rohan,Patel,Male,2000-12-12,9852282305,rohan.patel@yahoo.co.in,Howrah,West Bengal,711625,Salaried,44500,691,Verified
CUST10684,Aniket,Deshmukh,Male,2004-08-26,8947372132,aniket.deshmukh@rediffmail.com,Nagpur,Maharashtra,440168,Freelancer,27500,718,Failed
CUST10685,Sunita,Bhat,Female,1998-07-30,9878599648,sunita.bhat@hotmail.com,Madurai,Tamil Nadu,625615,Freelancer,64000,805,Verified
CUST10686,Ananya,Reddy,Female,1987-11-09,7036279246,ananya.reddy@yahoo.co.in,Coimbatore,Tamil Nadu,641116,Self-Employed Professional,74000,658,Verified
CUST10687,Prashant,Mehta,Male,1984-08-26,6321450576,prashant.mehta@hotmail.com,Bengaluru,Karnataka,560712,Self-Employed Business,33500,659,Failed
CUST10688,Anita,Singh,Female,1980-11-13,7482012840,anita.singh@gmail.com,Ahmedabad,Gujarat,380745,Self-Employed Business,21000,790,Verified
CUST10689,Pooja,Singh,Female,1968-04-14,6776808981,pooja.singh@yahoo.co.in,Ludhiana,Punjab,141438,Freelancer,80500,594,Verified
CUST10690,Megha,Verma,Female,1967-12-23,8023693626,megha.verma@rediffmail.com,Kolkata,West Bengal,700315,Salaried,62500,738,Pending
CUST10691,Priya,Dutta,Female,1998-08-27,8749885582,priya.dutta@rediffmail.com,Howrah,West Bengal,711925,Self-Employed Professional,43500,712,Pending
CUST10692,Anjali,Chawla,Female,1979-06-22,8128333721,anjali.chawla@rediffmail.com,Chandigarh,Punjab,160522,Freelancer,39500,671,Verified
CUST10693,Anjali,Das,Female,1984-03-17,9267055143,anjali.das@hotmail.com,Guwahati,Assam,781505,Self-Employed Professional,24500,630,Verified
CUST10694,Isha,Dutta,Female,1980-09-03,9111102867,isha.dutta@gmail.com,Coimbatore,Tamil Nadu,641152,Salaried,43000,515,Pending
CUST10695,Devika,Jain,Other,1982-01-10,6024510910,devika.jain@rediffmail.com,Mumbai,Maharashtra,400941,Self-Employed Professional,81000,662,Failed
CUST10696,Anita,Dutta,Female,1978-10-05,7179428179,anita.dutta@yahoo.co.in,Jaipur,Rajasthan,302132,Freelancer,119500,859,Verified
CUST10697,Pooja,Rao,Female,1995-04-25,9634533722,pooja.rao@gmail.com,Mysuru,Karnataka,570160,Salaried,32500,675,Verified
CUST10698,Riya,Patel,Female,1994-11-26,8370526351,riya.patel@gmail.com,Nagpur,Maharashtra,440961,Self-Employed Business,25500,550,Failed
CUST10699,Mohini,Reddy,Other,1986-03-03,7565920246,mohini.reddy@gmail.com,Guwahati,Assam,781996,Self-Employed Business,24000,765,Failed
CUST10700,Siddharth,Singh,Male,1997-11-29,8955017833,siddharth.singh@yahoo.co.in,Noida,Uttar Pradesh,201796,Self-Employed Business,57500,738,Pending
CUST10701,Prashant,Kapoor,Male,1992-07-05,8870450691,prashant.kapoor@hotmail.com,Thiruvananthapuram,Kerala,695574,Self-Employed Professional,31000,849,Verified
CUST10702,Ritu,Nair,Female,1966-03-12,7037360601,ritu.nair@outlook.com,Thiruvananthapuram,Kerala,695116,Self-Employed Business,94000,708,Verified
CUST10703,Kashvi,Bhat,Other,1978-11-25,6368528306,kashvi.bhat@gmail.com,Noida,Uttar Pradesh,201762,Self-Employed Professional,23000,752,Verified
CUST10704,Vikas,Joshi,Male,1982-03-19,6448811210,vikas.joshi@yahoo.co.in,Bengaluru,Karnataka,560897,Self-Employed Business,42000,885,Verified
CUST10705,Archana,Chatterjee,Female,1995-12-19,8151526384,archana.chatterjee@gmail.com,Mysuru,Karnataka,570164,Self-Employed Professional,30000,808,Verified
CUST10706,Raksha,Singh,Other,1967-05-04,8661863239,raksha.singh@hotmail.com,Bengaluru,Karnataka,560862,Self-Employed Professional,80500,700,Verified
CUST10707,Aditya,Verma,Male,1986-04-26,7095055605,aditya.verma@hotmail.com,Mysuru,Karnataka,570237,Salaried,54500,645,Verified
CUST10708,Sunita,Kapoor,Female,2000-02-29,8190534864,sunita.kapoor@gmail.com,Hubballi,Karnataka,580156,Self-Employed Business,121000,818,Verified
CUST10709,Pooja,Das,Female,1967-01-08,6452128991,pooja.das@outlook.com,New Delhi,Delhi,110197,Self-Employed Business,64500,580,Verified
CUST10710,Devendra,Verma,Male,1978-05-28,8881898484,devendra.verma@gmail.com,Kochi,Kerala,682870,Salaried,15000,620,Pending
CUST10711,Aniket,Gupta,Male,1970-03-26,6170756814,aniket.gupta@yahoo.co.in,Vadodara,Gujarat,390183,Self-Employed Business,18000,785,Pending
CUST10712,Rahul,Kulkarni,Male,1998-09-09,7283608493,rahul.kulkarni@hotmail.com,Vadodara,Gujarat,390160,Freelancer,19500,615,Verified
CUST10713,Nikhil,Chawla,Male,1984-06-17,8439164970,nikhil.chawla@gmail.com,Kochi,Kerala,682704,Self-Employed Professional,94500,770,Verified
CUST10714,Sumit,Deshmukh,Male,1971-12-11,6330162341,sumit.deshmukh@rediffmail.com,Mumbai,Maharashtra,400767,Self-Employed Professional,148000,659,Pending
CUST10715,Zansi,Patel,Other,2004-12-21,8566847323,zansi.patel@hotmail.com,Kanpur,Uttar Pradesh,208292,Self-Employed Professional,37000,697,Verified
CUST10716,Isha,Verma,Female,2001-01-19,6784361424,ishaverma64@yahoo.co.in,Mumbai,Maharashtra,400584,Salaried,50500,748,Pending
CUST10717,Shweta,Kumar,Female,1978-02-04,7737203763,shweta.kumar@rediffmail.com,Coimbatore,Tamil Nadu,641212,Self-Employed Business,68500,748,Pending
CUST10718,Pooja,Kapoor,Female,1984-02-10,6191344389,pooja.kapoor@rediffmail.com,Hyderabad,Telangana,500742,Freelancer,84500,771,Verified
CUST10719,Ananya,Chatterjee,Female,1974-09-04,7146449369,ananya.chatterjee@rediffmail.com,Kanpur,Uttar Pradesh,208198,Freelancer,43000,664,Verified
CUST10720,Priya,Chatterjee,Female,1976-03-17,9801192360,priya.chatterjee@yahoo.co.in,Patna,Bihar,800522,Salaried,52000,658,Verified
CUST10721,Aditya,Nair,Male,1966-07-11,9149731539,aditya.nair@gmail.com,Mysuru,Karnataka,570924,Self-Employed Business,80500,788,Verified
CUST10722,Neha,Bhat,Female,1973-06-29,6736511893,neha.bhat@rediffmail.com,Howrah,West Bengal,711100,Freelancer,76000,522,Pending
CUST10723,Ananya,Iyer,Female,1978-05-07,7223023332,ananya.iyer@outlook.com,Patna,Bihar,800162,Freelancer,33000,594,Failed
CUST10724,Varsha,Das,Female,1972-11-26,6276025082,varsha.das@hotmail.com,Hubballi,Karnataka,580186,Self-Employed Professional,32000,635,Failed
CUST10725,Gaurav,Jain,Male,1989-05-03,8729893762,gaurav.jain@rediffmail.com,Bhopal,Madhya Pradesh,462385,Self-Employed Business,33500,859,Verified
CUST10726,Nikhil,Rao,Male,1982-11-05,9191203818,nikhil.rao@hotmail.com,Kochi,Kerala,682765,Self-Employed Professional,93000,575,Verified
CUST10727,Sneha,Bhat,Female,1970-03-13,8458220673,sneha.bhat@yahoo.co.in,Surat,Gujarat,395815,Salaried,46500,735,Verified
CUST10728,Isha,Iyer,Female,1978-05-25,8000000152,isha.iyer@rediffmail.com,Mysuru,Karnataka,570184,Self-Employed Professional,40500,625,Pending
CUST10729,Anjali,Gowda,Female,1999-07-29,6255618444,anjali.gowda@yahoo.co.in,Mysuru,Karnataka,570658,Self-Employed Professional,55500,703,Failed
CUST10730,Aniket,Joshi,Male,2002-12-24,8890567086,aniket.joshi@hotmail.com,Pune,Maharashtra,411145,Salaried,30500,673,Verified
CUST10731,Sneha,Mehta,Female,1984-03-05,9913624835,sneha.mehta@outlook.com,Thane,Maharashtra,400474,Self-Employed Business,39000,793,Verified
CUST10732,Kavita,Deshmukh,Female,1984-05-26,9950982210,kavita.deshmukh@outlook.com,Thane,Maharashtra,400225,Freelancer,27000,757,Pending
CUST10733,Vandana,Joshi,Female,1990-07-23,9738363816,vandanajoshi29@yahoo.co.in,Bengaluru,Karnataka,560244,Freelancer,52000,598,Pending
CUST10734,Siya,Kapoor,Other,1979-10-18,9420362586,siya.kapoor@yahoo.co.in,Hubballi,Karnataka,580417,Self-Employed Business,68000,825,Verified
CUST10735,Pooja,Verma,Female,1974-05-16,9355824301,pooja.verma@hotmail.com,Ludhiana,Punjab,141415,Freelancer,60000,762,Verified
CUST10736,Vikas,Patel,Male,1982-07-11,7888245279,vikas.patel@gmail.com,Noida,Uttar Pradesh,201138,Self-Employed Business,53500,777,Verified
CUST10737,Vikram,Singh,Male,1974-09-19,8951632111,vikram.singh@rediffmail.com,Patna,Bihar,800638,Freelancer,118500,726,Verified
CUST10738,Sachin,Gupta,Male,1994-04-20,7732653060,sachin.gupta@gmail.com,Mysuru,Karnataka,570868,Freelancer,63500,680,Verified
CUST10739,Sunita,Kapoor,Female,2004-10-04,6023009156,sunitakapoor26@rediffmail.com,Mumbai,Maharashtra,400350,Freelancer,29000,708,Failed
CUST10740,Archana,Kapoor,Female,1984-08-21,6936595201,archanakapoor19@rediffmail.com,New Delhi,Delhi,110991,Self-Employed Business,26500,626,Verified
CUST10741,Sachin,Mehta,Male,1999-12-08,9322399821,sachin.mehta@yahoo.co.in,Bhopal,Madhya Pradesh,462381,Self-Employed Business,37500,843,Verified
CUST10742,Sunita,Das,Female,1999-07-08,6505376660,sunita.das@rediffmail.com,Hubballi,Karnataka,580219,Self-Employed Professional,28000,797,Verified
CUST10743,Anita,Sharma,Female,1983-04-30,7715312345,anita.sharma@outlook.com,Thane,Maharashtra,400937,Freelancer,45000,730,Failed
CUST10744,Riya,Bhat,Female,1994-11-23,7938440134,riya.bhat@rediffmail.com,Mumbai,Maharashtra,400912,Freelancer,66500,717,Verified
CUST10745,Siddharth,Singh,Male,1993-07-26,6015709085,siddharth.singh@rediffmail.com,Bengaluru,Karnataka,560922,Self-Employed Business,34500,509,Pending
CUST10746,Tanvi,Gowda,Female,1984-11-15,9489971842,tanvi.gowda@rediffmail.com,Chandigarh,Punjab,160693,Freelancer,60000,591,Verified
CUST10747,Vikram,Agarwal,Male,1979-11-21,7231234266,vikram.agarwal@rediffmail.com,Thane,Maharashtra,400517,Salaried,106500,693,Failed
CUST10748,Ananya,Gowda,Female,1985-10-29,7348389359,ananya.gowda@outlook.com,Vadodara,Gujarat,390632,Self-Employed Professional,62000,671,Pending
CUST10749,Aniket,Jain,Male,1991-05-27,9508269582,aniket.jain@hotmail.com,Howrah,West Bengal,711195,Freelancer,49500,900,Verified
CUST10750,Rohan,Chatterjee,Male,2002-04-12,9123859514,rohan.chatterjee@yahoo.co.in,Howrah,West Bengal,711508,Self-Employed Professional,15000,653,Pending
CUST10751,Aarav,Joshi,Male,1987-06-18,7008696610,aarav.joshi@gmail.com,Ludhiana,Punjab,141615,Self-Employed Professional,69500,720,Verified
CUST10752,Karan,Gowda,Male,1993-03-17,6507628397,karangowda16@yahoo.co.in,Chandigarh,Punjab,160325,Self-Employed Business,38500,693,Verified
CUST10753,Vikas,Kumar,Male,2000-03-23,9292508177,vikas.kumar@hotmail.com,Thane,Maharashtra,400264,Salaried,62500,678,Verified
CUST10754,Anita,Kulkarni,Female,1974-11-26,7731255235,anita.kulkarni@hotmail.com,Hubballi,Karnataka,580578,Salaried,42500,738,Verified
CUST10755,Nikhil,Patel,Male,1975-10-26,9385277895,nikhil.patel@hotmail.com,New Delhi,Delhi,110294,Self-Employed Professional,28000,719,Verified
CUST10756,Vikas,Joshi,Male,2004-10-12,8026480164,vikas.joshi@outlook.com,Thane,Maharashtra,400342,Freelancer,30500,600,Verified
CUST10757,Prashant,Kapoor,Male,2001-06-24,9822102179,prashant.kapoor@rediffmail.com,Hyderabad,Telangana,500204,Self-Employed Professional,37000,573,Failed
CUST10758,Jai,Iyer,Other,1993-03-16,9363831828,jai.iyer@outlook.com,Thiruvananthapuram,Kerala,695129,Self-Employed Business,16000,811,Pending
CUST10759,Yug,Das,Other,1984-01-26,6770673682,yug.das@gmail.com,Chandigarh,Punjab,160882,Salaried,38500,737,Verified
CUST10760,Umang,Singh,Other,1980-09-16,7165058714,umang.singh@hotmail.com,Coimbatore,Tamil Nadu,641850,Salaried,48500,588,Verified
CUST10761,Anjali,Bhat,Female,1992-06-29,8369984802,anjali.bhat@yahoo.co.in,Nagpur,Maharashtra,440971,Self-Employed Business,56000,797,Pending
CUST10762,Neha,Agarwal,Female,1979-02-03,7495988114,neha.agarwal@outlook.com,Bhopal,Madhya Pradesh,462741,Freelancer,25500,695,Verified
CUST10763,Devansh,Joshi,Other,1967-03-06,9461917798,devansh.joshi@hotmail.com,Ludhiana,Punjab,141654,Self-Employed Professional,98000,691,Failed
CUST10764,Yash,Mehta,Male,1980-05-11,7708580623,yash.mehta@outlook.com,Thane,Maharashtra,400812,Self-Employed Business,130000,651,Verified
CUST10765,Hamsini,Banerjee,Other,1991-07-14,6012482554,hamsini.banerjee@outlook.com,Hyderabad,Telangana,500636,Freelancer,41500,729,Verified
CUST10766,Ansh,Mehta,Other,1996-08-29,8633891562,ansh.mehta@outlook.com,Mysuru,Karnataka,570800,Self-Employed Business,15000,577,Verified
CUST10767,Tanvi,Iyer,Female,1982-08-07,6381865507,tanvi.iyer@rediffmail.com,Kolkata,West Bengal,700495,Self-Employed Business,22500,704,Failed
CUST10768,Megha,Sharma,Female,1974-09-17,8918911797,megha.sharma@yahoo.co.in,Thane,Maharashtra,400303,Self-Employed Business,49500,648,Verified
CUST10769,Sangeeta,Patel,Female,1980-08-28,8313259367,sangeeta.patel@rediffmail.com,Hubballi,Karnataka,580343,Freelancer,41000,572,Verified
CUST10770,Vikram,Singh,Male,1973-12-15,9698198780,vikramsingh71@yahoo.co.in,Mumbai,Maharashtra,400378,Self-Employed Business,53000,683,Verified
CUST10771,Sunita,Das,Female,1984-08-31,6598678744,sunita.das@yahoo.co.in,Chennai,Tamil Nadu,600604,Self-Employed Business,78500,789,Pending
CUST10772,Swati,Das,Female,1982-04-26,8942824911,swati.das@hotmail.com,Noida,Uttar Pradesh,201126,Self-Employed Professional,27000,813,Verified
CUST10773,Aniket,Gowda,Male,2003-01-17,6551305570,aniket.gowda@rediffmail.com,Ahmedabad,Gujarat,380748,Freelancer,47500,626,Failed
CUST10774,Sneha,Dutta,Female,1983-03-09,9997273677,sneha.dutta@outlook.com,Thiruvananthapuram,Kerala,695253,Salaried,77500,489,Pending
CUST10775,Archana,Kapoor,Female,1971-12-31,7123920491,archana.kapoor@gmail.com,Ludhiana,Punjab,141856,Salaried,94500,685,Verified
CUST10776,Victor,Bhat,Other,1986-10-11,8082768172,victor.bhat@yahoo.co.in,Kanpur,Uttar Pradesh,208591,Freelancer,23000,656,Verified
CUST10777,Nikhil,Mehta,Male,2004-09-13,6529187683,nikhil.mehta@gmail.com,Kochi,Kerala,682154,Self-Employed Professional,52500,702,Verified
CUST10778,Thomas,Kapoor,Other,1975-09-30,7052229993,thomas.kapoor@hotmail.com,Madurai,Tamil Nadu,625203,Freelancer,101000,744,Verified
CUST10779,Sunita,Mehta,Female,1976-08-10,7553983584,sunita.mehta@outlook.com,Thiruvananthapuram,Kerala,695225,Freelancer,66000,780,Verified
CUST10780,Pooja,Deshmukh,Female,1966-11-17,8449791279,pooja.deshmukh@rediffmail.com,Bhopal,Madhya Pradesh,462102,Self-Employed Professional,50000,636,Pending
CUST10781,Sangeeta,Agarwal,Female,1988-04-29,6375298832,sangeeta.agarwal@yahoo.co.in,Pune,Maharashtra,411931,Salaried,26000,832,Verified
CUST10782,Kavita,Joshi,Female,1967-09-09,6487978889,kavitajoshi97@outlook.com,Ahmedabad,Gujarat,380809,Self-Employed Business,56500,627,Verified
CUST10783,Deepak,Sharma,Male,1978-06-23,8361995171,deepak.sharma@outlook.com,Madurai,Tamil Nadu,625315,Salaried,61500,791,Verified
CUST10784,Abhimanyu,Sharma,Other,1970-02-24,8374830930,abhimanyu.sharma@rediffmail.com,Thiruvananthapuram,Kerala,695581,Salaried,22500,649,Verified
CUST10785,Anand,Iyer,Male,1997-06-02,9672019111,anand.iyer@hotmail.com,Kochi,Kerala,682207,Self-Employed Professional,49500,629,Pending
CUST10786,Sangeeta,Deshmukh,Female,1974-11-18,7049366538,sangeeta.deshmukh@gmail.com,Hyderabad,Telangana,500566,Self-Employed Business,59500,763,Verified
CUST10787,Karan,Sharma,Male,2001-06-06,9825095229,karan.sharma@outlook.com,Ludhiana,Punjab,141231,Salaried,97500,756,Verified
CUST10788,Ekavir,Kumar,Other,2003-08-31,6039952970,ekavir.kumar@gmail.com,Surat,Gujarat,395564,Salaried,29000,850,Verified
CUST10789,Ritu,Rao,Female,2000-03-16,7304120270,ritu.rao@hotmail.com,New Delhi,Delhi,110470,Self-Employed Professional,42500,671,Verified
CUST10790,Prashant,Kapoor,Male,1998-05-14,6669063224,prashantkapoor53@gmail.com,Lucknow,Uttar Pradesh,226367,Self-Employed Professional,118000,736,Pending
CUST10791,Anjali,Deshmukh,Female,1968-08-18,6095679756,anjali.deshmukh@outlook.com,Bengaluru,Karnataka,560479,Freelancer,65000,679,Failed
CUST10792,Devendra,Nair,Male,1987-07-07,6247601080,devendra.nair@gmail.com,New Delhi,Delhi,110139,Self-Employed Professional,82500,613,Failed
CUST10793,Rahul,Joshi,Male,1985-01-04,6808157129,rahuljoshi53@gmail.com,Thane,Maharashtra,400574,Salaried,42000,702,Verified
CUST10794,Yash,Rao,Male,1982-03-14,8743621300,yash.rao@rediffmail.com,Indore,Madhya Pradesh,452286,Self-Employed Business,47500,673,Verified
CUST10795,Neha,Chatterjee,Female,1967-05-02,7180533962,neha.chatterjee@hotmail.com,Kolkata,West Bengal,700958,Freelancer,85000,630,Verified
CUST10796,Megha,Mehta,Female,1997-05-18,9000466614,megha.mehta@outlook.com,Pune,Maharashtra,411873,Salaried,57000,636,Verified
CUST10797,Daniel,Gowda,Other,1977-10-13,7881949053,daniel.gowda@gmail.com,Lucknow,Uttar Pradesh,226903,Self-Employed Professional,45000,536,Failed
CUST10798,Ritu,Dutta,Female,1989-09-27,9313797166,ritu.dutta@rediffmail.com,Jaipur,Rajasthan,302204,Freelancer,23500,838,Verified
CUST10799,Megha,Deshmukh,Female,2003-04-10,7562389949,megha.deshmukh@rediffmail.com,New Delhi,Delhi,110725,Freelancer,67000,650,Failed
CUST10800,Anand,Gupta,Male,1984-06-04,6204181359,anand.gupta@rediffmail.com,Bhopal,Madhya Pradesh,462250,Salaried,22000,711,Verified
CUST10801,Veer,Agarwal,Other,1967-05-16,6864482217,veer.agarwal@outlook.com,Surat,Gujarat,395684,Freelancer,90500,846,Verified
CUST10802,Gaurav,Bhat,Male,1968-02-07,9757123691,gaurav.bhat@outlook.com,Kochi,Kerala,682193,Salaried,102500,709,Verified
CUST10803,Sanjay,Iyer,Male,1984-12-30,7769704095,sanjay.iyer@yahoo.co.in,New Delhi,Delhi,110364,Salaried,71500,687,Verified
CUST10804,Ekansh,Deshmukh,Other,1973-12-10,9488356517,ekansh.deshmukh@rediffmail.com,Kochi,Kerala,682286,Self-Employed Business,139500,628,Verified
CUST10805,Megha,Kapoor,Female,1977-11-17,9047842170,megha.kapoor@yahoo.co.in,Noida,Uttar Pradesh,201204,Freelancer,25000,789,Verified
CUST10806,Divya,Sharma,Female,1988-07-17,7486883906,divya.sharma@yahoo.co.in,Kolkata,West Bengal,700504,Freelancer,47500,734,Failed
CUST10807,Tushar,Das,Male,1970-11-04,7376052304,tushar.das@outlook.com,Hubballi,Karnataka,580510,Self-Employed Business,107000,803,Verified
CUST10808,Shweta,Mehta,Female,1977-10-05,6916503440,shweta.mehta@rediffmail.com,Thiruvananthapuram,Kerala,695511,Salaried,40000,579,Pending
CUST10809,Tanvi,Bhat,Female,1991-09-18,6880678214,tanvi.bhat@gmail.com,Bhopal,Madhya Pradesh,462377,Freelancer,185500,727,Verified
CUST10810,Megha,Jain,Female,1992-02-05,9987486941,megha.jain@outlook.com,Noida,Uttar Pradesh,201702,Self-Employed Business,19000,602,Verified
CUST10811,Azad,Kapoor,Other,1968-10-10,7988636536,azad.kapoor@yahoo.co.in,Hubballi,Karnataka,580627,Self-Employed Business,29500,764,Verified
CUST10812,Swati,Nair,Female,1974-01-10,6466489667,swati.nair@hotmail.com,Thane,Maharashtra,400434,Freelancer,66000,692,Failed
CUST10813,Priya,Bhat,Female,1967-04-24,9453389062,priya.bhat@yahoo.co.in,Chandigarh,Punjab,160364,Freelancer,67000,670,Verified
CUST10814,Nikhil,Gowda,Male,1980-12-25,8300622122,nikhil.gowda@outlook.com,Hyderabad,Telangana,500880,Freelancer,25000,763,Verified
CUST10815,Vikram,Reddy,Male,1993-07-05,6601124115,vikram.reddy@rediffmail.com,Kolkata,West Bengal,700646,Freelancer,101000,571,Verified
CUST10816,Shweta,Bhat,Female,1971-09-26,7129957047,shweta.bhat@yahoo.co.in,Thiruvananthapuram,Kerala,695911,Self-Employed Business,111500,697,Verified
CUST10817,Aditya,Kulkarni,Male,1989-09-20,8375365968,aditya.kulkarni@gmail.com,Patna,Bihar,800667,Self-Employed Business,37500,712,Verified
CUST10818,Ganga,Bhat,Other,1997-03-01,7854540064,ganga.bhat@outlook.com,Chandigarh,Punjab,160392,Freelancer,37000,534,Verified
CUST10819,Sunita,Dutta,Female,2000-05-01,9917763342,sunita.dutta@hotmail.com,Madurai,Tamil Nadu,625131,Self-Employed Professional,96500,688,Verified
CUST10820,Priyanka,Jain,Female,1966-07-26,6196304530,priyanka.jain@hotmail.com,Surat,Gujarat,395432,Self-Employed Professional,36000,680,Failed
CUST10821,Ekavir,Gowda,Other,1999-03-18,6816778481,ekavir.gowda@hotmail.com,Kanpur,Uttar Pradesh,208276,Self-Employed Business,79500,649,Verified
CUST10822,Priyanka,Jain,Female,1968-12-16,9993781053,priyanka.jain@rediffmail.com,New Delhi,Delhi,110250,Freelancer,108000,632,Verified
CUST10823,Swati,Chawla,Female,1985-02-02,7904579271,swati.chawla@outlook.com,Bhopal,Madhya Pradesh,462797,Self-Employed Professional,33000,655,Verified
CUST10824,Vandana,Deshmukh,Female,1992-07-28,9283391218,vandana.deshmukh@hotmail.com,Pune,Maharashtra,411501,Self-Employed Professional,116500,712,Verified
CUST10825,Kavita,Joshi,Female,1972-07-15,6010232001,kavita.joshi@rediffmail.com,Ludhiana,Punjab,141572,Freelancer,39500,816,Failed
CUST10826,Yoshita,Chatterjee,Other,1998-01-25,9108143561,yoshita.chatterjee@outlook.com,Thane,Maharashtra,400841,Self-Employed Professional,75000,675,Verified
CUST10827,Sneha,Verma,Female,2001-04-07,9468235469,sneha.verma@outlook.com,Hubballi,Karnataka,580135,Salaried,15000,692,Verified
CUST10828,Priya,Kapoor,Female,1992-05-23,9715006666,priya.kapoor@outlook.com,Mysuru,Karnataka,570175,Salaried,83000,567,Pending
CUST10829,Tushar,Deshmukh,Male,1978-08-29,6785169949,tushar.deshmukh@hotmail.com,Nagpur,Maharashtra,440635,Salaried,33500,633,Verified
CUST10830,Sunita,Mehta,Female,1982-12-14,9269708386,sunita.mehta@rediffmail.com,New Delhi,Delhi,110583,Freelancer,59000,693,Failed
CUST10831,Sachin,Banerjee,Male,1982-11-30,6932012657,sachin.banerjee@rediffmail.com,Hyderabad,Telangana,500489,Salaried,36000,774,Verified
CUST10832,Archana,Banerjee,Female,1987-10-31,9412746921,archanabanerjee96@rediffmail.com,Coimbatore,Tamil Nadu,641387,Salaried,57000,823,Verified
CUST10833,Aniket,Dutta,Male,1987-06-03,8891704542,aniket.dutta@gmail.com,Kanpur,Uttar Pradesh,208797,Self-Employed Business,21500,592,Verified
CUST10834,Aarav,Chawla,Male,1972-05-07,7570900163,aarav.chawla@outlook.com,Thiruvananthapuram,Kerala,695381,Salaried,42000,704,Verified
CUST10835,Tanvi,Reddy,Female,1998-05-07,8001788224,tanvi.reddy@hotmail.com,Vadodara,Gujarat,390192,Self-Employed Professional,110000,793,Verified
CUST10836,Anand,Chawla,Male,1982-09-05,6927115261,anand.chawla@gmail.com,Chandigarh,Punjab,160332,Freelancer,16500,600,Verified
CUST10837,Wazir,Sharma,Other,1966-03-17,9418948543,wazir.sharma@yahoo.co.in,Patna,Bihar,800523,Self-Employed Professional,79500,637,Verified
CUST10838,Pankaj,Kapoor,Male,1969-12-14,7734813104,pankaj.kapoor@outlook.com,Nagpur,Maharashtra,440257,Self-Employed Business,96000,665,Verified
CUST10839,Pooja,Kulkarni,Female,2001-02-25,8748352680,pooja.kulkarni@hotmail.com,Howrah,West Bengal,711658,Freelancer,20500,611,Pending
CUST10840,Pooja,Bhat,Female,1988-07-31,7842536462,pooja.bhat@rediffmail.com,Thane,Maharashtra,400438,Self-Employed Business,37000,683,Verified
CUST10841,Deepak,Chawla,Male,1974-03-14,6908551074,deepak.chawla@gmail.com,Hubballi,Karnataka,580339,Salaried,41500,669,Pending
CUST10842,Aniket,Reddy,Male,2002-02-17,8760220695,aniket.reddy@yahoo.co.in,Lucknow,Uttar Pradesh,226937,Self-Employed Business,54500,696,Failed
CUST10843,Priyanka,Verma,Female,1966-06-23,7601515325,priyankaverma66@outlook.com,Noida,Uttar Pradesh,201132,Freelancer,43000,900,Verified
CUST10844,Sunita,Verma,Female,1981-11-15,8031006493,sunitaverma36@gmail.com,New Delhi,Delhi,110103,Self-Employed Business,83000,713,Failed
CUST10845,Anita,Gupta,Female,1990-05-07,8913599285,anita.gupta@outlook.com,Vadodara,Gujarat,390482,Self-Employed Business,26500,741,Verified
CUST10846,Riya,Bhat,Female,1968-08-21,6867740378,riya.bhat@outlook.com,Chennai,Tamil Nadu,600833,Self-Employed Professional,63500,636,Verified
CUST10847,Aarav,Sharma,Male,1983-08-12,9762550325,aarav.sharma@gmail.com,Bengaluru,Karnataka,560605,Self-Employed Professional,86500,621,Verified
CUST10848,Prashant,Bhat,Male,1977-06-06,7902923345,prashant.bhat@gmail.com,Bengaluru,Karnataka,560115,Salaried,53500,622,Pending
CUST10849,Sunita,Das,Female,1988-11-23,8302116673,sunitadas10@rediffmail.com,Jaipur,Rajasthan,302794,Self-Employed Business,37500,838,Failed
CUST10850,Isha,Gupta,Female,1973-09-02,9426033620,isha.gupta@yahoo.co.in,Patna,Bihar,800478,Self-Employed Business,45500,699,Verified
CUST10851,Arya,Dutta,Other,1971-08-28,6711523802,arya.dutta@yahoo.co.in,Indore,Madhya Pradesh,452817,Self-Employed Professional,57500,470,Failed
CUST10852,Rajesh,Chawla,Male,1987-12-06,6591611863,rajesh.chawla@rediffmail.com,Chandigarh,Punjab,160440,Salaried,50000,754,Verified
CUST10853,Tushar,Verma,Male,1999-08-30,8378931869,tushar.verma@yahoo.co.in,Bhubaneswar,Odisha,751276,Self-Employed Business,15000,865,Verified
CUST10854,Arjun,Kapoor,Male,1999-10-28,9200283948,arjun.kapoor@yahoo.co.in,Surat,Gujarat,395238,Self-Employed Professional,76500,748,Verified
CUST10855,Tanvi,Jain,Female,1974-10-21,6202030423,tanvi.jain@yahoo.co.in,Chennai,Tamil Nadu,600834,Freelancer,44000,577,Verified
CUST10856,Rajesh,Gupta,Male,1984-09-30,8064630059,rajesh.gupta@yahoo.co.in,Bhopal,Madhya Pradesh,462567,Freelancer,15000,582,Verified
CUST10857,Sumit,Sharma,Male,1995-03-28,7916174690,sumit.sharma@yahoo.co.in,Ahmedabad,Gujarat,380222,Salaried,15000,900,Verified
CUST10858,Ritu,Kumar,Female,1973-04-11,7913167080,ritukumar81@hotmail.com,Chandigarh,Punjab,160961,Freelancer,38000,802,Pending
CUST10859,Divya,Gupta,Female,1991-08-02,9550494440,divya.gupta@hotmail.com,Indore,Madhya Pradesh,452500,Self-Employed Professional,69000,651,Verified
CUST10860,Ananya,Rao,Female,1995-01-13,9273226261,ananyarao28@outlook.com,Kolkata,West Bengal,700321,Freelancer,48000,738,Verified
CUST10861,Vandana,Verma,Female,1989-12-11,9991962341,vandana.verma@rediffmail.com,Ludhiana,Punjab,141369,Self-Employed Professional,29000,666,Verified
CUST10862,Isha,Singh,Female,1995-11-28,6583334303,ishasingh56@gmail.com,Guwahati,Assam,781515,Salaried,29000,674,Pending
CUST10863,Swati,Iyer,Female,1978-01-18,9576945353,swati.iyer@hotmail.com,Chandigarh,Punjab,160677,Freelancer,30000,775,Failed
CUST10864,Pankaj,Kulkarni,Male,1978-07-30,7125450809,pankaj.kulkarni@outlook.com,Jodhpur,Rajasthan,342620,Salaried,64000,692,Failed
CUST10865,Swati,Kumar,Female,1983-10-24,8721307423,swati.kumar@outlook.com,New Delhi,Delhi,110372,Self-Employed Professional,15000,726,Verified
CUST10866,Archana,Rao,Female,2000-11-04,8430796373,archana.rao@gmail.com,Pune,Maharashtra,411130,Salaried,44000,684,Verified
CUST10867,Manish,Kapoor,Male,1990-08-17,9184523542,manish.kapoor@hotmail.com,Patna,Bihar,800365,Self-Employed Business,112500,737,Verified
CUST10868,Siddharth,Joshi,Male,1995-01-27,6865237772,siddharth.joshi@rediffmail.com,Indore,Madhya Pradesh,452509,Self-Employed Business,40000,877,Verified
CUST10869,Yash,Banerjee,Male,1990-02-02,6055800027,yash.banerjee@yahoo.co.in,Chennai,Tamil Nadu,600167,Self-Employed Business,25500,772,Verified
CUST10870,Sanjay,Rao,Male,1976-03-03,6368172031,sanjay.rao@yahoo.co.in,Ludhiana,Punjab,141737,Self-Employed Business,37500,758,Pending
CUST10871,Sanjay,Gowda,Male,1974-05-14,9352595332,sanjay.gowda@yahoo.co.in,Coimbatore,Tamil Nadu,641755,Freelancer,22500,854,Verified
CUST10872,Karan,Singh,Male,2004-04-04,9353236618,karansingh70@gmail.com,Kochi,Kerala,682193,Salaried,48500,712,Verified
CUST10873,Vikram,Agarwal,Male,2002-03-13,7360107126,vikram.agarwal@gmail.com,Kanpur,Uttar Pradesh,208760,Self-Employed Professional,102500,900,Pending
CUST10874,Rahul,Iyer,Male,2001-08-09,9484673574,rahul.iyer@yahoo.co.in,Coimbatore,Tamil Nadu,641314,Self-Employed Professional,29500,563,Verified
CUST10875,Manish,Bhat,Male,1996-01-27,7225606295,manish.bhat@yahoo.co.in,Chandigarh,Punjab,160771,Salaried,73000,694,Verified
CUST10876,Vedika,Patel,Other,1989-11-05,6467413075,vedika.patel@yahoo.co.in,Jodhpur,Rajasthan,342890,Salaried,55000,643,Verified
CUST10877,Tanish,Verma,Other,1988-10-26,8639756154,tanish.verma@hotmail.com,Nagpur,Maharashtra,440470,Self-Employed Business,34500,582,Verified
CUST10878,Anita,Das,Female,1998-04-25,8119556409,anita.das@gmail.com,Ludhiana,Punjab,141706,Self-Employed Professional,52000,707,Verified
CUST10879,Ananya,Mehta,Female,1966-10-25,8262019712,ananya.mehta@gmail.com,Coimbatore,Tamil Nadu,641414,Salaried,117000,774,Verified
CUST10880,Sangeeta,Bhat,Female,1991-06-01,9609873126,sangeeta.bhat@hotmail.com,Bhubaneswar,Odisha,751336,Salaried,26000,641,Verified
CUST10881,Swati,Agarwal,Female,1989-12-27,9865339431,swati.agarwal@rediffmail.com,Mysuru,Karnataka,570745,Freelancer,36500,824,Verified
CUST10882,Anand,Mehta,Male,1968-01-19,7191505764,anand.mehta@outlook.com,Patna,Bihar,800918,Self-Employed Business,41500,584,Verified
CUST10883,Ritu,Rao,Female,1979-11-14,9764979741,riturao59@yahoo.co.in,Kanpur,Uttar Pradesh,208536,Salaried,31500,675,Verified
CUST10884,Sachin,Kapoor,Male,1983-04-28,8969277119,sachin.kapoor@outlook.com,Chennai,Tamil Nadu,600682,Freelancer,32000,779,Pending
CUST10885,Arjun,Singh,Male,1981-09-09,6282763643,arjun.singh@gmail.com,Lucknow,Uttar Pradesh,226728,Self-Employed Business,125000,730,Verified
CUST10886,Ritu,Singh,Female,1978-08-21,9634544344,ritu.singh@gmail.com,Jodhpur,Rajasthan,342726,Salaried,15000,762,Verified
CUST10887,Kevin,Nair,Other,1978-05-16,9439464088,kevin.nair@yahoo.co.in,Coimbatore,Tamil Nadu,641329,Salaried,53000,751,Verified
CUST10888,Urvashi,Bhat,Other,1994-10-28,8132109720,urvashi.bhat@yahoo.co.in,New Delhi,Delhi,110981,Freelancer,71000,514,Verified
CUST10889,Karan,Gowda,Male,1997-11-02,9557922030,karan.gowda@gmail.com,Jodhpur,Rajasthan,342384,Freelancer,75500,761,Failed
CUST10890,Priya,Kumar,Female,2004-10-09,8896359570,priyakumar20@hotmail.com,Ahmedabad,Gujarat,380170,Self-Employed Business,68500,561,Verified
CUST10891,Megha,Gupta,Female,1969-04-02,7885034236,meghagupta14@yahoo.co.in,Vadodara,Gujarat,390299,Self-Employed Business,42000,670,Verified
CUST10892,Megha,Iyer,Female,1986-03-22,9868008529,megha.iyer@outlook.com,Ludhiana,Punjab,141871,Salaried,40000,623,Verified
CUST10893,Kavita,Reddy,Female,1968-08-15,7385022894,kavita.reddy@hotmail.com,Kochi,Kerala,682446,Self-Employed Professional,41000,647,Verified
CUST10894,Sanjay,Deshmukh,Male,1966-06-02,7025691330,sanjay.deshmukh@yahoo.co.in,Pune,Maharashtra,411324,Self-Employed Professional,28500,753,Verified
CUST10895,Ananya,Banerjee,Female,2004-05-24,9279955302,ananya.banerjee@outlook.com,Chandigarh,Punjab,160315,Salaried,47500,707,Verified
CUST10896,Divya,Verma,Female,1971-09-13,8719017222,divyaverma57@gmail.com,Thane,Maharashtra,400549,Freelancer,75500,813,Failed
CUST10897,Yash,Chatterjee,Male,1994-10-22,9546199240,yash.chatterjee@hotmail.com,Chandigarh,Punjab,160755,Self-Employed Professional,68500,553,Pending
CUST10898,Kunal,Agarwal,Male,1968-11-16,7259095668,kunal.agarwal@outlook.com,Kolkata,West Bengal,700619,Self-Employed Professional,100500,743,Failed
CUST10899,Vishal,Joshi,Male,1970-06-22,7110187803,vishal.joshi@outlook.com,Thiruvananthapuram,Kerala,695926,Salaried,192000,816,Verified
CUST10900,Pooja,Jain,Female,1967-08-14,7925199945,pooja.jain@yahoo.co.in,Lucknow,Uttar Pradesh,226852,Salaried,44000,607,Verified
CUST10901,Xavier,Nair,Other,1977-03-16,7872205422,xavier.nair@gmail.com,Ludhiana,Punjab,141280,Freelancer,76000,656,Failed
CUST10902,Karan,Agarwal,Male,2003-09-16,9899504702,karan.agarwal@gmail.com,Chandigarh,Punjab,160728,Freelancer,98000,581,Verified
CUST10903,Neha,Dutta,Female,1997-06-28,7663295634,neha.dutta@yahoo.co.in,Bhopal,Madhya Pradesh,462609,Freelancer,36000,848,Verified
CUST10904,Anita,Kumar,Female,1981-09-01,6292059229,anita.kumar@outlook.com,New Delhi,Delhi,110173,Self-Employed Business,61500,635,Failed
CUST10905,Urvashi,Jain,Other,1992-02-02,9363726294,urvashi.jain@yahoo.co.in,Nagpur,Maharashtra,440541,Freelancer,50000,747,Verified
CUST10906,Vikas,Patel,Male,1976-01-03,6049832112,vikas.patel@yahoo.co.in,Hubballi,Karnataka,580948,Self-Employed Professional,68000,621,Verified
CUST10907,Niharika,Singh,Other,1990-02-23,7686876401,niharika.singh@rediffmail.com,New Delhi,Delhi,110643,Self-Employed Business,27500,900,Pending
CUST10908,Aditya,Kumar,Male,1973-12-20,9787358566,aditya.kumar@outlook.com,Kochi,Kerala,682866,Self-Employed Business,59500,699,Verified
CUST10909,Ranveer,Joshi,Other,1971-01-06,7622132041,ranveer.joshi@gmail.com,Jaipur,Rajasthan,302267,Self-Employed Business,51500,782,Failed
CUST10910,Amit,Chatterjee,Male,2004-09-12,9269999498,amit.chatterjee@gmail.com,Madurai,Tamil Nadu,625626,Self-Employed Professional,19500,698,Pending
CUST10911,Girindra,Joshi,Other,1997-09-05,6005328538,girindra.joshi@hotmail.com,Warangal,Telangana,506993,Salaried,36500,630,Verified
CUST10912,Ananya,Singh,Female,1990-10-24,7692990076,ananya.singh@rediffmail.com,Indore,Madhya Pradesh,452267,Freelancer,67000,783,Failed
CUST10913,Tanvi,Kumar,Female,1996-03-13,7376185186,tanvi.kumar@yahoo.co.in,Kochi,Kerala,682565,Salaried,26000,824,Verified
CUST10914,Tushar,Dutta,Male,1972-11-01,6883527918,tushar.dutta@hotmail.com,Lucknow,Uttar Pradesh,226825,Salaried,19000,708,Verified
CUST10915,Vandana,Kapoor,Female,1982-08-10,7088143192,vandana.kapoor@hotmail.com,Bhopal,Madhya Pradesh,462519,Salaried,41000,629,Pending
CUST10916,Rohan,Jain,Male,1979-05-30,8720266568,rohan.jain@hotmail.com,Madurai,Tamil Nadu,625726,Self-Employed Business,48000,677,Verified
CUST10917,Swati,Chawla,Female,1973-04-16,8539460742,swati.chawla@rediffmail.com,Pune,Maharashtra,411555,Self-Employed Business,51000,739,Verified
CUST10918,Vikram,Banerjee,Male,1991-10-02,9708089747,vikrambanerjee55@rediffmail.com,Jaipur,Rajasthan,302515,Self-Employed Business,19500,767,Verified
CUST10919,Karan,Banerjee,Male,1989-04-13,8369881649,karan.banerjee@rediffmail.com,Pune,Maharashtra,411371,Self-Employed Business,19000,574,Failed
CUST10920,Ananya,Reddy,Female,1973-09-01,6026270664,ananya.reddy@rediffmail.com,Thane,Maharashtra,400118,Self-Employed Professional,15000,686,Verified
CUST10921,Rohan,Bhat,Male,1991-09-17,7057488399,rohan.bhat@hotmail.com,Kolkata,West Bengal,700953,Salaried,48500,822,Verified
CUST10922,Aditya,Sharma,Male,1975-07-20,6566199530,aditya.sharma@outlook.com,Ludhiana,Punjab,141399,Salaried,56000,629,Verified
CUST10923,Gunbir,Rao,Other,1985-05-18,9908701872,gunbir.rao@hotmail.com,Nagpur,Maharashtra,440131,Salaried,52000,650,Verified
CUST10924,Gaurav,Rao,Male,1979-08-05,8299067456,gaurav.rao@rediffmail.com,Kochi,Kerala,682938,Self-Employed Business,26000,629,Verified
CUST10925,Tanvi,Das,Female,1987-06-06,7562221905,tanvi.das@yahoo.co.in,Ahmedabad,Gujarat,380750,Self-Employed Business,42000,709,Verified
CUST10926,Sunita,Rao,Female,1996-09-18,8593965213,sunita.rao@rediffmail.com,Surat,Gujarat,395420,Salaried,44000,630,Verified
CUST10927,Anand,Joshi,Male,1997-06-20,6036221173,anand.joshi@yahoo.co.in,Patna,Bihar,800606,Self-Employed Professional,40500,787,Verified
CUST10928,Sunita,Reddy,Female,1997-12-15,8852294252,sunita.reddy@outlook.com,Hubballi,Karnataka,580515,Salaried,86500,689,Verified
CUST10929,Kunal,Verma,Male,1989-09-25,6549147744,kunal.verma@hotmail.com,Surat,Gujarat,395883,Self-Employed Business,54500,616,Verified
CUST10930,Raagini,Kapoor,Other,2004-04-09,8171594973,raagini.kapoor@outlook.com,Jaipur,Rajasthan,302967,Self-Employed Professional,45000,615,Verified
CUST10931,Vishal,Gupta,Male,1996-11-17,7389260878,vishal.gupta@rediffmail.com,Hyderabad,Telangana,500931,Salaried,37500,717,Verified
CUST10932,Riya,Joshi,Female,1980-03-04,6521746535,riya.joshi@yahoo.co.in,Bhubaneswar,Odisha,751931,Salaried,18500,610,Verified
CUST10933,Karan,Nair,Male,2004-12-30,9717762969,karan.nair@gmail.com,Jodhpur,Rajasthan,342329,Self-Employed Professional,62500,730,Verified
CUST10934,Irya,Das,Other,1977-10-02,8099990010,irya.das@rediffmail.com,Noida,Uttar Pradesh,201591,Self-Employed Professional,52000,746,Pending
CUST10935,Rohan,Dutta,Male,1984-05-16,8424648849,rohandutta84@hotmail.com,Chandigarh,Punjab,160548,Self-Employed Professional,71000,623,Verified
CUST10936,Divya,Agarwal,Female,1999-04-13,6902217978,divya.agarwal@rediffmail.com,Bengaluru,Karnataka,560939,Self-Employed Professional,29500,900,Verified
CUST10937,Prashant,Sharma,Male,1980-09-20,8451436728,prashant.sharma@hotmail.com,Hubballi,Karnataka,580184,Self-Employed Professional,80000,624,Failed
CUST10938,Sunita,Patel,Female,2000-10-12,6939781459,sunita.patel@gmail.com,Pune,Maharashtra,411855,Self-Employed Professional,78000,727,Verified
CUST10939,Riya,Das,Female,1992-04-01,7351588070,riya.das@outlook.com,Warangal,Telangana,506229,Freelancer,27500,722,Failed
CUST10940,Divya,Chawla,Female,1987-04-12,8255136090,divya.chawla@rediffmail.com,Lucknow,Uttar Pradesh,226946,Salaried,145500,610,Verified
CUST10941,Kavita,Jain,Female,1986-09-06,7615873662,kavita.jain@hotmail.com,Mysuru,Karnataka,570322,Self-Employed Business,45500,722,Verified
CUST10942,Anjali,Jain,Female,1966-04-27,8856154731,anjali.jain@outlook.com,Ludhiana,Punjab,141940,Freelancer,27500,639,Verified
CUST10943,Nikhil,Rao,Male,1977-01-15,9902837727,nikhil.rao@gmail.com,Madurai,Tamil Nadu,625657,Freelancer,39000,665,Verified
CUST10944,Neha,Nair,Female,1969-01-30,9101975358,neha.nair@outlook.com,Thiruvananthapuram,Kerala,695948,Self-Employed Business,22500,642,Verified
CUST10945,Ananya,Mehta,Female,1987-12-31,7042763628,ananyamehta91@outlook.com,Kolkata,West Bengal,700792,Self-Employed Business,40500,738,Failed
CUST10946,Aarav,Chawla,Male,1984-06-21,6676490922,aarav.chawla@rediffmail.com,Howrah,West Bengal,711728,Freelancer,64000,777,Failed
CUST10947,Sunita,Kapoor,Female,1986-05-09,7717430688,sunitakapoor59@gmail.com,Howrah,West Bengal,711894,Salaried,63500,828,Verified
CUST10948,Shweta,Banerjee,Female,1995-03-30,8833364770,shweta.banerjee@outlook.com,Hubballi,Karnataka,580338,Salaried,57500,657,Verified
CUST10949,Neha,Joshi,Female,1967-10-10,8123190577,neha.joshi@yahoo.co.in,Mumbai,Maharashtra,400374,Self-Employed Business,79000,777,Verified
CUST10950,Arjun,Nair,Male,1982-08-27,7810979412,arjun.nair@yahoo.co.in,Howrah,West Bengal,711657,Freelancer,47500,688,Verified
CUST10951,Kavita,Joshi,Female,1973-12-17,8174224043,kavita.joshi@yahoo.co.in,Thiruvananthapuram,Kerala,695202,Salaried,48000,612,Verified
CUST10952,Archana,Jain,Female,1983-02-11,7070286720,archana.jain@yahoo.co.in,Nagpur,Maharashtra,440132,Self-Employed Business,62500,807,Verified
CUST10953,Sachin,Singh,Male,1974-10-26,9890057795,sachin.singh@gmail.com,Thane,Maharashtra,400198,Freelancer,31000,581,Verified
CUST10954,Anita,Kulkarni,Female,1999-10-06,6722113869,anita.kulkarni@gmail.com,Bhubaneswar,Odisha,751177,Freelancer,44000,865,Failed
CUST10955,Rahul,Patel,Male,1991-07-19,7817074436,rahul.patel@gmail.com,Coimbatore,Tamil Nadu,641944,Self-Employed Professional,62500,656,Pending
CUST10956,Ananya,Mehta,Female,1981-05-10,7394120944,ananya.mehta@hotmail.com,Bhubaneswar,Odisha,751284,Freelancer,51000,580,Verified
CUST10957,Archana,Deshmukh,Female,1971-11-09,9617948024,archana.deshmukh@outlook.com,Kanpur,Uttar Pradesh,208698,Self-Employed Business,18500,779,Verified
CUST10958,Vishal,Das,Male,1990-03-31,9498647868,vishal.das@hotmail.com,Chennai,Tamil Nadu,600319,Freelancer,39500,673,Verified
CUST10959,Pallavi,Deshmukh,Other,1985-08-30,6919074992,pallavi.deshmukh@gmail.com,Indore,Madhya Pradesh,452407,Salaried,16500,780,Failed
CUST10960,Nikhil,Dutta,Male,1998-10-06,7353484864,nikhil.dutta@hotmail.com,Nagpur,Maharashtra,440616,Self-Employed Professional,19000,715,Verified
CUST10961,Aniket,Jain,Male,2004-05-20,6212372055,aniket.jain@gmail.com,Ahmedabad,Gujarat,380879,Self-Employed Professional,47500,876,Verified
CUST10962,Megha,Chawla,Female,1970-12-28,6088991141,megha.chawla@hotmail.com,Mumbai,Maharashtra,400123,Salaried,28500,813,Verified
CUST10963,Nirja,Chatterjee,Other,1975-01-16,9989790608,nirja.chatterjee@outlook.com,Jodhpur,Rajasthan,342656,Salaried,48500,663,Verified
CUST10964,Sanjay,Chawla,Male,1989-02-07,8336113711,sanjay.chawla@rediffmail.com,Mysuru,Karnataka,570425,Salaried,62500,684,Verified
CUST10965,Vikram,Chawla,Male,2002-02-07,8203401535,vikram.chawla@yahoo.co.in,Howrah,West Bengal,711522,Freelancer,23000,622,Pending
CUST10966,Ritu,Das,Female,1985-10-23,7010824028,ritu.das@gmail.com,Coimbatore,Tamil Nadu,641241,Self-Employed Professional,46000,598,Verified
CUST10967,Rahul,Nair,Male,1996-11-24,8273536423,rahul.nair@outlook.com,Patna,Bihar,800117,Salaried,35000,856,Verified
CUST10968,Rohan,Patel,Male,1996-10-19,9125590461,rohan.patel@gmail.com,Thane,Maharashtra,400575,Self-Employed Professional,31000,695,Verified
CUST10969,Megha,Agarwal,Female,1972-06-06,9101232961,megha.agarwal@outlook.com,Mysuru,Karnataka,570228,Salaried,54000,717,Verified
CUST10970,Unni,Das,Other,1985-07-10,8344604227,unni.das@hotmail.com,Surat,Gujarat,395972,Self-Employed Business,30000,868,Verified
CUST10971,Chatura,Rao,Other,1988-01-23,7435861768,chatura.rao@yahoo.co.in,Madurai,Tamil Nadu,625425,Salaried,58000,583,Verified
CUST10972,Ananya,Agarwal,Female,1983-08-02,9656224197,ananya.agarwal@hotmail.com,Bhopal,Madhya Pradesh,462622,Self-Employed Business,65500,704,Verified
CUST10973,Anjali,Gowda,Female,1975-04-26,8006184897,anjali.gowda@outlook.com,Coimbatore,Tamil Nadu,641228,Self-Employed Professional,35000,791,Verified
CUST10974,Amit,Reddy,Male,2001-06-19,9495254920,amit.reddy@hotmail.com,Howrah,West Bengal,711920,Self-Employed Business,51500,543,Verified
CUST10975,Kavita,Bhat,Female,1990-09-10,6827306343,kavita.bhat@outlook.com,Jaipur,Rajasthan,302612,Self-Employed Professional,69500,546,Verified
CUST10976,Nikhil,Kumar,Male,1977-08-25,6511021254,nikhil.kumar@yahoo.co.in,Howrah,West Bengal,711184,Self-Employed Professional,54500,647,Verified
CUST10977,Divya,Patel,Female,1998-01-03,9003203197,divya.patel@rediffmail.com,Thane,Maharashtra,400182,Salaried,16500,709,Failed
CUST10978,Vandana,Bhat,Female,1984-08-12,6162590841,vandana.bhat@rediffmail.com,Jaipur,Rajasthan,302965,Freelancer,69500,640,Verified
CUST10979,Megha,Reddy,Female,1989-10-12,7107288780,megha.reddy@hotmail.com,Chennai,Tamil Nadu,600898,Freelancer,49000,665,Verified
CUST10980,Pankaj,Sharma,Male,1990-10-14,6972239964,pankaj.sharma@hotmail.com,Guwahati,Assam,781893,Salaried,47500,835,Verified
CUST10981,Arjun,Rao,Male,1990-07-16,6855780024,arjun.rao@outlook.com,Warangal,Telangana,506917,Self-Employed Professional,28500,576,Failed
CUST10982,Tanvi,Iyer,Female,2000-03-30,9857467067,tanvi.iyer@outlook.com,Bengaluru,Karnataka,560547,Salaried,82000,633,Pending
CUST10983,Yash,Das,Male,1979-05-18,7610703350,yash.das@rediffmail.com,Kolkata,West Bengal,700900,Self-Employed Professional,34000,750,Verified
CUST10984,Sachin,Mehta,Male,1978-12-11,8813004169,sachin.mehta@gmail.com,Mumbai,Maharashtra,400423,Self-Employed Professional,82500,845,Pending
CUST10985,Ritu,Jain,Female,1979-01-17,9339534811,ritu.jain@gmail.com,Lucknow,Uttar Pradesh,226117,Salaried,73000,709,Verified
CUST10986,Sneha,Chawla,Female,2001-04-25,9157385512,sneha.chawla@rediffmail.com,Bengaluru,Karnataka,560559,Freelancer,37000,648,Verified
CUST10987,Sneha,Patel,Female,1981-04-24,8426097236,sneha.patel@gmail.com,Coimbatore,Tamil Nadu,641402,Self-Employed Business,35000,689,Verified
CUST10988,Manish,Gupta,Male,1985-10-22,6073087156,manish.gupta@outlook.com,Bhubaneswar,Odisha,751644,Self-Employed Professional,41500,629,Verified
CUST10989,Rajesh,Sharma,Male,2000-10-28,7741485726,rajesh.sharma@gmail.com,Madurai,Tamil Nadu,625676,Self-Employed Professional,22500,677,Verified
CUST10990,Isha,Bhat,Female,1989-02-26,8076642076,isha.bhat@yahoo.co.in,Coimbatore,Tamil Nadu,641589,Salaried,141000,791,Verified
CUST10991,Shweta,Das,Female,1997-01-09,7592386879,shweta.das@gmail.com,Thiruvananthapuram,Kerala,695787,Salaried,79500,727,Verified
CUST10992,Guneet,Reddy,Other,2000-12-30,8340508927,guneet.reddy@yahoo.co.in,Thiruvananthapuram,Kerala,695860,Salaried,84000,800,Verified
CUST10993,Kunal,Kulkarni,Male,1996-08-01,8670789775,kunal.kulkarni@outlook.com,Kolkata,West Bengal,700262,Freelancer,98500,779,Failed
CUST10994,Neha,Mehta,Female,2003-11-28,7736273202,neha.mehta@yahoo.co.in,Coimbatore,Tamil Nadu,641593,Salaried,42000,808,Verified
CUST10995,Archana,Das,Female,1973-05-17,6429851448,archana.das@hotmail.com,Surat,Gujarat,395133,Self-Employed Business,31500,683,Verified
CUST10996,Isha,Joshi,Female,1967-04-30,7698014264,isha.joshi@hotmail.com,Bengaluru,Karnataka,560162,Freelancer,62000,648,Failed
CUST10997,Deepak,Gupta,Male,1983-12-12,7705004933,deepak.gupta@yahoo.co.in,Thiruvananthapuram,Kerala,695955,Freelancer,38000,641,Verified
CUST10998,Megha,Bhat,Female,1966-03-29,7906540259,megha.bhat@rediffmail.com,Lucknow,Uttar Pradesh,226211,Self-Employed Professional,59500,703,Failed
CUST10999,Isha,Bhat,Female,2004-08-18,6291635049,isha.bhat@hotmail.com,Thane,Maharashtra,400228,Freelancer,64500,830,Verified
CUST11000,Rohan,Gowda,Male,1979-08-17,8397499507,rohan.gowda@gmail.com,Indore,Madhya Pradesh,452408,Salaried,38000,676,Failed
CUST11001,Arjun,Verma,Male,1990-06-23,6192902215,arjunverma89@yahoo.co.in,Nagpur,Maharashtra,440386,Self-Employed Business,70500,724,Verified
CUST11002,Kavita,Deshmukh,Female,1975-04-03,7023510255,kavitadeshmukh24@gmail.com,Surat,Gujarat,395445,Self-Employed Business,25000,784,Verified
CUST11003,Sneha,Bhat,Female,2002-04-09,8393332436,snehabhat64@rediffmail.com,Chennai,Tamil Nadu,600107,Salaried,25000,725,Verified
CUST11004,Yash,Nair,Male,1999-10-06,8129075965,yash.nair@rediffmail.com,Chennai,Tamil Nadu,600157,Salaried,40000,695,Verified
CUST11005,Amit,Sharma,Male,1983-03-23,7941937591,amit.sharma@rediffmail.com,Chennai,Tamil Nadu,600285,Freelancer,37500,617,Pending
CUST11006,Divya,Das,Female,2004-05-08,8752864612,divyadas64@rediffmail.com,New Delhi,Delhi,110559,Self-Employed Professional,15000,716,Failed
CUST11007,Gaurav,Verma,Male,1974-07-28,7115355051,gaurav.verma@outlook.com,Ahmedabad,Gujarat,380837,Self-Employed Professional,15500,622,Verified
CUST11008,Sangeeta,Chatterjee,Female,1992-07-10,9247925422,sangeeta.chatterjee@gmail.com,Vadodara,Gujarat,390825,Self-Employed Business,64500,773,Verified
CUST11009,Isha,Kapoor,Female,1966-05-02,8877067693,isha.kapoor@yahoo.co.in,Vadodara,Gujarat,390875,Self-Employed Professional,41000,618,Verified
CUST11010,Darsh,Rao,Other,1985-06-09,8085858838,darsh.rao@yahoo.co.in,Lucknow,Uttar Pradesh,226816,Freelancer,65000,693,Pending
CUST11011,Neha,Kumar,Female,1987-08-20,7925435519,neha.kumar@hotmail.com,Madurai,Tamil Nadu,625668,Self-Employed Professional,15000,775,Verified
CUST11012,Sangeeta,Joshi,Female,1990-10-13,9394201223,sangeeta.joshi@outlook.com,Mysuru,Karnataka,570394,Self-Employed Professional,67500,754,Verified
CUST11013,Yash,Jain,Male,1985-11-21,6266045095,yash.jain@hotmail.com,Warangal,Telangana,506289,Salaried,43000,727,Failed
CUST11014,Sachin,Deshmukh,Male,1977-01-07,8389222471,sachin.deshmukh@gmail.com,Surat,Gujarat,395491,Salaried,61000,693,Verified
CUST11015,Neha,Kumar,Female,1970-12-22,9076264385,neha.kumar@gmail.com,Mumbai,Maharashtra,400686,Self-Employed Business,32500,673,Failed
CUST11016,Varsha,Mehta,Female,2004-06-17,7133610944,varsha.mehta@gmail.com,Indore,Madhya Pradesh,452406,Self-Employed Professional,38500,762,Pending
CUST11017,Prashant,Joshi,Male,1986-10-23,9685760634,prashant.joshi@rediffmail.com,Jaipur,Rajasthan,302284,Salaried,77000,717,Verified
CUST11018,Tanvi,Dutta,Female,1991-04-30,7242024837,tanvi.dutta@outlook.com,Howrah,West Bengal,711890,Self-Employed Business,20000,647,Failed
CUST11019,Kavita,Agarwal,Female,2002-12-17,9947902548,kavita.agarwal@outlook.com,Surat,Gujarat,395487,Self-Employed Professional,37000,649,Verified
CUST11020,Riya,Kapoor,Female,1997-09-03,8100953855,riya.kapoor@hotmail.com,Howrah,West Bengal,711278,Salaried,38500,646,Verified
CUST11021,Sachin,Deshmukh,Male,1987-05-25,6460476143,sachindeshmukh76@rediffmail.com,Kolkata,West Bengal,700382,Self-Employed Professional,41500,670,Verified
CUST11022,Neha,Singh,Other,1984-08-23,8672636815,neha.singh@outlook.com,Mysuru,Karnataka,570631,Self-Employed Business,144000,878,Verified
CUST11023,Shweta,Jain,Female,1973-06-28,6084507860,shweta.jain@outlook.com,Vadodara,Gujarat,390472,Freelancer,67500,685,Pending
CUST11024,Prashant,Nair,Male,1985-01-21,7306773067,prashant.nair@gmail.com,Chennai,Tamil Nadu,600287,Self-Employed Professional,22500,701,Verified
CUST11025,Sanjay,Sharma,Male,2000-08-03,9886538590,sanjay.sharma@hotmail.com,Bhubaneswar,Odisha,751869,Self-Employed Professional,48500,741,Verified
CUST11026,Harinakshi,Dutta,Other,2004-12-15,9605504922,harinakshi.dutta@gmail.com,Patna,Bihar,800160,Self-Employed Business,61000,874,Verified
CUST11027,Varsha,Kapoor,Female,1985-11-11,6663201629,varsha.kapoor@gmail.com,Bhubaneswar,Odisha,751296,Self-Employed Professional,74000,761,Verified
CUST11028,Isha,Chatterjee,Female,1971-05-21,7653371708,ishachatterjee88@outlook.com,Kolkata,West Bengal,700275,Freelancer,49000,569,Verified
CUST11029,Ikbal,Iyer,Other,1976-07-07,6354901459,ikbal.iyer@rediffmail.com,Thiruvananthapuram,Kerala,695560,Salaried,24000,716,Verified
CUST11030,Tanvi,Agarwal,Female,1973-04-14,8388430217,tanvi.agarwal@rediffmail.com,New Delhi,Delhi,110524,Freelancer,45500,683,Pending
CUST11031,Varsha,Deshmukh,Female,1996-05-28,6589016492,varsha.deshmukh@rediffmail.com,Mysuru,Karnataka,570436,Salaried,26500,583,Verified
CUST11032,Pankaj,Gowda,Male,1979-05-21,6703088081,pankaj.gowda@hotmail.com,Madurai,Tamil Nadu,625511,Self-Employed Professional,47500,694,Failed
CUST11033,Pooja,Agarwal,Female,1980-08-20,6072889592,pooja.agarwal@hotmail.com,Howrah,West Bengal,711190,Salaried,39500,783,Verified
CUST11034,Rohan,Verma,Male,1989-10-16,7039170263,rohan.verma@outlook.com,Howrah,West Bengal,711375,Self-Employed Professional,29500,733,Verified
CUST11035,Sneha,Iyer,Female,2002-11-04,9012042425,sneha.iyer@yahoo.co.in,Thiruvananthapuram,Kerala,695710,Salaried,166000,645,Verified
CUST11036,Aarav,Joshi,Male,1990-09-24,8976039670,aarav.joshi@yahoo.co.in,Jaipur,Rajasthan,302348,Freelancer,15000,792,Verified
CUST11037,Megha,Jain,Female,2000-04-10,9481875403,megha.jain@hotmail.com,Howrah,West Bengal,711960,Self-Employed Professional,30500,816,Verified
CUST11038,Aniket,Deshmukh,Male,1985-03-12,6667998649,aniket.deshmukh@gmail.com,Chennai,Tamil Nadu,600481,Self-Employed Business,50000,621,Verified
CUST11039,Ritu,Joshi,Female,1973-06-09,9992066617,ritu.joshi@rediffmail.com,Thiruvananthapuram,Kerala,695281,Self-Employed Professional,80500,718,Failed
CUST11040,Shweta,Kumar,Female,1990-12-10,9779256041,shweta.kumar@yahoo.co.in,Kolkata,West Bengal,700637,Self-Employed Professional,61500,617,Verified
CUST11041,Anita,Mehta,Female,1971-08-28,9000144076,anitamehta18@rediffmail.com,Jodhpur,Rajasthan,342858,Self-Employed Professional,73000,663,Verified
CUST11042,Swati,Chatterjee,Female,1980-06-01,7872099865,swati.chatterjee@hotmail.com,Jodhpur,Rajasthan,342263,Self-Employed Professional,65500,604,Verified
CUST11043,Megha,Sharma,Female,1991-07-31,9669194896,meghasharma79@rediffmail.com,Nagpur,Maharashtra,440764,Self-Employed Business,40000,656,Verified
CUST11044,Tanvi,Das,Female,1984-05-07,6869572404,tanvidas72@outlook.com,Kolkata,West Bengal,700223,Self-Employed Professional,59000,825,Verified
CUST11045,Aditya,Chatterjee,Male,1987-12-28,9321750361,adityachatterjee15@yahoo.co.in,Coimbatore,Tamil Nadu,641811,Self-Employed Business,151500,754,Verified
CUST11046,Rajesh,Chatterjee,Male,1974-09-04,7703424447,rajesh.chatterjee@outlook.com,Mumbai,Maharashtra,400898,Self-Employed Business,44000,788,Failed
CUST11047,Vikram,Deshmukh,Male,1980-02-21,6076519170,vikram.deshmukh@rediffmail.com,Kanpur,Uttar Pradesh,208191,Freelancer,22500,679,Verified
CUST11048,Gaurav,Verma,Male,1993-02-20,6858055811,gauravverma43@hotmail.com,Howrah,West Bengal,711835,Freelancer,55000,579,Verified
CUST11049,Aditya,Rao,Male,1966-07-05,7045418403,aditya.rao@rediffmail.com,Coimbatore,Tamil Nadu,641282,Salaried,28500,878,Pending
CUST11050,Yuvraj,Verma,Other,1976-09-13,8886407880,yuvraj.verma@yahoo.co.in,Kochi,Kerala,682429,Self-Employed Professional,51500,821,Pending
CUST11051,Tanvi,Kulkarni,Female,2004-11-21,7356230397,tanvi.kulkarni@outlook.com,Kolkata,West Bengal,700970,Salaried,44500,699,Pending
CUST11052,Sunita,Chatterjee,Female,1967-11-29,7019918431,sunita.chatterjee@gmail.com,Warangal,Telangana,506797,Self-Employed Professional,71000,582,Verified
CUST11053,Sunita,Verma,Female,1981-05-20,7632119604,sunita.verma@hotmail.com,Madurai,Tamil Nadu,625250,Salaried,28500,705,Verified
CUST11054,Priyanka,Jain,Female,1978-06-30,8708231714,priyankajain89@gmail.com,Noida,Uttar Pradesh,201846,Self-Employed Professional,50500,692,Pending
CUST11055,Ritu,Sharma,Female,1982-04-19,7026184025,ritu.sharma@hotmail.com,Bhopal,Madhya Pradesh,462106,Self-Employed Professional,98000,624,Verified
CUST11056,Megha,Das,Female,2003-03-14,6502816409,megha.das@rediffmail.com,New Delhi,Delhi,110111,Self-Employed Professional,54000,807,Verified
CUST11057,Divya,Sharma,Female,1993-04-15,8523759795,divyasharma83@gmail.com,Hyderabad,Telangana,500501,Salaried,41000,814,Failed
CUST11058,Pooja,Iyer,Female,1980-06-06,8492054894,poojaiyer38@outlook.com,Mysuru,Karnataka,570227,Salaried,51000,721,Pending
CUST11059,Sneha,Kulkarni,Female,1978-09-18,8566229521,sneha.kulkarni@hotmail.com,Guwahati,Assam,781153,Self-Employed Business,60000,504,Verified
CUST11060,Divya,Rao,Female,1990-04-21,9070472660,divya.rao@yahoo.co.in,Warangal,Telangana,506461,Salaried,36500,738,Verified
CUST11061,Rehaan,Kapoor,Other,1994-06-23,6671560587,rehaan.kapoor@rediffmail.com,Thane,Maharashtra,400482,Self-Employed Professional,28500,606,Verified
CUST11062,Swati,Nair,Female,1968-07-16,9453157905,swatinair83@gmail.com,Mysuru,Karnataka,570876,Freelancer,35000,606,Verified
CUST11063,Pankaj,Reddy,Male,1983-06-03,6833597487,pankaj.reddy@hotmail.com,Mumbai,Maharashtra,400483,Freelancer,17000,703,Pending
CUST11064,Rohan,Nair,Male,1976-12-17,6192209567,rohan.nair@yahoo.co.in,Ahmedabad,Gujarat,380294,Self-Employed Professional,70000,695,Verified
CUST11065,Sachin,Kumar,Male,1978-12-20,8028253267,sachin.kumar@hotmail.com,Hyderabad,Telangana,500364,Self-Employed Professional,22000,771,Verified
CUST11066,Ranveer,Bhat,Other,2004-11-29,8202320914,ranveer.bhat@gmail.com,Bengaluru,Karnataka,560533,Self-Employed Professional,15000,713,Verified
CUST11067,Shweta,Iyer,Female,1969-03-02,7907551545,shweta.iyer@yahoo.co.in,Ludhiana,Punjab,141158,Freelancer,30000,727,Verified
CUST11068,Anand,Sharma,Male,1966-03-03,9433226227,anand.sharma@hotmail.com,Patna,Bihar,800578,Self-Employed Professional,33000,824,Verified
CUST11069,Ritu,Rao,Female,1998-10-02,9070385036,ritu.rao@gmail.com,Noida,Uttar Pradesh,201729,Self-Employed Business,23500,632,Verified
CUST11070,Saumya,Verma,Other,1994-09-21,9402740675,saumya.verma@rediffmail.com,Madurai,Tamil Nadu,625538,Freelancer,39500,697,Failed
CUST11071,Devendra,Jain,Male,1984-02-28,7856461497,devendra.jain@outlook.com,Lucknow,Uttar Pradesh,226709,Freelancer,53000,714,Verified
CUST11072,Logan,Chawla,Other,1996-06-23,9984914986,logan.chawla@gmail.com,Lucknow,Uttar Pradesh,226933,Self-Employed Business,78000,620,Failed
CUST11073,Pooja,Kulkarni,Female,1971-09-21,7394612128,pooja.kulkarni@rediffmail.com,Bengaluru,Karnataka,560776,Salaried,35500,791,Verified
CUST11074,Tushar,Gupta,Male,1974-03-09,9622398474,tushar.gupta@yahoo.co.in,Madurai,Tamil Nadu,625449,Freelancer,99000,740,Verified
CUST11075,Sneha,Mehta,Female,1971-10-11,7788705841,sneha.mehta@hotmail.com,Thane,Maharashtra,400493,Salaried,73000,682,Pending
CUST11076,Tanvi,Bhat,Female,1978-02-27,9058679496,tanvi.bhat@yahoo.co.in,Vadodara,Gujarat,390103,Freelancer,26000,690,Verified
CUST11077,Anand,Das,Male,1980-06-22,8578645786,anand.das@outlook.com,Lucknow,Uttar Pradesh,226869,Self-Employed Business,78000,704,Verified
CUST11078,Nikhil,Agarwal,Male,1986-01-09,8868240516,nikhil.agarwal@hotmail.com,Kanpur,Uttar Pradesh,208361,Self-Employed Business,28500,659,Verified
CUST11079,Swati,Dutta,Female,1987-03-10,8023386860,swati.dutta@rediffmail.com,Surat,Gujarat,395956,Self-Employed Business,66000,822,Verified
CUST11080,Pooja,Nair,Female,1972-11-26,7860205089,pooja.nair@rediffmail.com,Surat,Gujarat,395131,Self-Employed Business,59500,818,Failed
CUST11081,Shweta,Dutta,Female,1987-09-30,9245284135,shweta.dutta@hotmail.com,Howrah,West Bengal,711639,Salaried,42000,868,Verified
CUST11082,Sneha,Sharma,Female,1991-09-15,8739405980,sneha.sharma@yahoo.co.in,Indore,Madhya Pradesh,452101,Self-Employed Professional,58500,815,Verified
CUST11083,Divya,Reddy,Female,1989-05-09,8907342031,divya.reddy@rediffmail.com,Bhopal,Madhya Pradesh,462780,Freelancer,42000,695,Verified
CUST11084,Pahal,Rao,Other,1968-12-28,9482308829,pahal.rao@outlook.com,Kochi,Kerala,682813,Self-Employed Business,23500,550,Verified
CUST11085,Ananya,Kapoor,Female,1994-11-02,8869427674,ananya.kapoor@rediffmail.com,Ahmedabad,Gujarat,380201,Freelancer,24500,579,Verified
CUST11086,Divya,Kumar,Female,2002-12-07,8594698906,divya.kumar@yahoo.co.in,Vadodara,Gujarat,390236,Freelancer,58000,703,Verified
CUST11087,Ananya,Mehta,Female,1973-09-06,7790065487,ananyamehta45@rediffmail.com,Patna,Bihar,800557,Self-Employed Business,54500,783,Verified
CUST11088,Kavita,Chawla,Female,1989-07-17,6889073781,kavita.chawla@outlook.com,Bengaluru,Karnataka,560428,Freelancer,55000,651,Verified
CUST11089,Qadim,Gowda,Other,1983-07-10,7683848876,qadim.gowda@yahoo.co.in,Pune,Maharashtra,411981,Self-Employed Professional,39500,752,Verified
CUST11090,Siddharth,Iyer,Male,1993-01-12,6518812988,siddharthiyer75@gmail.com,Chennai,Tamil Nadu,600935,Salaried,58500,808,Failed
CUST11091,Anjali,Patel,Female,1968-02-11,9923729826,anjali.patel@rediffmail.com,Surat,Gujarat,395329,Self-Employed Business,97000,821,Verified
CUST11092,Sangeeta,Verma,Female,1976-11-18,8067578968,sangeeta.verma@yahoo.co.in,Warangal,Telangana,506446,Self-Employed Business,43500,639,Failed
CUST11093,Arya,Kulkarni,Other,1970-06-29,8550570521,arya.kulkarni@rediffmail.com,Bhubaneswar,Odisha,751732,Self-Employed Professional,47000,676,Verified
CUST11094,Sunita,Kulkarni,Female,1970-09-11,6414701235,sunitakulkarni61@yahoo.co.in,Bhopal,Madhya Pradesh,462216,Self-Employed Business,54000,845,Verified
CUST11095,Turvi,Verma,Other,1992-02-22,9797802344,turvi.verma@outlook.com,Indore,Madhya Pradesh,452624,Self-Employed Business,49000,790,Failed
CUST11096,Pooja,Sharma,Female,1968-12-23,9329573783,pooja.sharma@gmail.com,Kanpur,Uttar Pradesh,208696,Freelancer,29000,783,Verified
CUST11097,Rajesh,Kumar,Male,1991-02-06,7029158542,rajesh.kumar@yahoo.co.in,Surat,Gujarat,395279,Self-Employed Business,56500,624,Verified
CUST11098,Sachin,Das,Male,2001-10-03,9073446746,sachin.das@yahoo.co.in,New Delhi,Delhi,110453,Self-Employed Business,50000,829,Pending
CUST11099,Archana,Das,Female,1968-11-08,9050221816,archana.das@rediffmail.com,Bengaluru,Karnataka,560761,Self-Employed Business,65500,646,Pending
CUST11100,Tushar,Chawla,Male,1977-06-12,7774029286,tushar.chawla@outlook.com,Vadodara,Gujarat,390306,Salaried,74000,788,Pending
CUST11101,Sachin,Kapoor,Male,1994-12-20,9218366771,sachin.kapoor@rediffmail.com,Ludhiana,Punjab,141525,Freelancer,41500,633,Verified
CUST11102,Gaurav,Joshi,Male,2002-05-24,6222349980,gaurav.joshi@gmail.com,Ahmedabad,Gujarat,380842,Freelancer,91000,727,Verified
CUST11103,Tanvi,Gupta,Female,1980-09-08,7446144092,tanvi.gupta@yahoo.co.in,Vadodara,Gujarat,390895,Self-Employed Business,24500,686,Verified
CUST11104,Vishal,Kumar,Male,2002-06-30,6186372631,vishal.kumar@rediffmail.com,Kanpur,Uttar Pradesh,208852,Freelancer,122500,623,Pending
CUST11105,Rahul,Iyer,Male,1985-09-05,9414900385,rahul.iyer@gmail.com,Hyderabad,Telangana,500860,Self-Employed Business,25500,766,Verified
CUST11106,Zaid,Nair,Other,1990-08-23,9722883904,zaid.nair@hotmail.com,Vadodara,Gujarat,390339,Salaried,31000,641,Verified
CUST11107,Varsha,Chatterjee,Female,1979-02-12,7251149788,varsha.chatterjee@hotmail.com,Lucknow,Uttar Pradesh,226318,Salaried,15000,636,Verified
CUST11108,Prashant,Chatterjee,Male,1995-03-09,9618308580,prashant.chatterjee@gmail.com,Hubballi,Karnataka,580840,Freelancer,33000,633,Verified
CUST11109,Siddharth,Patel,Male,2001-11-23,6781871096,siddharth.patel@rediffmail.com,Lucknow,Uttar Pradesh,226533,Self-Employed Business,76000,753,Verified
CUST11110,Swati,Iyer,Female,1974-11-17,7154230600,swatiiyer16@yahoo.co.in,Hyderabad,Telangana,500614,Freelancer,58000,797,Failed
CUST11111,Arjun,Rao,Male,1999-03-27,6142066701,arjunrao42@gmail.com,Lucknow,Uttar Pradesh,226856,Self-Employed Professional,18500,544,Verified
CUST11112,Aniket,Mehta,Male,1978-06-19,6053922205,aniket.mehta@hotmail.com,Chennai,Tamil Nadu,600770,Salaried,15000,727,Verified
CUST11113,Vikram,Kulkarni,Male,1977-06-26,8339133252,vikram.kulkarni@rediffmail.com,Ludhiana,Punjab,141219,Self-Employed Professional,15000,496,Verified
CUST11114,Faqid,Rao,Other,1980-12-13,7342864497,faqid.rao@hotmail.com,Mumbai,Maharashtra,400277,Self-Employed Business,51000,655,Verified
CUST11115,Saanvi,Chawla,Other,1981-12-30,7677349852,saanvi.chawla@rediffmail.com,Bhubaneswar,Odisha,751950,Self-Employed Professional,19500,634,Verified
CUST11116,Gaurav,Chatterjee,Male,2000-04-09,9253809664,gaurav.chatterjee@gmail.com,Howrah,West Bengal,711584,Self-Employed Business,28500,728,Verified
CUST11117,Neha,Kumar,Female,1985-06-25,8353896298,neha.kumar@outlook.com,Vadodara,Gujarat,390257,Self-Employed Business,65500,599,Verified
CUST11118,Guneet,Banerjee,Other,2004-09-24,9383543468,guneet.banerjee@outlook.com,Indore,Madhya Pradesh,452352,Salaried,40500,749,Verified
CUST11119,Swati,Gowda,Female,1976-08-08,6615381168,swati.gowda@yahoo.co.in,Patna,Bihar,800190,Salaried,27500,661,Verified
CUST11120,Isha,Sharma,Female,1970-04-13,8896780826,isha.sharma@outlook.com,Ahmedabad,Gujarat,380220,Self-Employed Professional,39500,890,Verified
CUST11121,Isha,Reddy,Female,1994-10-26,8292645633,isha.reddy@rediffmail.com,Hubballi,Karnataka,580571,Self-Employed Professional,78000,831,Verified
CUST11122,Deepak,Kumar,Male,2002-10-24,8811266497,deepak.kumar@gmail.com,Thiruvananthapuram,Kerala,695562,Salaried,21000,650,Verified
CUST11123,Aditya,Patel,Male,1983-06-24,6259016399,aditya.patel@outlook.com,Nagpur,Maharashtra,440879,Salaried,30500,814,Verified
CUST11124,Chandresh,Kulkarni,Other,1996-10-03,8814098410,chandresh.kulkarni@gmail.com,Indore,Madhya Pradesh,452605,Self-Employed Professional,57500,735,Verified
CUST11125,Karan,Gowda,Male,1973-03-31,6288661680,karangowda87@rediffmail.com,Nagpur,Maharashtra,440352,Self-Employed Business,62500,670,Verified
CUST11126,Deepak,Reddy,Male,1974-11-10,6607917913,deepak.reddy@rediffmail.com,Ludhiana,Punjab,141160,Salaried,32000,757,Verified
CUST11127,Alexander,Patel,Other,1992-02-25,8024702881,alexander.patel@outlook.com,Mysuru,Karnataka,570222,Self-Employed Professional,80500,738,Verified
CUST11128,Girik,Gupta,Other,2000-08-28,7678576463,girik.gupta@rediffmail.com,Bengaluru,Karnataka,560344,Salaried,56500,575,Verified
CUST11129,Pooja,Verma,Female,1969-06-01,7153506962,poojaverma62@gmail.com,Kolkata,West Bengal,700933,Self-Employed Business,18000,596,Verified
CUST11130,Warjas,Banerjee,Other,1992-03-09,8885669489,warjas.banerjee@rediffmail.com,Surat,Gujarat,395159,Salaried,33000,779,Verified
CUST11131,Priyanka,Iyer,Female,1984-01-11,7558422717,priyanka.iyer@yahoo.co.in,Ludhiana,Punjab,141513,Self-Employed Professional,65000,683,Failed
CUST11132,Rahul,Sharma,Male,1995-10-04,6144130686,rahul.sharma@yahoo.co.in,Kolkata,West Bengal,700141,Freelancer,59500,829,Verified
CUST11133,Anjali,Iyer,Female,1978-03-14,6728207623,anjali.iyer@rediffmail.com,New Delhi,Delhi,110224,Self-Employed Business,124000,648,Verified
CUST11134,Arjun,Bhat,Male,1972-12-14,8084752835,arjun.bhat@rediffmail.com,Jodhpur,Rajasthan,342132,Salaried,61500,727,Verified
CUST11135,Tushar,Patel,Male,1977-01-17,8053572289,tushar.patel@yahoo.co.in,Mumbai,Maharashtra,400910,Freelancer,25500,809,Verified
CUST11136,Anjali,Dutta,Female,2000-01-21,9830280104,anjali.dutta@gmail.com,Jaipur,Rajasthan,302987,Self-Employed Business,34000,608,Failed
CUST11137,Archana,Gowda,Female,1977-10-13,8786742802,archana.gowda@gmail.com,Surat,Gujarat,395123,Freelancer,29500,724,Verified
CUST11138,Devendra,Iyer,Male,1993-11-02,9436990558,devendra.iyer@outlook.com,Kanpur,Uttar Pradesh,208604,Self-Employed Business,50500,795,Verified
CUST11139,Sachin,Kapoor,Male,1966-01-11,9969045289,sachinkapoor11@hotmail.com,Ludhiana,Punjab,141168,Salaried,37000,640,Verified
CUST11140,Sangeeta,Verma,Female,1969-09-21,9527613681,sangeeta.verma@outlook.com,Thane,Maharashtra,400243,Self-Employed Business,30000,671,Pending
CUST11141,Ritu,Rao,Female,1978-01-31,8772508423,ritu.rao@yahoo.co.in,Kolkata,West Bengal,700278,Self-Employed Professional,59000,758,Failed
CUST11142,Tanvi,Patel,Female,1980-09-11,8574906279,tanvi.patel@hotmail.com,Mumbai,Maharashtra,400266,Self-Employed Business,25000,549,Verified
CUST11143,Ojas,Mehta,Other,1993-11-02,8945231582,ojas.mehta@rediffmail.com,Ludhiana,Punjab,141331,Salaried,24500,728,Verified
CUST11144,Rahul,Rao,Male,1973-01-15,7204167821,rahul.rao@outlook.com,Vadodara,Gujarat,390704,Self-Employed Professional,81500,790,Verified
CUST11145,Anjali,Kulkarni,Female,1971-06-08,7928048502,anjali.kulkarni@yahoo.co.in,Nagpur,Maharashtra,440528,Salaried,52500,741,Verified
CUST11146,Tanvi,Deshmukh,Female,1987-12-15,9190000295,tanvi.deshmukh@hotmail.com,Hubballi,Karnataka,580485,Self-Employed Professional,28000,807,Pending
CUST11147,Anita,Agarwal,Female,1999-03-12,8594079923,anita.agarwal@gmail.com,Jaipur,Rajasthan,302912,Self-Employed Business,28500,655,Verified
CUST11148,Karan,Reddy,Male,1982-11-27,8743701945,karan.reddy@yahoo.co.in,Hubballi,Karnataka,580182,Freelancer,97000,689,Verified
CUST11149,Isha,Iyer,Female,1987-02-15,9120928157,ishaiyer62@gmail.com,Bengaluru,Karnataka,560916,Salaried,29000,751,Pending
CUST11150,Varsha,Banerjee,Female,1967-01-29,9763532237,varshabanerjee55@rediffmail.com,Coimbatore,Tamil Nadu,641173,Self-Employed Professional,32500,801,Verified
CUST11151,Megha,Chatterjee,Female,1969-10-04,6429430003,megha.chatterjee@hotmail.com,Noida,Uttar Pradesh,201891,Self-Employed Professional,51000,586,Verified
CUST11152,Gaurav,Das,Male,1981-06-16,9693278417,gaurav.das@rediffmail.com,Warangal,Telangana,506920,Freelancer,36500,794,Verified
CUST11153,Divya,Verma,Female,1970-03-25,6406526642,divya.verma@hotmail.com,Bhopal,Madhya Pradesh,462986,Self-Employed Professional,77500,796,Verified
CUST11154,Priyanka,Deshmukh,Female,2002-03-27,7756569764,priyanka.deshmukh@rediffmail.com,Bhopal,Madhya Pradesh,462623,Self-Employed Business,49000,546,Verified
CUST11155,Niharika,Singh,Other,2003-04-03,6046250692,niharikasingh51@hotmail.com,Ludhiana,Punjab,141646,Self-Employed Business,66000,897,Failed
CUST11156,Vikram,Banerjee,Male,1984-09-29,9293509793,vikrambanerjee27@outlook.com,Bengaluru,Karnataka,560234,Salaried,15000,900,Verified
CUST11157,Vishal,Kulkarni,Male,1979-02-17,9780457972,vishal.kulkarni@outlook.com,New Delhi,Delhi,110984,Self-Employed Business,54000,728,Verified
CUST11158,Sunita,Iyer,Female,2003-09-20,7337209451,sunita.iyer@hotmail.com,Guwahati,Assam,781509,Freelancer,64500,788,Verified
CUST11159,Amit,Mehta,Male,2001-08-10,7008484264,amit.mehta@rediffmail.com,Ahmedabad,Gujarat,380309,Self-Employed Professional,39000,721,Failed
CUST11160,Isha,Jain,Female,1990-03-27,9713605494,isha.jain@hotmail.com,Chennai,Tamil Nadu,600124,Self-Employed Business,76500,743,Failed
CUST11161,Aniket,Nair,Male,1993-11-19,8193500115,aniket.nair@outlook.com,Kochi,Kerala,682212,Freelancer,15000,755,Verified
CUST11162,Rajesh,Kapoor,Male,1988-11-09,6441040431,rajesh.kapoor@outlook.com,Kochi,Kerala,682494,Self-Employed Business,26500,658,Pending
CUST11163,Gaurav,Agarwal,Male,1994-12-19,7747558030,gaurav.agarwal@rediffmail.com,Mumbai,Maharashtra,400205,Freelancer,45500,674,Failed
CUST11164,Sunita,Nair,Female,1967-08-15,6902716988,sunita.nair@yahoo.co.in,Bhubaneswar,Odisha,751818,Salaried,41500,713,Failed
CUST11165,Riya,Patel,Female,1969-10-27,9675983326,riyapatel15@hotmail.com,Lucknow,Uttar Pradesh,226985,Salaried,31500,664,Verified
CUST11166,Riya,Reddy,Female,1985-09-22,7853533998,riya.reddy@yahoo.co.in,Jaipur,Rajasthan,302263,Freelancer,39500,689,Verified
CUST11167,Sunita,Verma,Female,1968-12-26,8846687930,sunita.verma@yahoo.co.in,Mumbai,Maharashtra,400255,Self-Employed Business,41500,668,Failed
CUST11168,Vedika,Deshmukh,Other,1977-06-10,8150252854,vedika.deshmukh@hotmail.com,Hubballi,Karnataka,580344,Salaried,76000,721,Verified
CUST11169,Vikas,Sharma,Male,1994-08-29,9382777711,vikas.sharma@rediffmail.com,Jaipur,Rajasthan,302243,Self-Employed Business,15000,595,Verified
CUST11170,Amit,Verma,Male,2003-02-10,7423447305,amitverma70@hotmail.com,Hubballi,Karnataka,580875,Freelancer,51500,647,Verified
CUST11171,Ritu,Kumar,Female,2000-07-11,9640996833,ritukumar12@outlook.com,Pune,Maharashtra,411729,Self-Employed Business,93000,748,Verified
CUST11172,Kavita,Jain,Female,1974-03-06,7191439070,kavita.jain@outlook.com,Jaipur,Rajasthan,302589,Self-Employed Professional,32500,595,Verified
CUST11173,Amit,Reddy,Male,1967-09-01,6016260080,amit.reddy@yahoo.co.in,Kochi,Kerala,682457,Self-Employed Professional,124000,858,Failed
CUST11174,Kavita,Deshmukh,Female,1980-04-17,8883571921,kavitadeshmukh61@rediffmail.com,Bhubaneswar,Odisha,751683,Salaried,72000,687,Failed
CUST11175,Vishal,Mehta,Male,1967-01-11,7172665282,vishal.mehta@outlook.com,Kochi,Kerala,682651,Self-Employed Business,44500,813,Pending
CUST11176,Aarav,Bhat,Male,1983-07-19,6146051908,aarav.bhat@outlook.com,Howrah,West Bengal,711313,Self-Employed Professional,44000,664,Pending
CUST11177,Nikhil,Dutta,Male,1997-12-21,7010009089,nikhil.dutta@rediffmail.com,Vadodara,Gujarat,390167,Freelancer,47500,775,Failed
CUST11178,Anjali,Joshi,Female,1989-08-17,7541589290,anjali.joshi@rediffmail.com,Surat,Gujarat,395150,Self-Employed Business,75500,696,Failed
CUST11179,Ritu,Joshi,Female,1989-12-11,6812268159,ritu.joshi@outlook.com,Patna,Bihar,800814,Self-Employed Business,55000,631,Verified
CUST11180,Divya,Patel,Female,1991-01-07,6426937650,divya.patel@gmail.com,Kochi,Kerala,682931,Freelancer,35500,593,Verified
CUST11181,Sumit,Agarwal,Male,1990-05-06,7636885016,sumit.agarwal@yahoo.co.in,Patna,Bihar,800511,Self-Employed Professional,49500,692,Failed
CUST11182,Vasana,Agarwal,Other,1966-07-03,7761652289,vasana.agarwal@rediffmail.com,Mumbai,Maharashtra,400574,Self-Employed Business,49000,652,Verified
CUST11183,Priya,Dutta,Female,1987-05-19,9726597640,priyadutta81@yahoo.co.in,Chandigarh,Punjab,160859,Salaried,18500,678,Verified
CUST11184,Sachin,Gupta,Male,2002-12-01,7956518871,sachingupta77@outlook.com,Indore,Madhya Pradesh,452140,Salaried,77000,646,Pending
CUST11185,Tanay,Joshi,Other,1989-06-15,9875703029,tanay.joshi@yahoo.co.in,Pune,Maharashtra,411226,Salaried,57500,730,Verified
CUST11186,Vandana,Verma,Female,1988-02-18,8290695222,vandana.verma@yahoo.co.in,Warangal,Telangana,506517,Self-Employed Professional,101500,709,Verified
CUST11187,Isha,Kumar,Female,1995-03-19,9249753740,isha.kumar@outlook.com,Guwahati,Assam,781900,Salaried,150000,816,Verified
CUST11188,Nandini,Chatterjee,Other,1977-06-21,6687354453,nandini.chatterjee@outlook.com,Noida,Uttar Pradesh,201841,Salaried,24500,750,Failed
CUST11189,Kavita,Iyer,Female,1999-07-14,8834835862,kavita.iyer@hotmail.com,Guwahati,Assam,781321,Freelancer,45500,700,Verified
CUST11190,Rajesh,Dutta,Male,1979-01-16,7269834436,rajesh.dutta@rediffmail.com,Noida,Uttar Pradesh,201987,Salaried,25000,772,Verified
CUST11191,Anjali,Dutta,Female,1973-11-05,8672007342,anjali.dutta@rediffmail.com,Warangal,Telangana,506680,Salaried,62000,828,Verified
CUST11192,Priya,Nair,Female,1994-06-25,8038016258,priya.nair@outlook.com,New Delhi,Delhi,110462,Salaried,76000,738,Verified
CUST11193,Sumit,Joshi,Male,1991-03-24,6435312794,sumit.joshi@yahoo.co.in,Surat,Gujarat,395868,Freelancer,87500,683,Pending
CUST11194,Daniel,Patel,Other,1971-01-04,7359042652,daniel.patel@hotmail.com,Kolkata,West Bengal,700252,Freelancer,74500,570,Verified
CUST11195,Nitesh,Verma,Other,1989-06-27,8738385545,nitesh.verma@gmail.com,Kolkata,West Bengal,700747,Freelancer,100500,728,Verified
CUST11196,Varsha,Rao,Female,1981-06-07,8537062728,varsha.rao@gmail.com,Thiruvananthapuram,Kerala,695566,Self-Employed Professional,32500,861,Failed
CUST11197,Priyanka,Das,Female,1998-04-05,7641260848,priyanka.das@gmail.com,Bhopal,Madhya Pradesh,462501,Self-Employed Professional,17000,529,Verified
CUST11198,Tanvi,Reddy,Female,1969-04-23,9704505998,tanvi.reddy@yahoo.co.in,Chennai,Tamil Nadu,600793,Freelancer,37500,639,Failed
CUST11199,Gaurav,Deshmukh,Male,2003-02-18,6485142025,gaurav.deshmukh@rediffmail.com,Vadodara,Gujarat,390510,Self-Employed Business,18000,647,Pending
CUST11200,Anand,Deshmukh,Male,1977-06-15,7755767299,anand.deshmukh@gmail.com,New Delhi,Delhi,110835,Self-Employed Business,33500,830,Pending
CUST11201,Siddharth,Rao,Male,1977-02-27,9953102977,siddharth.rao@gmail.com,Hubballi,Karnataka,580428,Salaried,33500,538,Verified
CUST11202,Divya,Kumar,Female,2001-02-02,8173281629,divyakumar74@gmail.com,Guwahati,Assam,781334,Self-Employed Professional,20000,624,Verified
CUST11203,Sangeeta,Kulkarni,Female,1996-06-23,9671052987,sangeeta.kulkarni@hotmail.com,Mumbai,Maharashtra,400552,Self-Employed Business,31000,773,Verified
CUST11204,Aditya,Nair,Male,1978-04-19,8002026838,aditya.nair@hotmail.com,Nagpur,Maharashtra,440318,Self-Employed Business,132000,639,Verified
CUST11205,Ritu,Verma,Female,1976-08-31,6409346754,ritu.verma@gmail.com,Coimbatore,Tamil Nadu,641345,Freelancer,46500,628,Verified
CUST11206,Ladli,Mehta,Other,1986-01-09,7105133460,ladli.mehta@gmail.com,Jodhpur,Rajasthan,342263,Self-Employed Professional,53000,762,Failed
CUST11207,Kavita,Iyer,Female,1998-10-20,6681636038,kavita.iyer@rediffmail.com,Mysuru,Karnataka,570764,Freelancer,53000,715,Pending
CUST11208,Riya,Chatterjee,Female,1974-04-06,6005214107,riya.chatterjee@gmail.com,Patna,Bihar,800216,Freelancer,25500,758,Verified
CUST11209,Archana,Joshi,Female,1975-09-21,9085119194,archana.joshi@outlook.com,Chandigarh,Punjab,160365,Self-Employed Business,38500,735,Verified
CUST11210,Sanjay,Joshi,Male,1986-05-06,9713771886,sanjay.joshi@yahoo.co.in,Indore,Madhya Pradesh,452346,Self-Employed Business,40000,626,Failed
CUST11211,Sunita,Deshmukh,Female,1967-02-18,8573713887,sunitadeshmukh31@gmail.com,Chennai,Tamil Nadu,600322,Self-Employed Business,18500,778,Verified
CUST11212,Vikas,Kulkarni,Male,1966-01-14,8117614215,vikas.kulkarni@yahoo.co.in,Jaipur,Rajasthan,302623,Self-Employed Professional,24000,718,Verified
CUST11213,Shweta,Sharma,Female,2003-10-04,8656896987,shweta.sharma@gmail.com,Ahmedabad,Gujarat,380486,Self-Employed Professional,19500,789,Pending
CUST11214,Tushar,Gupta,Male,2000-05-04,8922912706,tushar.gupta@outlook.com,Surat,Gujarat,395386,Salaried,24500,717,Verified
CUST11215,Gaurav,Chatterjee,Male,1971-07-26,7018179607,gaurav.chatterjee@outlook.com,Bhopal,Madhya Pradesh,462638,Self-Employed Business,81000,628,Verified
CUST11216,Anjali,Reddy,Female,1973-03-26,7171148656,anjalireddy22@rediffmail.com,Hubballi,Karnataka,580109,Freelancer,26500,787,Failed
CUST11217,Anand,Das,Male,1974-12-23,6297557261,anand.das@hotmail.com,Jodhpur,Rajasthan,342723,Freelancer,44500,772,Failed
CUST11218,Aarnav,Jain,Other,1992-06-19,6682013071,aarnav.jain@hotmail.com,Guwahati,Assam,781456,Self-Employed Professional,111000,637,Pending
CUST11219,Pankaj,Patel,Male,2001-12-28,7179854900,pankaj.patel@outlook.com,Thane,Maharashtra,400348,Freelancer,66500,767,Failed
CUST11220,Sneha,Deshmukh,Female,1981-05-01,9399812743,sneha.deshmukh@rediffmail.com,Coimbatore,Tamil Nadu,641248,Self-Employed Business,16000,761,Verified
CUST11221,Madhavi,Kapoor,Other,2003-10-26,8762123601,madhavi.kapoor@rediffmail.com,Kochi,Kerala,682338,Self-Employed Business,38000,522,Verified
CUST11222,Megha,Patel,Female,1980-01-31,9309307968,megha.patel@outlook.com,Nagpur,Maharashtra,440766,Freelancer,58000,842,Verified
CUST11223,Siddharth,Nair,Male,1998-09-20,6899217735,siddharth.nair@gmail.com,Thiruvananthapuram,Kerala,695510,Salaried,26500,837,Verified
CUST11224,Ananya,Chatterjee,Female,1997-01-22,7173402422,ananyachatterjee22@outlook.com,Surat,Gujarat,395930,Salaried,17000,649,Verified
CUST11225,Ananya,Patel,Female,1990-06-01,6444248420,ananya.patel@yahoo.co.in,Howrah,West Bengal,711350,Self-Employed Business,40500,760,Pending
CUST11226,Kunal,Das,Male,1978-04-16,6994147539,kunal.das@rediffmail.com,Bengaluru,Karnataka,560297,Freelancer,23500,738,Verified
CUST11227,Sumit,Gowda,Male,1993-12-21,6826110356,sumit.gowda@outlook.com,Howrah,West Bengal,711285,Self-Employed Professional,30000,668,Verified
CUST11228,Isha,Joshi,Female,1991-07-25,8338619411,isha.joshi@rediffmail.com,Warangal,Telangana,506723,Salaried,65000,623,Verified
CUST11229,Ananya,Kumar,Female,1985-01-18,7834633488,ananya.kumar@rediffmail.com,Surat,Gujarat,395343,Self-Employed Business,28500,532,Verified
CUST11230,Alka,Verma,Other,1988-10-10,9542438269,alka.verma@yahoo.co.in,Noida,Uttar Pradesh,201451,Salaried,42000,773,Failed
CUST11231,Vandana,Agarwal,Female,2002-03-14,8947039696,vandana.agarwal@outlook.com,Lucknow,Uttar Pradesh,226314,Self-Employed Business,80500,703,Verified
CUST11232,Archana,Bhat,Female,1989-06-18,7009954288,archana.bhat@hotmail.com,Ahmedabad,Gujarat,380381,Self-Employed Business,79500,687,Verified
CUST11233,Sangeeta,Chawla,Female,1990-03-05,8706170690,sangeeta.chawla@gmail.com,Kolkata,West Bengal,700736,Freelancer,49500,698,Verified
CUST11234,Riya,Das,Female,1998-08-26,8051886016,riya.das@hotmail.com,Jaipur,Rajasthan,302367,Self-Employed Professional,18000,818,Pending
CUST11235,Swati,Agarwal,Female,1980-09-12,6450566937,swati.agarwal@outlook.com,Jodhpur,Rajasthan,342146,Self-Employed Professional,150500,668,Verified
CUST11236,Anita,Chatterjee,Female,2003-04-19,7571402503,anita.chatterjee@rediffmail.com,Lucknow,Uttar Pradesh,226992,Freelancer,41000,603,Verified
CUST11237,Siddharth,Das,Male,2000-02-13,7849368063,siddharthdas54@rediffmail.com,Surat,Gujarat,395119,Salaried,69000,738,Verified
CUST11238,Vandana,Kulkarni,Female,1966-01-26,8852775867,vandana.kulkarni@gmail.com,Ahmedabad,Gujarat,380496,Self-Employed Business,41000,632,Verified
CUST11239,Varsha,Rao,Female,1975-06-24,8689633181,varsha.rao@yahoo.co.in,Warangal,Telangana,506327,Self-Employed Business,40000,688,Verified
CUST11240,Megha,Patel,Female,1986-01-11,8457762626,megha.patel@yahoo.co.in,Kochi,Kerala,682555,Self-Employed Business,64500,841,Verified
CUST11241,Shweta,Nair,Female,2001-02-23,9594434852,shweta.nair@rediffmail.com,Kanpur,Uttar Pradesh,208968,Self-Employed Professional,40500,503,Verified
CUST11242,Rahul,Kumar,Male,1986-11-22,9874042076,rahul.kumar@hotmail.com,Kanpur,Uttar Pradesh,208182,Self-Employed Business,51000,678,Failed
CUST11243,Kavita,Gowda,Female,2000-11-07,7099000940,kavita.gowda@hotmail.com,Chandigarh,Punjab,160507,Self-Employed Business,57000,838,Verified
CUST11244,Rajesh,Reddy,Male,1995-05-15,9535232660,rajesh.reddy@gmail.com,Nagpur,Maharashtra,440366,Freelancer,56500,895,Verified
CUST11245,Suhani,Singh,Other,2002-12-26,9119989965,suhani.singh@gmail.com,Mysuru,Karnataka,570660,Salaried,57000,767,Verified
CUST11246,Karan,Kapoor,Male,1979-09-30,9761868704,karan.kapoor@hotmail.com,Thiruvananthapuram,Kerala,695509,Freelancer,47000,774,Pending
CUST11247,Manish,Kumar,Male,1981-05-23,8089142330,manish.kumar@yahoo.co.in,Hyderabad,Telangana,500608,Freelancer,15000,779,Verified
CUST11248,Aniket,Gupta,Male,1977-05-14,6513186604,aniket.gupta@hotmail.com,Jodhpur,Rajasthan,342561,Self-Employed Professional,23000,600,Pending
CUST11249,Priya,Joshi,Female,1977-09-18,9442035944,priya.joshi@gmail.com,Pune,Maharashtra,411864,Self-Employed Professional,73500,711,Failed
CUST11250,Anita,Bhat,Female,1999-07-17,9647741313,anita.bhat@outlook.com,Bengaluru,Karnataka,560617,Self-Employed Professional,21500,684,Verified
CUST11251,Sunita,Gupta,Female,1981-09-01,7988521789,sunitagupta89@outlook.com,Thane,Maharashtra,400928,Self-Employed Business,81000,681,Verified
CUST11252,Nikhil,Banerjee,Male,1981-06-26,7383193489,nikhil.banerjee@gmail.com,Nagpur,Maharashtra,440849,Salaried,25500,687,Pending
CUST11253,Isha,Rao,Female,1973-01-16,6959730912,isha.rao@gmail.com,Lucknow,Uttar Pradesh,226258,Freelancer,76000,692,Verified
CUST11254,Vandana,Singh,Female,1982-04-05,7015303044,vandana.singh@gmail.com,Bhopal,Madhya Pradesh,462551,Salaried,53000,764,Verified
CUST11255,Varsha,Reddy,Female,1980-05-06,9663454182,varsha.reddy@rediffmail.com,Hubballi,Karnataka,580244,Freelancer,51000,616,Verified
CUST11256,Archana,Sharma,Female,1984-10-23,6669100822,archana.sharma@outlook.com,Chennai,Tamil Nadu,600919,Salaried,40000,780,Pending
CUST11257,Isha,Gowda,Female,2001-01-31,9996208347,isha.gowda@rediffmail.com,Mysuru,Karnataka,570863,Salaried,57000,794,Verified
CUST11258,Tushar,Kulkarni,Male,1973-01-31,7007485972,tushar.kulkarni@outlook.com,Warangal,Telangana,506669,Freelancer,36500,548,Verified
CUST11259,Varsha,Agarwal,Female,2002-01-05,6286060480,varsha.agarwal@yahoo.co.in,Hyderabad,Telangana,500368,Salaried,39500,654,Verified
CUST11260,Tanvi,Reddy,Female,1967-11-14,6418985664,tanvireddy22@gmail.com,Ludhiana,Punjab,141437,Self-Employed Business,41000,714,Verified
CUST11261,Sangeeta,Kapoor,Female,1983-02-01,8699313606,sangeeta.kapoor@yahoo.co.in,Chennai,Tamil Nadu,600963,Salaried,47000,520,Verified
CUST11262,Bhavika,Banerjee,Other,1969-07-28,6380351489,bhavika.banerjee@outlook.com,Vadodara,Gujarat,390673,Self-Employed Professional,119000,641,Failed
CUST11263,Gaurav,Banerjee,Male,2002-04-14,6534728395,gauravbanerjee70@hotmail.com,Ahmedabad,Gujarat,380754,Salaried,69500,591,Verified
CUST11264,Ananya,Bhat,Female,1977-06-23,9865629258,ananya.bhat@yahoo.co.in,Madurai,Tamil Nadu,625638,Self-Employed Professional,58500,655,Verified
CUST11265,Pankaj,Agarwal,Male,1989-01-25,8684676780,pankaj.agarwal@rediffmail.com,Kochi,Kerala,682385,Self-Employed Business,64000,774,Verified
CUST11266,Divya,Gupta,Female,1976-05-13,8317555928,divya.gupta@rediffmail.com,Guwahati,Assam,781381,Freelancer,80500,645,Pending
CUST11267,Pankaj,Banerjee,Male,1980-07-01,6199764534,pankaj.banerjee@rediffmail.com,Thiruvananthapuram,Kerala,695464,Self-Employed Business,23500,739,Verified
CUST11268,Ritu,Banerjee,Female,1989-09-30,9300935820,ritu.banerjee@gmail.com,Kochi,Kerala,682903,Self-Employed Professional,75000,736,Verified
CUST11269,Aniket,Agarwal,Male,1978-08-06,7492766809,aniket.agarwal@rediffmail.com,Kolkata,West Bengal,700546,Salaried,16000,646,Verified
CUST11270,Yash,Reddy,Male,1975-10-31,9358667155,yash.reddy@outlook.com,Howrah,West Bengal,711526,Salaried,31000,820,Verified
CUST11271,Pallavi,Kumar,Other,1994-05-24,7720536499,pallavi.kumar@gmail.com,Hubballi,Karnataka,580713,Self-Employed Professional,134500,670,Pending
CUST11272,Vidhi,Mehta,Other,2002-01-08,8021553830,vidhi.mehta@hotmail.com,Patna,Bihar,800448,Self-Employed Business,46500,649,Verified
CUST11273,Sanjay,Singh,Male,1983-11-03,9844607890,sanjaysingh20@outlook.com,Hubballi,Karnataka,580721,Salaried,41500,562,Pending
CUST11274,Pooja,Patel,Female,2001-08-05,8925316498,pooja.patel@yahoo.co.in,Vadodara,Gujarat,390629,Self-Employed Business,59500,694,Verified
CUST11275,Swati,Verma,Female,1987-08-06,6554943436,swati.verma@rediffmail.com,Bhubaneswar,Odisha,751773,Freelancer,62500,761,Failed
CUST11276,Rahul,Kumar,Male,1997-02-16,7415359771,rahul.kumar@gmail.com,Thane,Maharashtra,400212,Salaried,34500,810,Verified
CUST11277,Sumit,Gupta,Male,2002-09-21,8872255785,sumit.gupta@hotmail.com,Kolkata,West Bengal,700206,Self-Employed Professional,29000,775,Verified
CUST11278,Sunita,Reddy,Female,1995-02-06,8739523285,sunitareddy80@outlook.com,Pune,Maharashtra,411954,Self-Employed Business,43000,786,Verified
CUST11279,Siddharth,Das,Male,1984-01-20,6284136233,siddharthdas10@hotmail.com,Jodhpur,Rajasthan,342118,Freelancer,23500,731,Pending
CUST11280,Varsha,Chawla,Female,1987-12-11,7418559508,varsha.chawla@yahoo.co.in,Guwahati,Assam,781390,Self-Employed Business,62000,735,Verified
CUST11281,Prashant,Singh,Male,1993-08-15,6017067949,prashantsingh79@hotmail.com,Indore,Madhya Pradesh,452817,Self-Employed Professional,81500,753,Pending
CUST11282,Anand,Kapoor,Male,2001-10-20,8938967635,anand.kapoor@yahoo.co.in,Indore,Madhya Pradesh,452598,Self-Employed Professional,30500,665,Verified
CUST11283,Rahul,Verma,Male,1986-05-21,7288341335,rahul.verma@gmail.com,Warangal,Telangana,506726,Salaried,27000,879,Verified
CUST11284,Rahul,Gowda,Male,1979-11-24,7663579671,rahul.gowda@outlook.com,Pune,Maharashtra,411300,Salaried,55000,656,Failed
CUST11285,Sunita,Mehta,Female,1983-06-28,6825263794,sunitamehta74@yahoo.co.in,Ludhiana,Punjab,141539,Salaried,28500,732,Failed
CUST11286,Vishal,Kumar,Male,1969-09-15,6978925946,vishal.kumar@outlook.com,Bhopal,Madhya Pradesh,462370,Self-Employed Business,37000,643,Failed
CUST11287,Neha,Rao,Female,1969-06-05,6818513673,neha.rao@rediffmail.com,Pune,Maharashtra,411803,Self-Employed Business,29000,843,Verified
CUST11288,Mohammed,Chawla,Other,1975-09-16,9684184714,mohammed.chawla@hotmail.com,Chennai,Tamil Nadu,600269,Salaried,78500,714,Verified
CUST11289,Anjali,Patel,Female,1970-12-29,7728360308,anjalipatel47@hotmail.com,Patna,Bihar,800594,Salaried,35500,638,Verified
CUST11290,Ranveer,Dutta,Other,1982-09-28,6767162172,ranveer.dutta@gmail.com,Jaipur,Rajasthan,302658,Freelancer,52500,615,Verified
CUST11291,Aditya,Deshmukh,Male,2003-02-07,7645649674,aditya.deshmukh@gmail.com,Mysuru,Karnataka,570510,Salaried,81500,530,Verified
CUST11292,Shweta,Gowda,Female,1966-09-11,7425197018,shweta.gowda@gmail.com,Chandigarh,Punjab,160672,Salaried,25500,833,Verified
CUST11293,Kunal,Deshmukh,Male,1969-01-02,7625260221,kunal.deshmukh@hotmail.com,Pune,Maharashtra,411663,Freelancer,37500,791,Failed
CUST11294,Sunita,Deshmukh,Female,1999-11-30,8391065735,sunita.deshmukh@gmail.com,Bhubaneswar,Odisha,751418,Self-Employed Business,83500,577,Verified
CUST11295,Aarav,Joshi,Male,1998-12-11,6401283319,aarav.joshi@outlook.com,Chandigarh,Punjab,160625,Freelancer,47500,497,Failed
CUST11296,Sangeeta,Patel,Female,1988-02-08,9170305687,sangeetapatel48@rediffmail.com,Bengaluru,Karnataka,560232,Self-Employed Business,35500,602,Verified
CUST11297,Priya,Kulkarni,Female,1976-09-21,9684187677,priya.kulkarni@hotmail.com,Thane,Maharashtra,400109,Freelancer,33000,785,Pending
CUST11298,Varsha,Gowda,Female,1995-12-24,7173033249,varsha.gowda@hotmail.com,Bhopal,Madhya Pradesh,462441,Freelancer,73500,752,Verified
CUST11299,Chaman,Kulkarni,Other,2003-11-06,6815605427,chaman.kulkarni@gmail.com,Patna,Bihar,800708,Self-Employed Business,128500,653,Failed
CUST11300,Anand,Patel,Male,1968-04-19,9976475456,anand.patel@outlook.com,Patna,Bihar,800253,Freelancer,26000,725,Verified
CUST11301,Varsha,Sharma,Female,2000-01-05,7909846856,varsha.sharma@gmail.com,Indore,Madhya Pradesh,452488,Self-Employed Professional,63000,662,Verified
CUST11302,Shweta,Verma,Female,1994-01-10,9777957039,shweta.verma@rediffmail.com,Thiruvananthapuram,Kerala,695247,Freelancer,27000,528,Failed
CUST11303,Anita,Iyer,Female,2001-03-24,6073512896,anita.iyer@yahoo.co.in,Hyderabad,Telangana,500776,Salaried,53000,653,Pending
CUST11304,Aditya,Mehta,Male,1975-09-04,7446060694,aditya.mehta@yahoo.co.in,Mumbai,Maharashtra,400508,Self-Employed Business,53000,634,Verified
CUST11305,Sanjay,Rao,Male,1970-01-20,7853700644,sanjay.rao@rediffmail.com,Noida,Uttar Pradesh,201394,Freelancer,66000,791,Verified
CUST11306,Gaurav,Joshi,Male,1982-03-30,8428053764,gaurav.joshi@yahoo.co.in,Chandigarh,Punjab,160441,Salaried,38500,856,Pending
CUST11307,Sunita,Kumar,Female,1967-03-26,7039221317,sunita.kumar@gmail.com,Mysuru,Karnataka,570736,Self-Employed Business,200000,828,Verified
CUST11308,Swati,Agarwal,Female,2000-11-04,9287314249,swatiagarwal32@hotmail.com,New Delhi,Delhi,110585,Freelancer,36000,605,Verified
CUST11309,Ananya,Sharma,Female,1980-07-17,6028745120,ananya.sharma@yahoo.co.in,Madurai,Tamil Nadu,625848,Salaried,36000,654,Verified
CUST11310,Tanvi,Mehta,Female,1995-07-17,6046627501,tanvi.mehta@outlook.com,Madurai,Tamil Nadu,625515,Freelancer,33500,681,Failed
CUST11311,Pooja,Kapoor,Female,1990-05-09,7309587238,pooja.kapoor@yahoo.co.in,Kochi,Kerala,682647,Salaried,31500,789,Verified
CUST11312,Devendra,Mehta,Male,1984-01-02,9148581970,devendra.mehta@gmail.com,Chandigarh,Punjab,160145,Salaried,50000,735,Verified
CUST11313,Anita,Chawla,Female,1971-11-12,6182852332,anita.chawla@rediffmail.com,Bhopal,Madhya Pradesh,462961,Salaried,92500,735,Verified
CUST11314,Kunal,Bhat,Male,1994-05-02,8511639714,kunal.bhat@rediffmail.com,Madurai,Tamil Nadu,625119,Freelancer,15000,796,Failed
CUST11315,Megha,Chawla,Female,1984-06-25,7625918831,megha.chawla@yahoo.co.in,Jodhpur,Rajasthan,342768,Freelancer,58500,819,Failed
CUST11316,Shweta,Joshi,Female,1999-09-17,8434354978,shweta.joshi@hotmail.com,Madurai,Tamil Nadu,625718,Freelancer,38500,775,Verified
CUST11317,Teerth,Gowda,Other,1967-12-06,7990348042,teerth.gowda@outlook.com,Bhubaneswar,Odisha,751695,Freelancer,72000,766,Verified
CUST11318,Divya,Rao,Female,1973-07-12,9622549203,divyarao39@rediffmail.com,Thane,Maharashtra,400709,Salaried,58500,642,Pending
CUST11319,Vikram,Banerjee,Male,1974-04-09,7641475690,vikram.banerjee@gmail.com,Bengaluru,Karnataka,560634,Self-Employed Business,18000,543,Verified
CUST11320,Sachin,Bhat,Male,1994-08-04,7596677153,sachin.bhat@rediffmail.com,Pune,Maharashtra,411908,Self-Employed Professional,28000,753,Verified
CUST11321,Aditya,Kapoor,Male,1975-02-05,7990900647,aditya.kapoor@hotmail.com,Bengaluru,Karnataka,560985,Self-Employed Business,31500,699,Pending
CUST11322,Priya,Nair,Female,1995-07-19,6423169792,priya.nair@gmail.com,Indore,Madhya Pradesh,452553,Self-Employed Business,66500,737,Verified
CUST11323,Sumit,Chawla,Male,1983-12-15,6453925287,sumitchawla52@yahoo.co.in,Patna,Bihar,800302,Self-Employed Professional,27500,574,Verified
CUST11324,Megha,Gowda,Female,2003-08-09,7023641224,meghagowda12@outlook.com,Chandigarh,Punjab,160295,Freelancer,29000,676,Verified
CUST11325,Anjali,Mehta,Female,1977-02-24,7510715558,anjali.mehta@hotmail.com,Thane,Maharashtra,400923,Self-Employed Business,67500,671,Pending
CUST11326,Dalbir,Iyer,Other,1979-06-03,8641199255,dalbir.iyer@gmail.com,Chennai,Tamil Nadu,600428,Self-Employed Professional,47000,815,Verified
CUST11327,Megha,Kapoor,Female,1996-11-20,8941971575,megha.kapoor@outlook.com,Guwahati,Assam,781224,Freelancer,41000,635,Verified
CUST11328,Yash,Das,Male,1971-05-26,9218563520,yash.das@gmail.com,Patna,Bihar,800546,Salaried,34500,756,Verified
CUST11329,Darsh,Gowda,Other,1984-11-03,9714336080,darsh.gowda@rediffmail.com,Nagpur,Maharashtra,440211,Salaried,25500,848,Failed
CUST11330,Vikas,Kulkarni,Male,1992-11-28,7788881893,vikas.kulkarni@gmail.com,Howrah,West Bengal,711918,Freelancer,56500,631,Verified
CUST11331,Shweta,Jain,Female,1990-01-11,8185690509,shweta.jain@hotmail.com,Noida,Uttar Pradesh,201509,Self-Employed Professional,38500,579,Verified
CUST11332,Dipta,Chatterjee,Other,1973-01-09,6814723735,dipta.chatterjee@hotmail.com,Jaipur,Rajasthan,302118,Freelancer,47000,715,Verified
CUST11333,Sangeeta,Agarwal,Female,2000-02-07,8145498367,sangeeta.agarwal@gmail.com,Kolkata,West Bengal,700496,Freelancer,39000,769,Verified
CUST11334,Priya,Chatterjee,Female,1970-07-13,6645605956,priyachatterjee41@outlook.com,Mysuru,Karnataka,570615,Salaried,19000,676,Failed
CUST11335,Devendra,Chatterjee,Male,1997-07-23,9730316787,devendra.chatterjee@gmail.com,Madurai,Tamil Nadu,625959,Freelancer,26500,706,Failed
CUST11336,Aniket,Nair,Male,1995-10-27,6254550054,aniket.nair@rediffmail.com,Nagpur,Maharashtra,440619,Salaried,64500,719,Failed
CUST11337,Ritu,Gowda,Female,1986-07-22,7887246163,ritu.gowda@gmail.com,Warangal,Telangana,506917,Self-Employed Business,32500,735,Verified
CUST11338,Karan,Deshmukh,Male,1980-01-14,7949307417,karan.deshmukh@rediffmail.com,Thiruvananthapuram,Kerala,695421,Self-Employed Business,39000,713,Verified
CUST11339,Archana,Agarwal,Female,1993-03-02,9225275600,archanaagarwal41@yahoo.co.in,Nagpur,Maharashtra,440232,Self-Employed Professional,75000,637,Verified
CUST11340,Arjun,Singh,Male,1969-07-15,8890418280,arjun.singh@outlook.com,Bengaluru,Karnataka,560522,Freelancer,35500,662,Verified
CUST11341,Pooja,Nair,Female,1987-10-19,6986361527,pooja.nair@hotmail.com,Lucknow,Uttar Pradesh,226949,Self-Employed Business,35500,631,Verified
CUST11342,Sunita,Kumar,Female,1974-08-02,6373714503,sunitakumar78@gmail.com,Nagpur,Maharashtra,440812,Self-Employed Professional,37000,724,Verified
CUST11343,Sanjay,Deshmukh,Male,1996-01-13,9061047189,sanjay.deshmukh@gmail.com,Hubballi,Karnataka,580934,Self-Employed Professional,187500,658,Verified
CUST11344,Karan,Kapoor,Male,1987-10-23,9883410341,karan.kapoor@outlook.com,Mysuru,Karnataka,570302,Salaried,45000,738,Verified
CUST11345,Tushar,Jain,Male,1976-05-20,7517904470,tushar.jain@rediffmail.com,Chandigarh,Punjab,160524,Salaried,48500,691,Pending
CUST11346,Sangeeta,Agarwal,Female,1975-07-17,6031456457,sangeetaagarwal68@yahoo.co.in,Lucknow,Uttar Pradesh,226777,Freelancer,69500,701,Verified
CUST11347,Prashant,Nair,Male,1977-08-02,9093391369,prashantnair33@gmail.com,Kochi,Kerala,682407,Salaried,20500,639,Failed
CUST11348,Priyanka,Deshmukh,Female,1968-12-06,6576310108,priyankadeshmukh92@hotmail.com,Noida,Uttar Pradesh,201402,Freelancer,61500,664,Verified
CUST11349,Sangeeta,Dutta,Female,1979-06-22,9989484817,sangeeta.dutta@gmail.com,Vadodara,Gujarat,390515,Salaried,33000,862,Verified
CUST11350,Pooja,Dutta,Female,1974-11-07,7078111719,pooja.dutta@hotmail.com,Thane,Maharashtra,400137,Self-Employed Business,50500,626,Verified
CUST11351,Priya,Chawla,Female,1984-12-20,9433384965,priya.chawla@outlook.com,Madurai,Tamil Nadu,625334,Salaried,42000,880,Verified
CUST11352,Aarav,Verma,Male,1979-12-16,7665361977,aaravverma68@gmail.com,Ahmedabad,Gujarat,380681,Self-Employed Business,100000,607,Pending
CUST11353,Dakshesh,Mehta,Other,1974-10-18,8865392768,dakshesh.mehta@hotmail.com,Mysuru,Karnataka,570367,Salaried,34000,809,Verified
CUST11354,Ananya,Singh,Female,1982-04-28,6735792116,ananya.singh@yahoo.co.in,Noida,Uttar Pradesh,201125,Freelancer,69500,900,Verified
CUST11355,Ritu,Rao,Female,1983-12-22,7989701455,riturao39@gmail.com,Vadodara,Gujarat,390356,Self-Employed Professional,38500,582,Verified
CUST11356,Swati,Mehta,Female,1982-03-30,8290509260,swati.mehta@gmail.com,Thane,Maharashtra,400782,Salaried,165000,691,Failed
CUST11357,Sangeeta,Kulkarni,Female,1991-03-16,8498121300,sangeeta.kulkarni@rediffmail.com,Chennai,Tamil Nadu,600770,Self-Employed Professional,46000,786,Pending
CUST11358,Chandresh,Bhat,Other,2004-04-01,9723310448,chandresh.bhat@gmail.com,Guwahati,Assam,781792,Freelancer,77500,745,Verified
CUST11359,Amit,Agarwal,Male,1990-07-15,7206318641,amit.agarwal@hotmail.com,Ludhiana,Punjab,141164,Self-Employed Professional,64000,656,Pending
CUST11360,Vansha,Das,Other,1993-04-03,7683599167,vansha.das@hotmail.com,Howrah,West Bengal,711115,Self-Employed Professional,76500,810,Verified
CUST11361,Vishal,Bhat,Male,1972-09-10,9712693794,vishal.bhat@rediffmail.com,Lucknow,Uttar Pradesh,226965,Self-Employed Professional,81000,811,Verified
CUST11362,Pooja,Iyer,Female,1989-05-03,8368681114,pooja.iyer@yahoo.co.in,Surat,Gujarat,395147,Freelancer,25000,714,Verified
CUST11363,Anita,Reddy,Female,1980-03-26,8906278790,anita.reddy@yahoo.co.in,Kanpur,Uttar Pradesh,208690,Salaried,99000,641,Pending
CUST11364,Ritu,Kapoor,Female,1967-01-04,7235841802,ritu.kapoor@rediffmail.com,Lucknow,Uttar Pradesh,226452,Freelancer,42500,631,Verified
CUST11365,Sanjay,Singh,Male,1987-12-06,8519247411,sanjay.singh@gmail.com,Bhubaneswar,Odisha,751791,Self-Employed Professional,42000,714,Verified
CUST11366,Vandana,Banerjee,Female,2004-09-14,9112584233,vandana.banerjee@gmail.com,Mumbai,Maharashtra,400656,Salaried,69500,644,Pending
CUST11367,Divya,Agarwal,Female,1986-12-02,7210788312,divya.agarwal@hotmail.com,Surat,Gujarat,395833,Freelancer,32500,622,Verified
CUST11368,Sanjay,Banerjee,Male,2003-11-26,6842874162,sanjay.banerjee@hotmail.com,Indore,Madhya Pradesh,452880,Self-Employed Professional,53000,523,Verified
CUST11369,Priya,Gupta,Female,1996-09-13,6051081948,priya.gupta@outlook.com,Chennai,Tamil Nadu,600231,Freelancer,69500,579,Verified
CUST11370,Kunal,Verma,Male,1972-11-20,7034243753,kunal.verma@rediffmail.com,New Delhi,Delhi,110545,Self-Employed Professional,94000,689,Verified
CUST11371,Riya,Dutta,Female,1983-04-18,9403304544,riya.dutta@gmail.com,Pune,Maharashtra,411498,Salaried,41000,704,Verified
CUST11372,Pooja,Kapoor,Female,1980-11-10,6151764296,poojakapoor10@rediffmail.com,Chennai,Tamil Nadu,600402,Salaried,105500,824,Verified
CUST11373,Yadavi,Das,Other,1970-06-06,7152552322,yadavi.das@rediffmail.com,Thane,Maharashtra,400432,Self-Employed Professional,52500,638,Failed
CUST11374,Nakul,Kulkarni,Other,1992-09-22,8011152558,nakul.kulkarni@hotmail.com,Hyderabad,Telangana,500574,Freelancer,68000,600,Verified
CUST11375,Ananya,Deshmukh,Female,1966-11-22,8588097186,ananya.deshmukh@gmail.com,Jodhpur,Rajasthan,342946,Self-Employed Professional,26000,598,Verified
CUST11376,Aditya,Reddy,Male,1999-01-14,8967577991,aditya.reddy@gmail.com,Warangal,Telangana,506904,Freelancer,18000,780,Verified
CUST11377,Neha,Reddy,Female,2000-05-29,6160895897,nehareddy54@gmail.com,Madurai,Tamil Nadu,625285,Salaried,61500,785,Verified
CUST11378,Aarav,Agarwal,Male,1974-10-13,8761289899,aarav.agarwal@yahoo.co.in,Mumbai,Maharashtra,400803,Freelancer,109000,788,Failed
CUST11379,Dakshesh,Chatterjee,Other,1991-11-24,7715603387,dakshesh.chatterjee@rediffmail.com,Kanpur,Uttar Pradesh,208948,Self-Employed Professional,46500,863,Verified
CUST11380,Ritu,Agarwal,Female,1995-03-31,6843976309,ritu.agarwal@gmail.com,Mumbai,Maharashtra,400581,Self-Employed Professional,44000,740,Failed
CUST11381,Yashoda,Gowda,Other,2002-12-16,8457444107,yashoda.gowda@hotmail.com,Madurai,Tamil Nadu,625861,Freelancer,17000,796,Verified
CUST11382,Sangeeta,Singh,Female,1991-06-25,6604359839,sangeeta.singh@rediffmail.com,Noida,Uttar Pradesh,201741,Salaried,40500,573,Verified
CUST11383,Megha,Iyer,Female,1988-04-15,8681678434,megha.iyer@gmail.com,Guwahati,Assam,781961,Self-Employed Professional,21000,837,Failed
CUST11384,Sangeeta,Kumar,Female,1970-03-19,7500788369,sangeeta.kumar@yahoo.co.in,Coimbatore,Tamil Nadu,641295,Self-Employed Professional,66500,668,Verified
CUST11385,Swati,Chawla,Female,1993-02-04,8285023126,swatichawla30@yahoo.co.in,Patna,Bihar,800343,Self-Employed Business,83500,772,Verified
CUST11386,Gaurav,Dutta,Male,1996-12-13,6322347714,gaurav.dutta@hotmail.com,Noida,Uttar Pradesh,201134,Self-Employed Professional,59000,668,Verified
CUST11387,Aditya,Verma,Male,1984-06-10,6741364459,aditya.verma@outlook.com,Bhubaneswar,Odisha,751918,Freelancer,28500,719,Pending
CUST11388,Anita,Gowda,Female,1972-08-13,9065076122,anita.gowda@yahoo.co.in,Vadodara,Gujarat,390771,Salaried,37000,671,Verified
CUST11389,Faris,Sharma,Other,1977-07-07,8555950263,faris.sharma@outlook.com,Indore,Madhya Pradesh,452106,Freelancer,44000,757,Failed
CUST11390,Devendra,Gowda,Male,1972-02-21,9639904600,devendra.gowda@rediffmail.com,Hyderabad,Telangana,500810,Self-Employed Professional,38000,839,Verified
CUST11391,Swati,Sharma,Female,1974-03-30,7209755061,swati.sharma@hotmail.com,Nagpur,Maharashtra,440542,Freelancer,49000,681,Verified
CUST11392,Shweta,Joshi,Female,1971-02-20,9218333919,shweta.joshi@yahoo.co.in,Ludhiana,Punjab,141901,Self-Employed Professional,27000,784,Verified
CUST11393,Siddharth,Banerjee,Male,1985-12-09,8270549857,siddharth.banerjee@rediffmail.com,Bhopal,Madhya Pradesh,462908,Self-Employed Professional,17000,900,Verified
CUST11394,Arjun,Das,Male,1991-11-18,6446658952,arjun.das@outlook.com,Guwahati,Assam,781518,Salaried,77500,646,Verified
CUST11395,Divya,Jain,Female,1994-02-26,8525737874,divya.jain@hotmail.com,Guwahati,Assam,781660,Self-Employed Business,71000,686,Verified
CUST11396,Pankaj,Gupta,Male,1972-05-20,9284268092,pankajgupta61@yahoo.co.in,Bengaluru,Karnataka,560824,Freelancer,29500,706,Verified
CUST11397,Kunal,Kumar,Male,1998-09-07,9880316647,kunal.kumar@rediffmail.com,Chandigarh,Punjab,160751,Salaried,20000,658,Verified
CUST11398,Divya,Bhat,Female,1996-09-18,8354160199,divya.bhat@gmail.com,Kolkata,West Bengal,700669,Salaried,45500,765,Pending
CUST11399,Varsha,Kumar,Female,1987-10-18,6520771074,varsha.kumar@gmail.com,Jaipur,Rajasthan,302331,Self-Employed Professional,38000,676,Verified
CUST11400,Divya,Gowda,Female,1979-03-05,9105110900,divya.gowda@hotmail.com,Thane,Maharashtra,400934,Salaried,44000,688,Pending
CUST11401,Swati,Chatterjee,Female,1973-05-02,7920102975,swati.chatterjee@rediffmail.com,Bhubaneswar,Odisha,751375,Freelancer,71500,788,Verified
CUST11402,Riya,Reddy,Female,1992-09-09,9442526942,riya.reddy@gmail.com,Jaipur,Rajasthan,302185,Freelancer,32500,767,Verified
CUST11403,Quincy,Singh,Other,1970-03-03,7379376699,quincy.singh@hotmail.com,Ludhiana,Punjab,141646,Salaried,46500,900,Verified
CUST11404,Tanvi,Iyer,Female,1968-01-31,8849688144,tanviiyer14@rediffmail.com,Thane,Maharashtra,400316,Self-Employed Business,44500,814,Verified
CUST11405,Neha,Reddy,Female,1967-03-16,9324535279,nehareddy24@gmail.com,Mysuru,Karnataka,570808,Salaried,99000,799,Pending
CUST11406,Sneha,Dutta,Female,1990-11-06,8932135961,sneha.dutta@rediffmail.com,Ahmedabad,Gujarat,380153,Freelancer,57500,747,Verified
CUST11407,Aniket,Iyer,Male,2004-07-04,9425972055,aniket.iyer@outlook.com,Madurai,Tamil Nadu,625942,Freelancer,107000,561,Verified
CUST11408,Shweta,Iyer,Female,1977-06-16,8746042937,shweta.iyer@gmail.com,Bhubaneswar,Odisha,751838,Self-Employed Business,39500,709,Failed
CUST11409,Priyanka,Mehta,Female,1993-11-17,7676988979,priyankamehta69@rediffmail.com,Bhubaneswar,Odisha,751438,Self-Employed Business,29000,830,Verified
CUST11410,Ekapad,Reddy,Other,1993-01-03,9275193463,ekapad.reddy@rediffmail.com,Pune,Maharashtra,411213,Self-Employed Professional,50000,705,Pending
CUST11411,Ekansh,Singh,Other,1984-04-06,6156862230,ekansh.singh@hotmail.com,Pune,Maharashtra,411773,Freelancer,36000,609,Verified
CUST11412,Nikhil,Verma,Male,1971-11-22,7743303727,nikhil.verma@gmail.com,Thiruvananthapuram,Kerala,695750,Self-Employed Professional,30500,803,Failed
CUST11413,Vishal,Patel,Male,1971-11-01,6380782878,vishal.patel@gmail.com,Kochi,Kerala,682526,Salaried,15000,548,Verified
CUST11414,Ritu,Kumar,Female,1976-05-23,8654180288,ritu.kumar@yahoo.co.in,Noida,Uttar Pradesh,201242,Salaried,46500,699,Verified
CUST11415,Neha,Kumar,Female,1992-06-08,8288284705,neha.kumar@yahoo.co.in,Nagpur,Maharashtra,440348,Salaried,120500,583,Verified
CUST11416,Anita,Kapoor,Female,1999-11-07,7320366864,anita.kapoor@yahoo.co.in,Bhopal,Madhya Pradesh,462993,Freelancer,46500,759,Verified
CUST11417,Sangeeta,Kapoor,Female,1982-12-27,6320877834,sangeeta.kapoor@hotmail.com,Mysuru,Karnataka,570861,Salaried,34000,658,Pending
CUST11418,Wahab,Singh,Other,2002-06-25,8735623277,wahab.singh@gmail.com,Thane,Maharashtra,400360,Self-Employed Business,25000,766,Verified
CUST11419,Vikram,Banerjee,Male,1975-11-24,7285704240,vikram.banerjee@yahoo.co.in,Noida,Uttar Pradesh,201450,Self-Employed Business,31500,781,Pending
CUST11420,Sachin,Banerjee,Male,1986-07-21,6411678815,sachinbanerjee91@hotmail.com,Jaipur,Rajasthan,302509,Freelancer,29500,803,Pending
CUST11421,Varsha,Das,Female,1988-05-28,7322912489,varsha.das@outlook.com,Kanpur,Uttar Pradesh,208647,Freelancer,89500,784,Verified
CUST11422,Priya,Chawla,Female,2003-09-11,8264076089,priyachawla17@yahoo.co.in,Mysuru,Karnataka,570231,Salaried,48000,710,Failed
CUST11423,Divya,Bhat,Female,1976-01-16,7568905810,divya.bhat@rediffmail.com,Pune,Maharashtra,411219,Self-Employed Business,65000,542,Verified
CUST11424,Sangeeta,Sharma,Female,1971-10-20,9728715659,sangeeta.sharma@hotmail.com,Chandigarh,Punjab,160573,Self-Employed Business,33500,735,Verified
CUST11425,Ananya,Reddy,Female,1980-07-17,7629171485,ananya.reddy@outlook.com,Bengaluru,Karnataka,560672,Self-Employed Professional,54500,822,Verified
CUST11426,Vikram,Gupta,Male,1983-09-10,8119214574,vikram.gupta@outlook.com,Lucknow,Uttar Pradesh,226252,Salaried,62000,791,Verified
CUST11427,Kavita,Sharma,Female,1989-01-03,7403532124,kavita.sharma@outlook.com,Mumbai,Maharashtra,400854,Self-Employed Professional,41000,722,Failed
CUST11428,Netra,Gupta,Other,2002-11-27,6525795990,netra.gupta@gmail.com,Jaipur,Rajasthan,302936,Freelancer,51000,664,Verified
CUST11429,Ananya,Gupta,Female,1990-11-02,6134348571,ananya.gupta@yahoo.co.in,Ahmedabad,Gujarat,380715,Freelancer,39500,649,Failed
CUST11430,Anand,Patel,Male,1972-10-05,6291381301,anandpatel49@rediffmail.com,Nagpur,Maharashtra,440266,Salaried,51500,783,Pending
CUST11431,Pooja,Singh,Female,1973-01-29,7191990821,poojasingh51@yahoo.co.in,Kochi,Kerala,682675,Self-Employed Professional,28500,797,Verified
CUST11432,Anita,Chatterjee,Female,1969-10-25,6389191874,anita.chatterjee@gmail.com,Lucknow,Uttar Pradesh,226932,Salaried,72000,799,Verified
CUST11433,Ananya,Chatterjee,Female,1969-06-09,8876507752,ananya.chatterjee@outlook.com,Patna,Bihar,800255,Self-Employed Professional,23500,750,Verified
CUST11434,Sumit,Chatterjee,Male,1994-10-27,6105703996,sumit.chatterjee@yahoo.co.in,Thane,Maharashtra,400534,Freelancer,30500,674,Failed
CUST11435,Ritu,Iyer,Female,1993-02-13,7233700715,ritu.iyer@rediffmail.com,Mumbai,Maharashtra,400900,Salaried,78000,720,Verified
CUST11436,Karan,Kulkarni,Male,2003-11-17,6658744888,karan.kulkarni@yahoo.co.in,Madurai,Tamil Nadu,625349,Freelancer,25000,807,Verified
CUST11437,Priya,Bhat,Female,2003-08-12,7585455139,priya.bhat@gmail.com,Thiruvananthapuram,Kerala,695900,Salaried,45500,774,Verified
CUST11438,Kavita,Bhat,Female,1997-11-13,9369323800,kavitabhat62@yahoo.co.in,Kolkata,West Bengal,700549,Self-Employed Business,45500,789,Verified
CUST11439,Jagdish,Chatterjee,Other,1997-12-04,8163712063,jagdish.chatterjee@gmail.com,Patna,Bihar,800440,Self-Employed Business,105500,707,Verified
CUST11440,Sneha,Rao,Female,1966-03-21,6144157281,sneha.rao@outlook.com,Ahmedabad,Gujarat,380819,Freelancer,46000,582,Verified
CUST11441,Ananya,Reddy,Female,1981-04-30,8465426836,ananyareddy39@outlook.com,Guwahati,Assam,781562,Salaried,70000,788,Verified
CUST11442,Ananya,Sharma,Female,1976-05-10,6119622723,ananya.sharma@rediffmail.com,Ludhiana,Punjab,141919,Freelancer,74500,851,Pending
CUST11443,Nikhil,Agarwal,Male,1976-05-25,8095709340,nikhil.agarwal@rediffmail.com,Mysuru,Karnataka,570516,Self-Employed Business,15000,752,Verified
CUST11444,Yatin,Chatterjee,Other,2002-06-20,9006279595,yatin.chatterjee@gmail.com,Jodhpur,Rajasthan,342930,Self-Employed Professional,51000,585,Verified
CUST11445,Priya,Rao,Female,1972-03-14,6756275280,priya.rao@gmail.com,New Delhi,Delhi,110524,Salaried,57000,648,Pending
CUST11446,Priya,Chawla,Female,1974-04-05,7516383264,priyachawla72@rediffmail.com,Mysuru,Karnataka,570803,Salaried,20500,560,Verified
CUST11447,Sumit,Jain,Male,1993-12-11,8576130494,sumit.jain@rediffmail.com,Jaipur,Rajasthan,302192,Self-Employed Business,15500,890,Verified
CUST11448,Priyanka,Mehta,Female,2001-04-24,7372875679,priyankamehta94@gmail.com,Ahmedabad,Gujarat,380149,Self-Employed Professional,39500,649,Pending
CUST11449,Archana,Gupta,Female,1981-04-29,7187089410,archanagupta25@rediffmail.com,New Delhi,Delhi,110526,Salaried,30500,553,Verified
CUST11450,Pooja,Joshi,Female,1998-10-24,8738852377,poojajoshi96@rediffmail.com,Guwahati,Assam,781569,Salaried,17000,863,Verified
CUST11451,Arjun,Reddy,Male,1970-04-03,7180822679,arjun.reddy@rediffmail.com,Thane,Maharashtra,400729,Freelancer,58000,637,Verified
CUST11452,Kavita,Chawla,Female,1995-01-02,8716468210,kavita.chawla@gmail.com,Warangal,Telangana,506799,Freelancer,34000,701,Verified
CUST11453,Balveer,Agarwal,Other,1999-09-22,9693207098,balveer.agarwal@yahoo.co.in,Howrah,West Bengal,711616,Self-Employed Business,58000,764,Verified
CUST11454,Sangeeta,Das,Female,1996-09-08,7965074456,sangeeta.das@outlook.com,Bhopal,Madhya Pradesh,462236,Freelancer,42500,565,Verified
CUST11455,Rajesh,Patel,Male,1986-01-15,8779500345,rajesh.patel@yahoo.co.in,Coimbatore,Tamil Nadu,641162,Self-Employed Professional,41500,815,Verified
CUST11456,Isha,Singh,Female,1985-11-20,7309074063,isha.singh@outlook.com,Mysuru,Karnataka,570543,Self-Employed Business,30000,690,Verified
CUST11457,Aniket,Reddy,Male,1997-10-06,7799005366,aniket.reddy@rediffmail.com,Ahmedabad,Gujarat,380298,Self-Employed Professional,44000,717,Verified
CUST11458,Vikram,Agarwal,Male,1976-05-10,9237225931,vikramagarwal39@yahoo.co.in,Bhubaneswar,Odisha,751944,Salaried,26500,632,Verified
CUST11459,Deepak,Deshmukh,Male,2000-03-02,7188384561,deepak.deshmukh@yahoo.co.in,Chandigarh,Punjab,160761,Freelancer,119000,577,Verified
CUST11460,Sachin,Agarwal,Male,2001-12-05,8176968064,sachin.agarwal@outlook.com,Kanpur,Uttar Pradesh,208414,Self-Employed Business,89000,594,Pending
CUST11461,Megha,Banerjee,Female,1993-11-04,7640532739,megha.banerjee@hotmail.com,Chandigarh,Punjab,160731,Self-Employed Professional,47000,756,Verified
CUST11462,Sangeeta,Dutta,Female,1993-03-28,9833150321,sangeeta.dutta@rediffmail.com,Chandigarh,Punjab,160875,Freelancer,101500,748,Verified
CUST11463,Riya,Das,Female,1999-01-13,9067347671,riyadas83@rediffmail.com,Indore,Madhya Pradesh,452352,Self-Employed Professional,48500,864,Verified
CUST11464,Rajesh,Reddy,Male,1974-04-23,8276221559,rajesh.reddy@hotmail.com,Vadodara,Gujarat,390793,Freelancer,28000,749,Verified
CUST11465,Ananya,Kulkarni,Female,1990-12-15,8546565317,ananya.kulkarni@gmail.com,Guwahati,Assam,781322,Salaried,15000,813,Verified
CUST11466,Sumit,Kapoor,Male,1973-07-11,8673223487,sumit.kapoor@outlook.com,Ahmedabad,Gujarat,380712,Salaried,39500,813,Verified
CUST11467,Ananya,Rao,Female,1990-08-13,9607326447,ananya.rao@rediffmail.com,Warangal,Telangana,506780,Freelancer,46000,736,Verified
CUST11468,Anjali,Dutta,Female,1996-02-04,6937164581,anjalidutta54@outlook.com,Guwahati,Assam,781934,Self-Employed Professional,63000,639,Verified
CUST11469,Finn,Deshmukh,Other,1990-03-16,9805289056,finn.deshmukh@hotmail.com,Kanpur,Uttar Pradesh,208189,Self-Employed Professional,34000,657,Verified
CUST11470,Sneha,Bhat,Female,1988-07-16,7743450968,sneha.bhat@outlook.com,Ahmedabad,Gujarat,380615,Salaried,30000,625,Verified
CUST11471,Vandana,Chawla,Female,2003-03-05,9469243435,vandanachawla61@rediffmail.com,Noida,Uttar Pradesh,201281,Salaried,32000,688,Verified
CUST11472,Sangeeta,Gupta,Female,1966-03-25,6354694660,sangeeta.gupta@outlook.com,Thane,Maharashtra,400317,Freelancer,37500,687,Verified
CUST11473,Sumit,Kapoor,Male,1969-09-04,9122150396,sumitkapoor80@outlook.com,Thiruvananthapuram,Kerala,695827,Salaried,170500,668,Verified
CUST11474,Deepak,Kulkarni,Male,1982-09-22,7866013855,deepak.kulkarni@gmail.com,Pune,Maharashtra,411271,Self-Employed Business,74500,580,Verified
CUST11475,Anjali,Kumar,Female,1999-07-16,6949991365,anjali.kumar@gmail.com,Kanpur,Uttar Pradesh,208444,Salaried,55000,795,Failed
CUST11476,Riya,Bhat,Female,1985-08-25,6867170804,riyabhat86@yahoo.co.in,Ahmedabad,Gujarat,380824,Self-Employed Professional,49000,604,Verified
CUST11477,Aditya,Chawla,Male,2004-07-23,8003717758,aditya.chawla@rediffmail.com,Kanpur,Uttar Pradesh,208494,Self-Employed Professional,58500,590,Verified
CUST11478,Oni,Joshi,Other,1984-08-05,7030695165,oni.joshi@hotmail.com,Mysuru,Karnataka,570272,Salaried,23500,849,Failed
CUST11479,Diya,Dutta,Other,2003-11-07,7302559879,diya.dutta@yahoo.co.in,Thane,Maharashtra,400539,Self-Employed Professional,15000,779,Verified
CUST11480,Varsha,Jain,Female,1988-08-25,6096196804,varsha.jain@outlook.com,Pune,Maharashtra,411452,Self-Employed Professional,26000,686,Verified
CUST11481,Archana,Jain,Female,1990-12-23,6446081971,archana.jain@outlook.com,Nagpur,Maharashtra,440923,Self-Employed Professional,27000,630,Verified
CUST11482,Yash,Kumar,Male,1966-07-09,8806274566,yash.kumar@rediffmail.com,Surat,Gujarat,395800,Self-Employed Business,47500,619,Verified
CUST11483,Karan,Mehta,Male,1995-11-02,6495776253,karan.mehta@rediffmail.com,Jaipur,Rajasthan,302565,Freelancer,81000,660,Failed
CUST11484,Shweta,Mehta,Female,1989-07-11,9174685902,shwetamehta87@yahoo.co.in,Bhopal,Madhya Pradesh,462497,Salaried,24500,521,Verified
CUST11485,Ananya,Kulkarni,Female,1979-11-02,7468967016,ananya.kulkarni@outlook.com,Ludhiana,Punjab,141261,Freelancer,163000,674,Verified
CUST11486,Divya,Kulkarni,Female,1969-11-22,7524235256,divya.kulkarni@gmail.com,Mumbai,Maharashtra,400633,Self-Employed Business,72000,753,Verified
CUST11487,Isha,Patel,Female,1982-03-28,6520535313,isha.patel@gmail.com,Howrah,West Bengal,711480,Freelancer,66500,741,Verified
CUST11488,Advika,Jain,Other,1997-11-24,6091294431,advika.jain@outlook.com,Bengaluru,Karnataka,560387,Salaried,83000,796,Verified
CUST11489,Samarth,Kulkarni,Other,1996-07-18,9798240211,samarth.kulkarni@hotmail.com,Coimbatore,Tamil Nadu,641333,Salaried,22000,740,Pending
CUST11490,Anita,Agarwal,Female,1970-11-22,6096242657,anita.agarwal@rediffmail.com,Indore,Madhya Pradesh,452930,Self-Employed Professional,58000,569,Failed
CUST11491,Divya,Das,Female,1975-07-26,8888237254,divya.das@outlook.com,Hyderabad,Telangana,500231,Self-Employed Business,32500,817,Verified
CUST11492,Kunal,Verma,Male,1977-03-12,8553882872,kunal.verma@gmail.com,Kolkata,West Bengal,700551,Freelancer,42500,691,Verified
CUST11493,Sunita,Chatterjee,Female,1979-06-04,8871207531,sunita.chatterjee@yahoo.co.in,Ludhiana,Punjab,141668,Self-Employed Business,49500,849,Verified
CUST11494,Anand,Iyer,Male,1995-05-17,6741443010,anandiyer45@gmail.com,Jaipur,Rajasthan,302464,Self-Employed Professional,84500,685,Pending
CUST11495,Pooja,Nair,Female,1975-03-09,7199711533,pooja.nair@yahoo.co.in,Howrah,West Bengal,711904,Freelancer,25500,727,Verified
CUST11496,Vikas,Kulkarni,Male,2001-07-09,8344997585,vikas.kulkarni@rediffmail.com,Thiruvananthapuram,Kerala,695741,Salaried,70500,711,Pending
CUST11497,Anand,Singh,Male,1991-09-09,7794376382,anand.singh@hotmail.com,Jaipur,Rajasthan,302697,Salaried,29000,610,Verified
CUST11498,Anjali,Banerjee,Female,1966-08-14,8731483687,anjali.banerjee@outlook.com,Patna,Bihar,800582,Freelancer,29000,643,Failed
CUST11499,Ritu,Sharma,Female,1966-03-03,9622821282,ritusharma37@rediffmail.com,Thiruvananthapuram,Kerala,695985,Self-Employed Professional,40500,754,Verified
CUST11500,Dipta,Kulkarni,Other,1992-11-09,7304596920,dipta.kulkarni@hotmail.com,Kochi,Kerala,682775,Freelancer,24000,681,Verified
