application_id,customer_id,lender_id,loan_amount,approved_amount,interest_rate,loan_tenure_months,loan_purpose,application_date,approval_date,loan_status,rejection_reason,loan_channel,processing_fee,emi_amount,disbursement_date
APP10001,CUST10729,LEN1018,790000.0,,,24,Home Renovation,2025-08-22,,Pending,,Direct Telecall,,,
APP10002,CUST11354,LEN1013,215000.0,175000.0,10.96,36,Debt Consolidation,2024-03-16,2024-03-21,Approved,,Mobile App,4200.0,5725.96,2024-03-22
APP10003,CUST10798,LEN1011,155000.0,,,6,Personal Expenses,2025-03-31,,Pending,,Website,,,
APP10004,CUST10738,LEN1009,210000.0,190000.0,18.85,6,Home Renovation,2025-04-04,2025-04-04,Approved,,DSA / Partner,3420.0,33430.28,2025-04-04
APP10005,CUST10184,LEN1012,435000.0,375000.0,14.72,36,Business Expansion,2024-01-13,2024-01-13,Approved,,DSA / Partner,9375.0,12948.14,2024-01-14
APP10006,CUST11172,LEN1017,135000.0,115000.0,29.01,24,Home Renovation,2024-10-02,2024-10-02,Approved,,Mobile App,2415.0,6371.52,2024-10-03
APP10007,CUST10891,LEN1009,315000.0,310000.0,19.77,24,Medical Emergency,2024-09-14,2024-09-17,Approved,,Website,5580.0,15742.89,2024-09-18
APP10008,CUST10938,LEN1004,295000.0,260000.0,16.1,6,Vehicle Purchase,2025-09-27,2025-09-30,Approved,,Website,4550.0,45390.79,2025-10-02
APP10009,CUST10882,LEN1020,155000.0,,,18,Education,2024-11-17,,Pending,,DSA / Partner,,,
APP10010,CUST10364,LEN1013,335000.0,290000.0,17.83,18,Wedding,2024-09-05,2024-09-08,Approved,,Branch,6960.0,18480.18,2024-09-10
APP10011,CUST10234,LEN1019,245000.0,195000.0,15.71,36,Home Renovation,2025-07-17,2025-07-22,Approved,,Direct Telecall,5850.0,6827.74,2025-07-23
APP10012,CUST10898,LEN1010,900000.0,,,6,Vehicle Purchase,2025-05-26,,Rejected,High Debt-to-Income Ratio,Direct Telecall,,,
APP10013,CUST11298,LEN1010,380000.0,,,48,Home Renovation,2025-03-09,,Pending,,Direct Telecall,,,
APP10014,CUST10773,LEN1003,370000.0,335000.0,25.63,36,Wedding,2025-02-14,2025-02-19,Approved,,Branch,5025.0,13431.42,2025-02-22
APP10015,CUST11114,LEN1002,625000.0,580000.0,22.84,18,Medical Emergency,2024-09-11,2024-09-16,Approved,,Mobile App,11600.0,38359.19,2024-09-16
APP10016,CUST11154,LEN1013,500000.0,,,18,Vehicle Purchase,2024-01-11,,Rejected,Low Credit Score,Mobile App,,,
APP10017,CUST10530,LEN1008,425000.0,375000.0,24.88,36,Education,2025-01-18,2025-01-22,Approved,,DSA / Partner,7500.0,14886.15,2025-01-23
APP10018,CUST10707,LEN1001,450000.0,,,18,Vehicle Purchase,2024-04-28,,Rejected,Incomplete Documentation,Mobile App,,,
APP10019,CUST10291,LEN1012,565000.0,490000.0,13.88,24,Education,2025-05-09,2025-05-14,Approved,,Branch,12250.0,23498.54,2025-05-17
APP10020,CUST10654,LEN1003,375000.0,350000.0,15.56,60,Medical Emergency,2024-12-17,2024-12-18,Approved,,Mobile App,5250.0,8429.71,2024-12-19
APP10021,CUST11057,LEN1006,375000.0,360000.0,12.39,18,Vehicle Purchase,2024-08-25,2024-08-26,Approved,,DSA / Partner,10800.0,22018.81,2024-08-29
APP10022,CUST10811,LEN1001,340000.0,,,12,Wedding,2025-03-15,,Rejected,Insufficient Monthly Income,Branch,,,
APP10023,CUST10010,LEN1007,610000.0,585000.0,23.73,60,Medical Emergency,2024-04-14,2024-04-16,Approved,,Branch,16087.5,16737.7,2024-04-18
APP10024,CUST10404,LEN1015,85000.0,,,48,Wedding,2025-10-16,,Rejected,KYC Verification Failed,Branch,,,
APP10025,CUST11223,LEN1013,265000.0,255000.0,12.35,36,Medical Emergency,2024-12-26,2024-12-31,Approved,,Website,6120.0,8512.34,2025-01-02
APP10026,CUST11259,LEN1019,125000.0,110000.0,22.0,12,Business Expansion,2024-09-01,2024-09-06,Approved,,Mobile App,3300.0,10295.38,2024-09-07
APP10027,CUST11047,LEN1013,165000.0,150000.0,18.96,12,Vehicle Purchase,2024-07-09,2024-07-14,Approved,,DSA / Partner,3600.0,13820.62,2024-07-15
APP10028,CUST11137,LEN1006,245000.0,225000.0,16.11,12,Home Renovation,2025-04-06,2025-04-06,Approved,,Website,6750.0,20426.16,2025-04-09
APP10029,CUST10280,LEN1007,630000.0,,,36,Wedding,2025-12-02,,Pending,,DSA / Partner,,,
APP10030,CUST11008,LEN1014,725000.0,660000.0,15.91,24,Wedding,2024-03-25,2024-03-26,Approved,,Mobile App,12540.0,32287.28,2024-03-28
APP10031,CUST10067,LEN1009,385000.0,365000.0,15.82,18,Home Renovation,2025-08-02,2025-08-06,Approved,,DSA / Partner,6570.0,22911.56,2025-08-06
APP10032,CUST11173,LEN1004,680000.0,645000.0,11.82,36,Business Expansion,2024-02-12,2024-02-13,Approved,,Branch,11287.5,21367.82,2024-02-16
APP10033,CUST10210,LEN1008,150000.0,145000.0,10.76,6,Wedding,2024-12-22,2024-12-22,Approved,,Website,2900.0,24930.74,2024-12-23
APP10034,CUST10430,LEN1019,290000.0,240000.0,14.2,60,Vehicle Purchase,2025-09-22,2025-09-23,Approved,,Mobile App,7200.0,5609.3,2025-09-23
APP10035,CUST11168,LEN1012,600000.0,,,36,Home Renovation,2024-10-26,,Pending,,Website,,,
APP10036,CUST10593,LEN1019,335000.0,330000.0,13.48,60,Medical Emergency,2025-02-25,2025-03-02,Approved,,Mobile App,9900.0,7589.85,2025-03-03
APP10037,CUST11437,LEN1005,240000.0,210000.0,14.01,48,Business Expansion,2025-11-23,2025-11-28,Approved,,Mobile App,4725.0,5739.61,2025-11-30
APP10038,CUST11286,LEN1014,255000.0,240000.0,24.5,6,Medical Emergency,2025-06-11,2025-06-13,Approved,,DSA / Partner,4560.0,42906.46,2025-06-16
APP10039,CUST11000,LEN1011,365000.0,,,60,Medical Emergency,2025-04-14,,Rejected,Incomplete Documentation,Direct Telecall,,,
APP10040,CUST11361,LEN1012,600000.0,580000.0,11.98,60,Vehicle Purchase,2025-03-15,2025-03-17,Approved,,Mobile App,14500.0,12895.92,2025-03-19
APP10041,CUST10692,LEN1018,375000.0,355000.0,16.8,36,Wedding,2025-11-29,2025-12-04,Approved,,Website,7100.0,12621.41,2025-12-07
APP10042,CUST10034,LEN1004,1000000.0,1000000.0,11.78,12,Wedding,2024-01-01,2024-01-06,Approved,,DSA / Partner,17500.0,88745.9,2024-01-07
APP10043,CUST11332,LEN1010,190000.0,,,18,Medical Emergency,2025-01-04,,Rejected,KYC Verification Failed,Direct Telecall,,,
APP10044,CUST10169,LEN1012,475000.0,440000.0,12.68,48,Home Renovation,2025-02-09,2025-02-10,Approved,,Mobile App,11000.0,11734.34,2025-02-13
APP10045,CUST11343,LEN1003,1000000.0,825000.0,22.21,6,Education,2024-03-20,2024-03-25,Approved,,DSA / Partner,12375.0,146543.23,2024-03-28
APP10046,CUST10020,LEN1001,525000.0,435000.0,13.81,60,Medical Emergency,2025-12-11,2025-12-14,Approved,,DSA / Partner,10875.0,10078.89,2025-12-14
APP10047,CUST11497,LEN1004,95000.0,90000.0,24.79,18,Debt Consolidation,2025-01-26,2025-01-27,Approved,,Mobile App,1575.0,6037.99,2025-01-28
APP10048,CUST10141,LEN1017,165000.0,,,36,Home Renovation,2024-12-25,,Pending,,DSA / Partner,,,
APP10049,CUST11480,LEN1007,265000.0,235000.0,17.56,12,Vehicle Purchase,2025-12-04,2025-12-04,Approved,,Branch,6462.5,21495.62,2025-12-05
APP10050,CUST10253,LEN1019,500000.0,425000.0,19.44,18,Vehicle Purchase,2024-05-23,2024-05-24,Approved,,Website,12750.0,27410.08,2024-05-26
APP10051,CUST11415,LEN1001,1000000.0,920000.0,27.21,48,Debt Consolidation,2025-06-14,2025-06-17,Approved,,Mobile App,23000.0,31649.47,2025-06-19
APP10052,CUST11324,LEN1002,355000.0,,,60,Education,2025-01-30,,Pending,,DSA / Partner,,,
APP10053,CUST10231,LEN1008,360000.0,360000.0,25.68,36,Medical Emergency,2024-01-13,2024-01-14,Approved,,Branch,7200.0,14443.33,2024-01-17
APP10054,CUST11165,LEN1014,215000.0,175000.0,21.43,48,Home Renovation,2024-03-15,2024-03-17,Approved,,DSA / Partner,3325.0,5459.55,2024-03-18
APP10055,CUST10082,LEN1002,980000.0,935000.0,14.83,24,Debt Consolidation,2025-05-28,2025-05-31,Approved,,Direct Telecall,18700.0,45259.53,2025-05-31
APP10056,CUST11312,LEN1018,450000.0,,,12,Debt Consolidation,2024-11-13,,Pending,,Mobile App,,,
APP10057,CUST10162,LEN1017,445000.0,390000.0,29.84,60,Home Renovation,2024-11-30,2024-12-05,Approved,,Branch,8190.0,12579.52,2024-12-05
APP10058,CUST10636,LEN1014,1000000.0,,,60,Education,2024-09-07,,Rejected,Low Credit Score,Mobile App,,,
APP10059,CUST10890,LEN1004,540000.0,510000.0,30.47,36,Personal Expenses,2025-11-13,2025-11-13,Approved,,Website,8925.0,21781.8,2025-11-13
APP10060,CUST11450,LEN1005,190000.0,170000.0,12.97,12,Wedding,2025-06-19,2025-06-21,Approved,,Website,3825.0,15181.54,2025-06-22
APP10061,CUST10762,LEN1005,300000.0,285000.0,16.73,60,Debt Consolidation,2024-04-30,2024-05-03,Approved,,Direct Telecall,6412.5,7041.67,2024-05-05
APP10062,CUST11073,LEN1003,190000.0,,,36,Medical Emergency,2025-04-11,,Rejected,Past Loan Default,DSA / Partner,,,
APP10063,CUST10738,LEN1002,540000.0,460000.0,17.05,36,Home Renovation,2024-06-10,2024-06-14,Approved,,Website,9200.0,16411.7,2024-06-14
APP10064,CUST10468,LEN1017,150000.0,135000.0,22.98,60,Personal Expenses,2024-02-17,2024-02-18,Approved,,Mobile App,2835.0,3804.16,2024-02-19
APP10065,CUST10073,LEN1018,740000.0,,,48,Vehicle Purchase,2024-11-25,,Pending,,Mobile App,,,
APP10066,CUST10509,LEN1014,530000.0,465000.0,18.81,18,Debt Consolidation,2025-08-08,2025-08-08,Approved,,Mobile App,8835.0,29849.54,2025-08-09
APP10067,CUST10458,LEN1017,310000.0,295000.0,14.5,24,Medical Emergency,2024-10-16,2024-10-16,Approved,,DSA / Partner,6195.0,14233.58,2024-10-19
APP10068,CUST10017,LEN1012,285000.0,240000.0,28.27,36,Debt Consolidation,2025-09-29,2025-10-02,Approved,,Direct Telecall,6000.0,9962.3,2025-10-03
APP10069,CUST11120,LEN1008,155000.0,135000.0,13.02,24,Personal Expenses,2025-07-08,2025-07-08,Approved,,Mobile App,2700.0,6419.41,2025-07-10
APP10070,CUST10003,LEN1013,445000.0,405000.0,22.27,48,Debt Consolidation,2024-07-29,2024-08-01,Approved,,Mobile App,9720.0,12819.4,2024-08-01
APP10071,CUST10292,LEN1009,135000.0,120000.0,19.89,12,Vehicle Purchase,2025-01-16,2025-01-20,Approved,,Direct Telecall,2160.0,11109.82,2025-01-20
APP10072,CUST11036,LEN1005,155000.0,125000.0,12.49,24,Medical Emergency,2025-08-04,2025-08-05,Approved,,Branch,2812.5,5912.83,2025-08-06
APP10073,CUST10598,LEN1009,750000.0,,,60,Vehicle Purchase,2024-11-30,,Rejected,KYC Verification Failed,Direct Telecall,,,
APP10074,CUST10928,LEN1009,435000.0,,,12,Home Renovation,2024-04-21,,Rejected,High Debt-to-Income Ratio,Branch,,,
APP10075,CUST10217,LEN1006,500000.0,435000.0,30.64,18,Vehicle Purchase,2025-07-02,2025-07-05,Approved,,Mobile App,13050.0,30446.02,2025-07-07
APP10076,CUST10949,LEN1009,750000.0,725000.0,15.62,6,Home Renovation,2024-11-07,2024-11-07,Approved,,Direct Telecall,13050.0,126397.62,2024-11-08
APP10077,CUST10672,LEN1005,270000.0,220000.0,17.91,12,Business Expansion,2025-06-09,2025-06-10,Approved,,DSA / Partner,4950.0,20160.18,2025-06-10
APP10078,CUST10829,LEN1015,310000.0,255000.0,24.99,36,Education,2025-04-18,2025-04-18,Approved,,Mobile App,8287.5,10137.41,2025-04-18
APP10079,CUST10127,LEN1008,205000.0,190000.0,24.26,60,Vehicle Purchase,2025-12-03,2025-12-07,Approved,,Website,3800.0,5494.62,2025-12-09
APP10080,CUST10154,LEN1001,1000000.0,980000.0,20.25,12,Wedding,2024-04-04,2024-04-06,Approved,,Mobile App,24500.0,90899.11,2024-04-06
APP10081,CUST10088,LEN1015,90000.0,80000.0,18.28,36,Vehicle Purchase,2025-02-08,2025-02-11,Approved,,Direct Telecall,2600.0,2903.44,2025-02-12
APP10082,CUST10725,LEN1007,465000.0,,,18,Debt Consolidation,2024-06-01,,Pending,,DSA / Partner,,,
APP10083,CUST10071,LEN1020,300000.0,295000.0,18.71,12,Debt Consolidation,2025-02-25,2025-02-25,Approved,,DSA / Partner,10325.0,27145.38,2025-02-27
APP10084,CUST10785,LEN1005,370000.0,355000.0,25.95,48,Education,2025-07-10,2025-07-15,Approved,,Direct Telecall,7987.5,11959.66,2025-07-17
APP10085,CUST10983,LEN1018,415000.0,345000.0,14.52,18,Business Expansion,2024-10-03,2024-10-04,Approved,,DSA / Partner,6900.0,21444.9,2024-10-04
APP10086,CUST10576,LEN1002,440000.0,440000.0,21.59,24,Business Expansion,2024-08-26,2024-08-31,Approved,,Branch,8800.0,22737.4,2024-09-01
APP10087,CUST10546,LEN1018,510000.0,495000.0,15.91,48,Personal Expenses,2025-08-12,2025-08-14,Approved,,Mobile App,9900.0,14005.63,2025-08-15
APP10088,CUST10361,LEN1008,510000.0,480000.0,14.62,60,Business Expansion,2024-01-29,2024-02-02,Approved,,Branch,9600.0,11323.65,2024-02-03
APP10089,CUST11154,LEN1007,630000.0,525000.0,26.32,60,Wedding,2024-11-12,2024-11-12,Approved,,Branch,14437.5,15818.36,2024-11-13
APP10090,CUST11233,LEN1008,110000.0,,,24,Personal Expenses,2025-09-20,,Pending,,Website,,,
APP10091,CUST10413,LEN1005,135000.0,110000.0,24.55,12,Business Expansion,2024-01-23,2024-01-24,Approved,,Mobile App,2475.0,10430.86,2024-01-24
APP10092,CUST11078,LEN1012,415000.0,360000.0,22.68,18,Vehicle Purchase,2024-04-13,2024-04-14,Approved,,Branch,9000.0,23781.14,2024-04-17
APP10093,CUST11310,LEN1016,350000.0,,,12,Business Expansion,2025-11-12,,Rejected,Past Loan Default,Mobile App,,,
APP10094,CUST10360,LEN1013,155000.0,,,48,Debt Consolidation,2024-06-30,,Rejected,Incomplete Documentation,Mobile App,,,
APP10095,CUST10004,LEN1019,500000.0,430000.0,15.95,60,Personal Expenses,2025-09-08,2025-09-12,Approved,,Mobile App,12900.0,10445.34,2025-09-13
APP10096,CUST11310,LEN1019,110000.0,95000.0,20.92,24,Home Renovation,2024-03-20,2024-03-21,Approved,,Website,2850.0,4877.9,2024-03-21
APP10097,CUST11452,LEN1011,265000.0,215000.0,17.73,18,Education,2025-12-10,2025-12-10,Approved,,Mobile App,4730.0,13690.59,2025-12-10
APP10098,CUST10099,LEN1013,500000.0,,,24,Home Renovation,2025-05-19,,Pending,,DSA / Partner,,,
APP10099,CUST10776,LEN1012,210000.0,200000.0,22.21,6,Wedding,2025-10-28,2025-10-31,Approved,,Branch,5000.0,35525.63,2025-10-31
APP10100,CUST10069,LEN1010,65000.0,,,18,Medical Emergency,2024-12-16,,Pending,,Mobile App,,,
APP10101,CUST10349,LEN1013,70000.0,70000.0,13.18,6,Medical Emergency,2025-08-31,2025-09-05,Approved,,Website,1680.0,12119.23,2025-09-05
APP10102,CUST10884,LEN1006,315000.0,,,24,Home Renovation,2024-04-13,,Rejected,KYC Verification Failed,Mobile App,,,
APP10103,CUST10421,LEN1007,690000.0,595000.0,21.57,36,Debt Consolidation,2024-10-15,2024-10-18,Approved,,Direct Telecall,16362.5,22591.17,2024-10-21
APP10104,CUST10315,LEN1002,205000.0,190000.0,23.45,24,Medical Emergency,2025-11-08,2025-11-08,Approved,,Website,3800.0,9993.43,2025-11-08
APP10105,CUST10424,LEN1006,280000.0,,,6,Wedding,2024-11-11,,Rejected,Insufficient Monthly Income,Mobile App,,,
APP10106,CUST10965,LEN1016,315000.0,275000.0,22.92,18,Medical Emergency,2025-07-11,2025-07-14,Approved,,Direct Telecall,7700.0,18198.25,2025-07-16
APP10107,CUST10383,LEN1015,85000.0,,,24,Wedding,2024-08-19,,Pending,,Website,,,
APP10108,CUST10551,LEN1019,165000.0,145000.0,29.29,60,Medical Emergency,2025-11-15,2025-11-19,Approved,,Mobile App,4350.0,4628.2,2025-11-20
APP10109,CUST11134,LEN1002,795000.0,775000.0,14.98,60,Vehicle Purchase,2025-12-04,2025-12-05,Approved,,Branch,15500.0,18429.06,2025-12-08
APP10110,CUST10613,LEN1003,770000.0,755000.0,15.92,60,Personal Expenses,2025-08-07,2025-08-12,Approved,,Branch,11325.0,18328.06,2025-08-13
APP10111,CUST10247,LEN1015,185000.0,,,12,Education,2024-05-09,,Rejected,Low Credit Score,Mobile App,,,
APP10112,CUST10868,LEN1003,595000.0,,,24,Education,2024-05-31,,Rejected,Past Loan Default,Direct Telecall,,,
APP10113,CUST10529,LEN1011,435000.0,395000.0,19.03,60,Medical Emergency,2025-02-01,2025-02-03,Approved,,Mobile App,8690.0,10253.04,2025-02-06
APP10114,CUST10026,LEN1020,300000.0,250000.0,15.24,60,Vehicle Purchase,2025-02-28,2025-03-04,Approved,,Mobile App,8750.0,5979.02,2025-03-04
APP10115,CUST10217,LEN1019,500000.0,490000.0,27.66,60,Debt Consolidation,2024-12-18,2024-12-23,Approved,,Branch,14700.0,15156.2,2024-12-26
APP10116,CUST11172,LEN1020,265000.0,245000.0,30.12,12,Debt Consolidation,2024-05-27,2024-05-30,Approved,,DSA / Partner,8575.0,23898.81,2024-05-30
APP10117,CUST10811,LEN1011,325000.0,260000.0,15.97,6,Wedding,2025-01-16,2025-01-18,Approved,,Website,5720.0,45374.0,2025-01-20
APP10118,CUST10575,LEN1016,660000.0,,,48,Medical Emergency,2024-05-17,,Rejected,KYC Verification Failed,Mobile App,,,
APP10119,CUST10908,LEN1011,325000.0,,,24,Medical Emergency,2025-03-28,,Rejected,High Debt-to-Income Ratio,Mobile App,,,
APP10120,CUST10834,LEN1016,500000.0,,,60,Business Expansion,2025-06-11,,Rejected,High Debt-to-Income Ratio,Mobile App,,,
APP10121,CUST10135,LEN1010,375000.0,,,24,Home Renovation,2025-08-05,,Rejected,Low Credit Score,Branch,,,
APP10122,CUST10356,LEN1007,630000.0,560000.0,31.52,12,Personal Expenses,2024-02-03,2024-02-08,Approved,,Mobile App,15400.0,55012.34,2024-02-09
APP10123,CUST10562,LEN1012,600000.0,,,36,Vehicle Purchase,2024-05-06,,Pending,,Direct Telecall,,,
APP10124,CUST11396,LEN1001,150000.0,140000.0,18.14,24,Wedding,2025-04-30,2025-05-01,Approved,,Mobile App,3500.0,6998.85,2025-05-03
APP10125,CUST11411,LEN1003,205000.0,195000.0,22.15,24,Personal Expenses,2025-08-08,2025-08-09,Approved,,Mobile App,2925.0,10130.69,2025-08-10
APP10126,CUST11388,LEN1007,205000.0,185000.0,17.18,24,Personal Expenses,2024-01-10,2024-01-11,Approved,,Direct Telecall,5087.5,9162.83,2024-01-11
APP10127,CUST10459,LEN1009,565000.0,550000.0,11.88,18,Debt Consolidation,2025-01-20,2025-01-21,Approved,,DSA / Partner,9900.0,33509.48,2025-01-24
APP10128,CUST10619,LEN1017,570000.0,,,24,Medical Emergency,2025-06-07,,Pending,,Mobile App,,,
APP10129,CUST11357,LEN1012,430000.0,355000.0,10.69,36,Debt Consolidation,2025-12-01,2025-12-03,Approved,,Website,8875.0,11570.2,2025-12-05
APP10130,CUST10568,LEN1009,555000.0,,,48,Debt Consolidation,2024-06-02,,Rejected,Past Loan Default,Mobile App,,,
APP10131,CUST10493,LEN1002,1000000.0,,,60,Vehicle Purchase,2024-11-23,,Rejected,Incomplete Documentation,Direct Telecall,,,
APP10132,CUST10287,LEN1001,1000000.0,880000.0,26.31,18,Debt Consolidation,2025-02-18,2025-02-23,Approved,,DSA / Partner,22000.0,59695.98,2025-02-24
APP10133,CUST10703,LEN1008,250000.0,225000.0,16.05,48,Wedding,2025-01-02,2025-01-07,Approved,,Direct Telecall,4500.0,6382.33,2025-01-08
APP10134,CUST10602,LEN1004,175000.0,,,48,Debt Consolidation,2025-07-26,,Pending,,Direct Telecall,,,
APP10135,CUST10375,LEN1011,920000.0,815000.0,25.45,12,Business Expansion,2024-11-10,2024-11-12,Approved,,Mobile App,17930.0,77639.11,2024-11-14
APP10136,CUST11200,LEN1010,270000.0,250000.0,13.33,6,Wedding,2025-10-11,2025-10-11,Approved,,Mobile App,6250.0,43301.54,2025-10-14
APP10137,CUST10399,LEN1017,385000.0,,,48,Vehicle Purchase,2024-11-01,,Rejected,Insufficient Monthly Income,Branch,,,
APP10138,CUST10111,LEN1005,110000.0,,,12,Business Expansion,2025-08-06,,Rejected,Insufficient Monthly Income,DSA / Partner,,,
APP10139,CUST10294,LEN1011,200000.0,,,12,Medical Emergency,2024-12-06,,Pending,,DSA / Partner,,,
APP10140,CUST11293,LEN1006,230000.0,,,6,Personal Expenses,2024-10-07,,Rejected,High Debt-to-Income Ratio,DSA / Partner,,,
APP10141,CUST10346,LEN1019,500000.0,,,24,Medical Emergency,2025-09-21,,Pending,,Mobile App,,,
APP10142,CUST10889,LEN1014,545000.0,495000.0,15.72,24,Vehicle Purchase,2024-02-08,2024-02-08,Approved,,Mobile App,9405.0,24170.57,2024-02-10
APP10143,CUST11088,LEN1007,125000.0,,,6,Education,2025-12-11,,Rejected,KYC Verification Failed,Mobile App,,,
APP10144,CUST10640,LEN1005,165000.0,160000.0,17.91,36,Debt Consolidation,2024-03-07,2024-03-09,Approved,,Mobile App,3600.0,5777.16,2024-03-12
APP10145,CUST11491,LEN1017,315000.0,,,18,Vehicle Purchase,2024-05-17,,Rejected,KYC Verification Failed,Direct Telecall,,,
APP10146,CUST11004,LEN1012,470000.0,395000.0,20.93,12,Vehicle Purchase,2024-08-21,2024-08-22,Approved,,Mobile App,9875.0,36766.67,2024-08-22
APP10147,CUST11208,LEN1017,105000.0,90000.0,15.15,18,Personal Expenses,2025-10-17,2025-10-17,Approved,,DSA / Partner,1890.0,5620.99,2025-10-17
APP10148,CUST11356,LEN1004,1000000.0,885000.0,18.27,6,Personal Expenses,2024-04-28,2024-05-02,Approved,,Direct Telecall,15487.5,155458.86,2024-05-04
APP10149,CUST10972,LEN1005,305000.0,,,48,Personal Expenses,2025-03-06,,Rejected,Incomplete Documentation,Website,,,
APP10150,CUST10207,LEN1017,205000.0,,,36,Home Renovation,2024-04-17,,Rejected,Past Loan Default,DSA / Partner,,,
APP10151,CUST11473,LEN1020,300000.0,275000.0,24.91,6,Medical Emergency,2024-07-22,2024-07-26,Approved,,DSA / Partner,9625.0,49220.32,2024-07-27
APP10152,CUST10734,LEN1014,395000.0,390000.0,11.49,6,Wedding,2025-12-05,2025-12-05,Approved,,Mobile App,7410.0,67195.61,2025-12-05
APP10153,CUST11376,LEN1003,250000.0,,,60,Wedding,2024-04-02,,Pending,,Mobile App,,,
APP10154,CUST11048,LEN1003,625000.0,,,6,Debt Consolidation,2024-08-24,,Pending,,Direct Telecall,,,
APP10155,CUST10936,LEN1010,160000.0,155000.0,11.58,6,Medical Emergency,2024-02-10,2024-02-15,Approved,,Mobile App,3875.0,26712.84,2024-02-17
APP10156,CUST10873,LEN1004,330000.0,310000.0,11.01,60,Personal Expenses,2024-05-21,2024-05-23,Approved,,Mobile App,5425.0,6741.7,2024-05-26
APP10157,CUST11274,LEN1009,750000.0,615000.0,18.36,6,Business Expansion,2024-07-06,2024-07-09,Approved,,Website,11070.0,108058.32,2024-07-11
APP10158,CUST10790,LEN1016,1000000.0,,,48,Home Renovation,2024-05-15,,Rejected,Incomplete Documentation,Mobile App,,,
APP10159,CUST11488,LEN1002,1000000.0,,,60,Home Renovation,2025-03-02,,Pending,,Mobile App,,,
APP10160,CUST11210,LEN1016,495000.0,,,48,Wedding,2025-09-17,,Rejected,Insufficient Monthly Income,Mobile App,,,
APP10161,CUST10735,LEN1020,140000.0,115000.0,14.79,48,Home Renovation,2025-05-14,2025-05-14,Approved,,DSA / Partner,4025.0,3188.31,2025-05-14
APP10162,CUST10536,LEN1011,285000.0,260000.0,12.56,60,Education,2024-12-12,2024-12-16,Approved,,Direct Telecall,5720.0,5857.4,2024-12-16
APP10163,CUST10887,LEN1008,440000.0,,,48,Vehicle Purchase,2025-07-25,,Pending,,Mobile App,,,
APP10164,CUST11256,LEN1002,85000.0,,,12,Wedding,2024-06-18,,Pending,,DSA / Partner,,,
APP10165,CUST10154,LEN1016,440000.0,370000.0,19.43,18,Debt Consolidation,2025-06-03,2025-06-06,Approved,,Mobile App,10360.0,23861.12,2025-06-07
APP10166,CUST10162,LEN1015,250000.0,220000.0,26.8,36,Wedding,2025-05-25,2025-05-28,Approved,,Mobile App,7150.0,8957.96,2025-05-28
APP10167,CUST10211,LEN1013,365000.0,360000.0,15.45,36,Personal Expenses,2025-09-10,2025-09-14,Approved,,Mobile App,8640.0,12559.0,2025-09-15
APP10168,CUST11341,LEN1015,400000.0,,,18,Personal Expenses,2025-04-10,,Rejected,KYC Verification Failed,Mobile App,,,
APP10169,CUST11148,LEN1020,300000.0,245000.0,19.94,48,Business Expansion,2025-04-08,2025-04-09,Approved,,Direct Telecall,8575.0,7447.61,2025-04-09
APP10170,CUST10700,LEN1012,600000.0,525000.0,13.91,60,Debt Consolidation,2025-06-18,2025-06-19,Approved,,Branch,13125.0,12191.35,2025-06-22
APP10171,CUST10288,LEN1014,180000.0,175000.0,11.68,36,Education,2024-05-03,2024-05-06,Approved,,Mobile App,3325.0,5785.79,2024-05-07
APP10172,CUST11468,LEN1011,215000.0,,,24,Personal Expenses,2025-11-19,,Rejected,Past Loan Default,Direct Telecall,,,
APP10173,CUST10253,LEN1015,400000.0,360000.0,16.81,36,Home Renovation,2024-01-05,2024-01-08,Approved,,DSA / Partner,11700.0,12800.97,2024-01-11
APP10174,CUST11042,LEN1006,500000.0,465000.0,24.07,12,Home Renovation,2025-01-31,2025-02-02,Approved,,Mobile App,13950.0,43985.97,2025-02-05
APP10175,CUST10858,LEN1020,300000.0,,,60,Education,2025-02-11,,Pending,,Website,,,
APP10176,CUST10703,LEN1010,180000.0,,,12,Home Renovation,2025-09-08,,Rejected,Incomplete Documentation,DSA / Partner,,,
APP10177,CUST11050,LEN1010,665000.0,,,36,Business Expansion,2025-07-20,,Pending,,Direct Telecall,,,
APP10178,CUST11296,LEN1007,165000.0,,,36,Debt Consolidation,2024-12-19,,Pending,,Direct Telecall,,,
APP10179,CUST11378,LEN1005,1000000.0,940000.0,11.47,48,Home Renovation,2025-07-09,2025-07-09,Approved,,Branch,21150.0,24509.9,2025-07-11
APP10180,CUST11152,LEN1016,350000.0,300000.0,13.04,48,Vehicle Purchase,2025-06-30,2025-06-30,Approved,,Direct Telecall,8400.0,8054.21,2025-06-30
APP10181,CUST10052,LEN1013,500000.0,,,48,Personal Expenses,2024-09-30,,Pending,,Mobile App,,,
APP10182,CUST10330,LEN1010,540000.0,455000.0,23.75,12,Personal Expenses,2024-10-29,2024-10-31,Approved,,Direct Telecall,11375.0,42969.59,2024-11-03
APP10183,CUST10210,LEN1020,300000.0,275000.0,11.21,48,Education,2025-10-24,2025-10-29,Approved,,Direct Telecall,9625.0,7135.6,2025-10-31
APP10184,CUST11420,LEN1002,415000.0,410000.0,10.66,24,Vehicle Purchase,2024-11-16,2024-11-21,Approved,,Direct Telecall,8200.0,19044.56,2024-11-23
APP10185,CUST10416,LEN1020,260000.0,245000.0,24.27,60,Wedding,2025-10-10,2025-10-14,Approved,,Mobile App,8575.0,7086.6,2025-10-15
APP10186,CUST11485,LEN1007,800000.0,760000.0,17.13,12,Medical Emergency,2024-06-26,2024-06-26,Approved,,Mobile App,20900.0,69362.51,2024-06-29
APP10187,CUST10572,LEN1018,120000.0,105000.0,16.32,12,Debt Consolidation,2024-12-04,2024-12-04,Approved,,Mobile App,2100.0,9542.65,2024-12-05
APP10188,CUST10661,LEN1020,95000.0,85000.0,21.46,48,Debt Consolidation,2025-08-09,2025-08-14,Approved,,DSA / Partner,2975.0,2653.16,2025-08-16
APP10189,CUST11077,LEN1008,1000000.0,,,36,Medical Emergency,2024-06-12,,Rejected,Insufficient Monthly Income,Branch,,,
APP10190,CUST11113,LEN1018,110000.0,95000.0,28.23,18,Education,2025-11-10,2025-11-11,Approved,,Mobile App,1900.0,6534.78,2025-11-14
APP10191,CUST11150,LEN1001,115000.0,105000.0,12.36,18,Wedding,2025-10-19,2025-10-19,Approved,,Mobile App,2625.0,6420.69,2025-10-21
APP10192,CUST10782,LEN1004,395000.0,380000.0,22.94,36,Debt Consolidation,2025-06-13,2025-06-17,Approved,,Mobile App,6650.0,14697.81,2025-06-20
APP10193,CUST10997,LEN1002,220000.0,,,48,Education,2025-06-10,,Rejected,Low Credit Score,Website,,,
APP10194,CUST10197,LEN1006,410000.0,,,60,Personal Expenses,2024-03-08,,Pending,,Direct Telecall,,,
APP10195,CUST10432,LEN1007,695000.0,,,24,Medical Emergency,2025-07-04,,Rejected,Incomplete Documentation,Mobile App,,,
APP10196,CUST10892,LEN1003,470000.0,,,12,Personal Expenses,2024-12-05,,Pending,,DSA / Partner,,,
APP10197,CUST10078,LEN1003,120000.0,,,12,Debt Consolidation,2024-03-13,,Rejected,Past Loan Default,Branch,,,
APP10198,CUST10467,LEN1009,435000.0,,,24,Vehicle Purchase,2024-11-19,,Rejected,Low Credit Score,DSA / Partner,,,
APP10199,CUST10798,LEN1004,210000.0,,,48,Medical Emergency,2025-08-22,,Rejected,Low Credit Score,Direct Telecall,,,
APP10200,CUST11436,LEN1003,165000.0,140000.0,10.76,36,Medical Emergency,2025-12-03,2025-12-06,Approved,,Website,2100.0,4567.53,2025-12-09
APP10201,CUST10810,LEN1001,155000.0,,,36,Education,2025-02-04,,Pending,,Mobile App,,,
APP10202,CUST11118,LEN1010,585000.0,,,12,Debt Consolidation,2025-10-25,,Pending,,Direct Telecall,,,
APP10203,CUST10765,LEN1001,380000.0,305000.0,15.33,36,Home Renovation,2024-02-12,2024-02-16,Approved,,Mobile App,7625.0,10622.28,2024-02-16
APP10204,CUST10625,LEN1007,790000.0,,,48,Business Expansion,2025-02-26,,Pending,,Mobile App,,,
APP10205,CUST11323,LEN1017,105000.0,,,12,Education,2024-09-15,,Rejected,High Debt-to-Income Ratio,Branch,,,
APP10206,CUST10235,LEN1006,500000.0,465000.0,26.53,36,Personal Expenses,2025-04-17,2025-04-22,Approved,,Branch,13950.0,18866.67,2025-04-22
APP10207,CUST10514,LEN1004,365000.0,300000.0,19.48,36,Wedding,2024-12-31,2024-12-31,Approved,,Website,5250.0,11069.75,2025-01-02
APP10208,CUST11269,LEN1003,220000.0,,,18,Wedding,2024-12-02,,Pending,,DSA / Partner,,,
APP10209,CUST11263,LEN1010,765000.0,,,12,Business Expansion,2025-03-14,,Rejected,High Debt-to-Income Ratio,Website,,,
APP10210,CUST10010,LEN1011,680000.0,,,12,Vehicle Purchase,2025-01-03,,Rejected,High Debt-to-Income Ratio,Website,,,
APP10211,CUST11392,LEN1011,360000.0,325000.0,10.83,24,Wedding,2024-11-08,2024-11-13,Approved,,Website,7150.0,15121.91,2024-11-13
APP10212,CUST10575,LEN1005,680000.0,,,12,Debt Consolidation,2025-10-03,,Rejected,Low Credit Score,Direct Telecall,,,
APP10213,CUST11490,LEN1003,790000.0,695000.0,29.58,60,Personal Expenses,2025-08-15,2025-08-15,Approved,,Branch,10425.0,22306.65,2025-08-17
APP10214,CUST11114,LEN1018,415000.0,350000.0,24.88,60,Home Renovation,2025-02-05,2025-02-10,Approved,,Website,7000.0,10248.35,2025-02-12
APP10215,CUST10275,LEN1015,390000.0,315000.0,17.65,6,Vehicle Purchase,2025-05-29,2025-06-02,Approved,,Website,10237.5,55235.54,2025-06-03
APP10216,CUST11053,LEN1005,220000.0,,,12,Home Renovation,2025-05-10,,Pending,,Direct Telecall,,,
APP10217,CUST10735,LEN1002,290000.0,,,24,Education,2024-09-27,,Rejected,KYC Verification Failed,Mobile App,,,
APP10218,CUST10480,LEN1002,315000.0,,,36,Business Expansion,2025-04-25,,Rejected,Insufficient Monthly Income,DSA / Partner,,,
APP10219,CUST10096,LEN1002,1000000.0,925000.0,22.44,18,Medical Emergency,2025-06-17,2025-06-22,Approved,,Direct Telecall,18500.0,60996.47,2025-06-24
APP10220,CUST11186,LEN1018,955000.0,,,24,Vehicle Purchase,2025-08-24,,Rejected,Incomplete Documentation,Website,,,
APP10221,CUST10160,LEN1017,600000.0,540000.0,18.72,12,Vehicle Purchase,2024-12-19,2024-12-23,Approved,,Website,11340.0,49692.42,2024-12-23
APP10222,CUST11028,LEN1005,380000.0,325000.0,26.99,12,Medical Emergency,2025-10-20,2025-10-21,Approved,,Branch,7312.5,31204.07,2025-10-23
APP10223,CUST11233,LEN1004,525000.0,470000.0,18.71,24,Business Expansion,2024-04-26,2024-04-27,Approved,,Direct Telecall,8225.0,23625.88,2024-04-28
APP10224,CUST11326,LEN1014,110000.0,,,6,Home Renovation,2025-08-29,,Pending,,Branch,,,
APP10225,CUST10330,LEN1005,505000.0,430000.0,21.98,6,Home Renovation,2024-06-19,2024-06-22,Approved,,Mobile App,9675.0,76330.58,2024-06-22
APP10226,CUST11474,LEN1010,900000.0,875000.0,27.11,12,Wedding,2025-04-27,2025-04-30,Approved,,Branch,21875.0,84062.2,2025-05-01
APP10227,CUST11194,LEN1006,500000.0,435000.0,28.78,36,Debt Consolidation,2025-12-03,2025-12-07,Approved,,Mobile App,13050.0,18176.97,2025-12-07
APP10228,CUST10471,LEN1013,415000.0,,,6,Personal Expenses,2025-06-19,,Pending,,Mobile App,,,
APP10229,CUST11033,LEN1014,505000.0,495000.0,12.3,36,Medical Emergency,2025-05-02,2025-05-06,Approved,,Mobile App,9405.0,16512.1,2025-05-06
APP10230,CUST10191,LEN1016,380000.0,335000.0,18.45,36,Personal Expenses,2025-10-26,2025-10-26,Approved,,Direct Telecall,9380.0,12186.81,2025-10-29
APP10231,CUST10470,LEN1016,280000.0,255000.0,14.83,24,Business Expansion,2025-12-14,2025-12-16,Approved,,Branch,7140.0,12343.51,2025-12-19
APP10232,CUST10477,LEN1003,215000.0,170000.0,19.87,36,Vehicle Purchase,2024-07-12,2024-07-12,Approved,,Website,2550.0,6306.55,2024-07-12
APP10233,CUST11065,LEN1001,150000.0,125000.0,14.84,12,Business Expansion,2025-01-05,2025-01-09,Approved,,DSA / Partner,3125.0,11272.85,2025-01-11
APP10234,CUST10536,LEN1018,990000.0,,,18,Debt Consolidation,2025-02-10,,Pending,,Direct Telecall,,,
APP10235,CUST10418,LEN1014,195000.0,180000.0,11.95,36,Wedding,2025-01-14,2025-01-16,Approved,,Mobile App,3420.0,5974.28,2025-01-18
APP10236,CUST11445,LEN1013,500000.0,445000.0,24.53,60,Medical Emergency,2024-08-23,2024-08-24,Approved,,Direct Telecall,10680.0,12939.01,2024-08-24
APP10237,CUST10440,LEN1017,250000.0,250000.0,21.13,18,Personal Expenses,2025-02-02,2025-02-02,Approved,,Mobile App,5250.0,16326.92,2025-02-03
APP10238,CUST10966,LEN1020,300000.0,245000.0,26.32,6,Debt Consolidation,2025-01-14,2025-01-17,Approved,,Mobile App,8575.0,44024.63,2025-01-20
APP10239,CUST11258,LEN1017,210000.0,,,36,Personal Expenses,2025-10-17,,Rejected,Insufficient Monthly Income,Mobile App,,,
APP10240,CUST10900,LEN1001,205000.0,,,48,Debt Consolidation,2024-02-04,,Pending,,Mobile App,,,
APP10241,CUST11228,LEN1017,565000.0,495000.0,24.31,12,Home Renovation,2024-02-06,2024-02-07,Approved,,Direct Telecall,10395.0,46881.29,2024-02-07
APP10242,CUST10566,LEN1013,215000.0,195000.0,24.71,24,Vehicle Purchase,2024-07-24,2024-07-24,Approved,,Branch,4680.0,10379.09,2024-07-24
APP10243,CUST11126,LEN1010,365000.0,310000.0,16.39,36,Business Expansion,2024-10-10,2024-10-13,Approved,,Website,7750.0,10958.46,2024-10-16
APP10244,CUST11178,LEN1001,405000.0,365000.0,18.1,24,Medical Emergency,2024-03-15,2024-03-15,Approved,,Branch,9125.0,18239.94,2024-03-17
APP10245,CUST11102,LEN1019,480000.0,,,24,Vehicle Purchase,2025-05-10,,Pending,,Branch,,,
APP10246,CUST10499,LEN1011,760000.0,680000.0,11.27,24,Wedding,2024-01-29,2024-02-01,Approved,,Branch,14960.0,31778.64,2024-02-02
APP10247,CUST11387,LEN1008,355000.0,,,24,Business Expansion,2025-07-02,,Pending,,Branch,,,
APP10248,CUST10020,LEN1009,250000.0,,,6,Vehicle Purchase,2024-12-16,,Pending,,Direct Telecall,,,
APP10249,CUST10156,LEN1018,635000.0,,,24,Business Expansion,2024-08-11,,Rejected,Past Loan Default,Website,,,
APP10250,CUST10552,LEN1006,385000.0,,,48,Education,2024-07-23,,Rejected,High Debt-to-Income Ratio,DSA / Partner,,,
APP10251,CUST10496,LEN1009,370000.0,310000.0,17.07,12,Education,2024-12-30,2024-12-30,Approved,,Branch,5580.0,28283.77,2025-01-02
APP10252,CUST11258,LEN1001,435000.0,,,36,Personal Expenses,2025-01-15,,Pending,,DSA / Partner,,,
APP10253,CUST11272,LEN1011,390000.0,,,36,Debt Consolidation,2024-07-06,,Pending,,DSA / Partner,,,
APP10254,CUST11047,LEN1009,160000.0,,,60,Home Renovation,2025-06-22,,Rejected,Insufficient Monthly Income,Mobile App,,,
APP10255,CUST10980,LEN1018,115000.0,105000.0,10.86,18,Vehicle Purchase,2024-06-27,2024-07-01,Approved,,Direct Telecall,2100.0,6347.65,2024-07-04
APP10256,CUST10647,LEN1001,60000.0,50000.0,15.38,12,Vehicle Purchase,2024-04-13,2024-04-15,Approved,,Branch,1250.0,4521.89,2024-04-16
APP10257,CUST11124,LEN1009,290000.0,,,24,Business Expansion,2024-07-07,,Pending,,Website,,,
APP10258,CUST11022,LEN1014,680000.0,,,48,Business Expansion,2025-02-14,,Rejected,KYC Verification Failed,Website,,,
APP10259,CUST10924,LEN1006,245000.0,,,36,Education,2024-10-03,,Rejected,High Debt-to-Income Ratio,Mobile App,,,
APP10260,CUST11138,LEN1014,665000.0,,,12,Home Renovation,2024-06-02,,Rejected,Insufficient Monthly Income,Direct Telecall,,,
APP10261,CUST10020,LEN1006,355000.0,,,12,Business Expansion,2024-11-03,,Rejected,KYC Verification Failed,DSA / Partner,,,
APP10262,CUST11152,LEN1019,95000.0,90000.0,11.93,6,Home Renovation,2024-08-08,2024-08-13,Approved,,Mobile App,2700.0,15526.24,2024-08-13
APP10263,CUST10922,LEN1011,300000.0,265000.0,22.82,18,Debt Consolidation,2024-01-21,2024-01-26,Approved,,Website,5830.0,17523.6,2024-01-27
APP10264,CUST11182,LEN1019,500000.0,,,36,Home Renovation,2024-12-29,,Pending,,Website,,,
APP10265,CUST10666,LEN1017,1000000.0,925000.0,18.64,48,Wedding,2025-01-25,2025-01-26,Approved,,Mobile App,19425.0,27482.2,2025-01-27
APP10266,CUST11312,LEN1011,375000.0,,,36,Vehicle Purchase,2024-03-22,,Rejected,High Debt-to-Income Ratio,Mobile App,,,
APP10267,CUST10704,LEN1008,255000.0,235000.0,11.69,48,Debt Consolidation,2024-09-30,2024-10-03,Approved,,Direct Telecall,4700.0,6152.74,2024-10-05
APP10268,CUST11203,LEN1017,450000.0,,,24,Home Renovation,2024-01-24,,Pending,,Mobile App,,,
APP10269,CUST10257,LEN1008,420000.0,,,48,Medical Emergency,2024-06-19,,Pending,,Mobile App,,,
APP10270,CUST10814,LEN1004,80000.0,70000.0,16.49,24,Personal Expenses,2025-02-10,2025-02-10,Approved,,Mobile App,1225.0,3443.83,2025-02-12
APP10271,CUST11266,LEN1005,250000.0,235000.0,23.27,24,Debt Consolidation,2024-09-10,2024-09-11,Approved,,Mobile App,5287.5,12339.25,2024-09-12
APP10272,CUST11079,LEN1006,155000.0,140000.0,13.11,48,Business Expansion,2025-05-02,2025-05-04,Approved,,Website,4200.0,3763.5,2025-05-07
APP10273,CUST10277,LEN1018,155000.0,150000.0,14.86,36,Wedding,2025-10-13,2025-10-18,Approved,,Direct Telecall,3000.0,5189.52,2025-10-20
APP10274,CUST10712,LEN1016,175000.0,155000.0,22.37,60,Medical Emergency,2024-11-11,2024-11-13,Approved,,DSA / Partner,4340.0,4313.6,2024-11-13
APP10275,CUST10001,LEN1017,560000.0,500000.0,26.15,60,Home Renovation,2024-10-20,2024-10-23,Approved,,Website,10500.0,15014.67,2024-10-26
APP10276,CUST10614,LEN1001,385000.0,370000.0,19.01,60,Debt Consolidation,2024-08-24,2024-08-25,Approved,,Branch,9250.0,9600.04,2024-08-28
APP10277,CUST11149,LEN1014,205000.0,175000.0,14.82,12,Vehicle Purchase,2024-08-13,2024-08-14,Approved,,DSA / Partner,3325.0,15780.34,2024-08-16
APP10278,CUST10584,LEN1018,520000.0,,,24,Education,2024-07-05,,Rejected,High Debt-to-Income Ratio,Mobile App,,,
APP10279,CUST10594,LEN1004,1000000.0,900000.0,18.01,36,Wedding,2025-09-29,2025-09-30,Approved,,Website,15750.0,32541.67,2025-09-30
APP10280,CUST11096,LEN1001,130000.0,125000.0,12.68,6,Debt Consolidation,2024-05-08,2024-05-09,Approved,,Website,3125.0,21610.57,2024-05-09
APP10281,CUST10309,LEN1001,200000.0,200000.0,23.37,18,Vehicle Purchase,2025-05-25,2025-05-25,Approved,,Website,5000.0,13278.92,2025-05-27
APP10282,CUST10165,LEN1005,85000.0,75000.0,11.08,60,Vehicle Purchase,2025-07-10,2025-07-12,Approved,,Mobile App,1687.5,1633.68,2025-07-15
APP10283,CUST10026,LEN1004,1000000.0,,,48,Education,2025-03-29,,Rejected,High Debt-to-Income Ratio,DSA / Partner,,,
APP10284,CUST10069,LEN1007,225000.0,225000.0,11.92,60,Medical Emergency,2025-11-12,2025-11-17,Approved,,Branch,6187.5,4995.91,2025-11-19
APP10285,CUST10662,LEN1006,500000.0,,,6,Medical Emergency,2025-05-07,,Rejected,Incomplete Documentation,Website,,,
APP10286,CUST10612,LEN1007,320000.0,295000.0,18.03,6,Education,2024-08-29,2024-08-30,Approved,,Mobile App,8112.5,51784.35,2024-09-01
APP10287,CUST11198,LEN1004,270000.0,260000.0,23.43,12,Personal Expenses,2025-08-18,2025-08-22,Approved,,Mobile App,4550.0,24513.83,2025-08-23
APP10288,CUST10761,LEN1003,295000.0,255000.0,13.41,24,Medical Emergency,2025-09-25,2025-09-30,Approved,,Direct Telecall,3825.0,12172.33,2025-09-30
APP10289,CUST10123,LEN1012,400000.0,340000.0,16.45,48,Medical Emergency,2025-05-14,2025-05-19,Approved,,Mobile App,8500.0,9714.23,2025-05-21
APP10290,CUST10899,LEN1007,435000.0,370000.0,10.62,24,Business Expansion,2024-05-17,2024-05-22,Approved,,Direct Telecall,10175.0,17179.7,2024-05-25
APP10291,CUST11145,LEN1010,475000.0,430000.0,14.54,24,Education,2024-07-10,2024-07-13,Approved,,Branch,10750.0,20755.4,2024-07-15
APP10292,CUST11227,LEN1018,125000.0,120000.0,23.75,36,Home Renovation,2024-10-29,2024-11-01,Approved,,DSA / Partner,2400.0,4692.21,2024-11-01
APP10293,CUST11307,LEN1017,1000000.0,955000.0,11.22,12,Personal Expenses,2025-01-07,2025-01-12,Approved,,Branch,20055.0,84502.52,2025-01-12
APP10294,CUST11349,LEN1018,415000.0,385000.0,11.47,12,Wedding,2024-06-06,2024-06-11,Approved,,Branch,7700.0,34111.4,2024-06-13
APP10295,CUST10227,LEN1004,245000.0,,,6,Personal Expenses,2024-07-01,,Rejected,Low Credit Score,Mobile App,,,
APP10296,CUST10414,LEN1004,240000.0,,,6,Personal Expenses,2025-10-19,,Rejected,Insufficient Monthly Income,Branch,,,
APP10297,CUST11348,LEN1016,545000.0,,,48,Debt Consolidation,2025-01-10,,Rejected,High Debt-to-Income Ratio,Mobile App,,,
APP10298,CUST11241,LEN1003,90000.0,,,12,Wedding,2025-04-24,,Rejected,Incomplete Documentation,Mobile App,,,
APP10299,CUST10125,LEN1012,255000.0,,,24,Business Expansion,2024-02-29,,Pending,,Direct Telecall,,,
APP10300,CUST11264,LEN1009,520000.0,,,48,Medical Emergency,2024-03-20,,Pending,,Website,,,
APP10301,CUST10443,LEN1017,70000.0,60000.0,15.13,48,Education,2025-01-29,2025-01-30,Approved,,Branch,1260.0,1673.8,2025-01-31
APP10302,CUST11144,LEN1018,605000.0,570000.0,11.78,6,Business Expansion,2025-04-14,2025-04-14,Approved,,Direct Telecall,11400.0,98290.61,2025-04-15
APP10303,CUST10370,LEN1018,370000.0,330000.0,14.62,18,Home Renovation,2025-09-06,2025-09-08,Approved,,Branch,6600.0,20528.01,2025-09-10
APP10304,CUST10762,LEN1014,305000.0,280000.0,17.54,24,Business Expansion,2024-09-03,2024-09-07,Approved,,Branch,5320.0,13916.59,2024-09-09
APP10305,CUST10738,LEN1015,400000.0,400000.0,19.22,24,Personal Expenses,2024-02-05,2024-02-09,Approved,,Direct Telecall,13000.0,20206.23,2024-02-10
APP10306,CUST10619,LEN1001,265000.0,,,12,Education,2024-01-23,,Rejected,Incomplete Documentation,Website,,,
APP10307,CUST10566,LEN1018,285000.0,255000.0,21.86,36,Home Renovation,2024-02-08,2024-02-10,Approved,,Mobile App,5100.0,9720.11,2024-02-12
APP10308,CUST11193,LEN1008,440000.0,,,60,Debt Consolidation,2025-08-07,,Rejected,Insufficient Monthly Income,Mobile App,,,
APP10309,CUST11166,LEN1007,455000.0,410000.0,20.56,48,Business Expansion,2024-06-26,2024-07-01,Approved,,DSA / Partner,11275.0,12599.1,2024-07-01
APP10310,CUST11220,LEN1010,40000.0,,,60,Vehicle Purchase,2024-02-27,,Pending,,Mobile App,,,
APP10311,CUST10685,LEN1012,600000.0,570000.0,13.05,24,Vehicle Purchase,2024-08-20,2024-08-20,Approved,,Mobile App,14250.0,27112.23,2024-08-23
APP10312,CUST10111,LEN1010,250000.0,235000.0,14.04,18,Home Renovation,2025-05-29,2025-06-03,Approved,,Website,5875.0,14554.47,2025-06-06
APP10313,CUST10913,LEN1020,245000.0,235000.0,10.94,6,Education,2024-10-23,2024-10-25,Approved,,DSA / Partner,8225.0,40425.86,2024-10-25
APP10314,CUST10975,LEN1019,500000.0,,,36,Vehicle Purchase,2024-03-28,,Rejected,Insufficient Monthly Income,Website,,,
APP10315,CUST11028,LEN1014,590000.0,,,12,Home Renovation,2025-07-26,,Pending,,DSA / Partner,,,
APP10316,CUST10406,LEN1016,410000.0,410000.0,29.19,36,Education,2025-09-22,2025-09-23,Approved,,Branch,11480.0,17223.75,2025-09-23
APP10317,CUST10546,LEN1014,250000.0,220000.0,14.66,36,Medical Emergency,2025-11-18,2025-11-19,Approved,,Mobile App,4180.0,7589.79,2025-11-21
APP10318,CUST10706,LEN1020,300000.0,275000.0,20.96,60,Debt Consolidation,2024-12-24,2024-12-27,Approved,,Mobile App,9625.0,7433.49,2024-12-28
APP10319,CUST10903,LEN1002,505000.0,420000.0,12.69,12,Education,2025-01-17,2025-01-17,Approved,,Direct Telecall,8400.0,37452.2,2025-01-17
APP10320,CUST10112,LEN1008,345000.0,325000.0,17.09,12,Debt Consolidation,2024-12-17,2024-12-20,Approved,,Mobile App,6500.0,29655.43,2024-12-23
APP10321,CUST10047,LEN1011,175000.0,160000.0,22.37,36,Education,2025-07-13,2025-07-16,Approved,,Mobile App,3520.0,6141.14,2025-07-17
APP10322,CUST11424,LEN1001,230000.0,185000.0,14.18,48,Personal Expenses,2024-06-23,2024-06-28,Approved,,Website,4625.0,5072.12,2024-06-30
APP10323,CUST10109,LEN1015,310000.0,265000.0,16.07,6,Medical Emergency,2025-11-07,2025-11-12,Approved,,DSA / Partner,8612.5,46259.74,2025-11-14
APP10324,CUST10221,LEN1001,255000.0,230000.0,30.29,48,Vehicle Purchase,2025-01-24,2025-01-26,Approved,,Mobile App,5750.0,8320.22,2025-01-29
APP10325,CUST11223,LEN1018,85000.0,70000.0,13.27,12,Wedding,2024-01-23,2024-01-25,Approved,,Branch,1400.0,6261.08,2024-01-27
APP10326,CUST11004,LEN1013,465000.0,405000.0,17.93,6,Business Expansion,2024-12-26,2024-12-30,Approved,,Direct Telecall,9720.0,71073.59,2025-01-01
APP10327,CUST10127,LEN1009,740000.0,,,60,Personal Expenses,2024-10-13,,Pending,,Branch,,,
APP10328,CUST10462,LEN1005,120000.0,110000.0,12.53,24,Home Renovation,2025-01-26,2025-01-31,Approved,,Mobile App,2475.0,5205.35,2025-02-01
APP10329,CUST10855,LEN1008,415000.0,,,24,Debt Consolidation,2024-12-03,,Rejected,Insufficient Monthly Income,Branch,,,
APP10330,CUST11111,LEN1005,85000.0,,,12,Education,2024-11-12,,Rejected,Incomplete Documentation,Mobile App,,,
APP10331,CUST11445,LEN1017,790000.0,,,24,Home Renovation,2025-08-01,,Rejected,High Debt-to-Income Ratio,Direct Telecall,,,
APP10332,CUST10651,LEN1003,225000.0,220000.0,26.96,48,Medical Emergency,2024-11-21,2024-11-21,Approved,,Mobile App,3300.0,7537.12,2024-11-23
APP10333,CUST10848,LEN1014,320000.0,,,48,Debt Consolidation,2024-07-11,,Pending,,Mobile App,,,
APP10334,CUST10219,LEN1005,180000.0,,,60,Debt Consolidation,2025-08-03,,Pending,,Branch,,,
APP10335,CUST11255,LEN1008,495000.0,465000.0,23.44,12,Personal Expenses,2024-03-22,2024-03-26,Approved,,Website,9300.0,43844.29,2024-03-29
APP10336,CUST11459,LEN1012,525000.0,435000.0,27.44,24,Wedding,2024-05-20,2024-05-23,Approved,,DSA / Partner,10875.0,23752.54,2024-05-23
APP10337,CUST10553,LEN1014,175000.0,,,48,Education,2024-03-08,,Pending,,Mobile App,,,
APP10338,CUST10363,LEN1015,400000.0,,,24,Business Expansion,2024-09-09,,Pending,,DSA / Partner,,,
APP10339,CUST10876,LEN1013,500000.0,440000.0,25.7,36,Vehicle Purchase,2024-11-16,2024-11-20,Approved,,Direct Telecall,10560.0,17657.63,2024-11-20
APP10340,CUST11067,LEN1004,235000.0,215000.0,16.45,60,Personal Expenses,2025-06-15,2025-06-15,Approved,,Mobile App,3762.5,5279.93,2025-06-18
APP10341,CUST11058,LEN1002,230000.0,205000.0,14.83,24,Vehicle Purchase,2024-10-19,2024-10-23,Approved,,Website,4100.0,9923.21,2024-10-23
APP10342,CUST11414,LEN1017,640000.0,525000.0,20.03,24,Wedding,2025-05-27,2025-06-01,Approved,,Mobile App,11025.0,26727.99,2025-06-02
APP10343,CUST10806,LEN1014,295000.0,290000.0,16.2,6,Home Renovation,2025-08-27,2025-08-30,Approved,,DSA / Partner,5510.0,50642.6,2025-08-30
APP10344,CUST10513,LEN1011,265000.0,215000.0,19.71,48,Home Renovation,2024-05-06,2024-05-11,Approved,,Direct Telecall,4730.0,6509.35,2024-05-13
APP10345,CUST10175,LEN1017,470000.0,410000.0,15.83,48,Home Renovation,2025-07-17,2025-07-19,Approved,,DSA / Partner,8610.0,11583.85,2025-07-20
APP10346,CUST10333,LEN1005,500000.0,430000.0,19.98,48,Personal Expenses,2024-11-11,2024-11-14,Approved,,DSA / Partner,9675.0,13080.47,2024-11-16
APP10347,CUST11283,LEN1006,95000.0,,,12,Education,2025-09-29,,Pending,,Mobile App,,,
APP10348,CUST10519,LEN1001,485000.0,,,60,Wedding,2024-01-06,,Pending,,Branch,,,
APP10349,CUST11246,LEN1016,240000.0,215000.0,15.34,36,Wedding,2025-02-23,2025-02-23,Approved,,DSA / Partner,6020.0,7488.89,2025-02-24
APP10350,CUST11121,LEN1009,750000.0,620000.0,12.46,36,Education,2024-07-08,2024-07-08,Approved,,Mobile App,11160.0,20729.35,2024-07-09
APP10351,CUST10067,LEN1019,500000.0,410000.0,16.48,18,Business Expansion,2024-02-20,2024-02-21,Approved,,Mobile App,12300.0,25864.25,2024-02-23
APP10352,CUST11252,LEN1020,240000.0,210000.0,16.76,36,Home Renovation,2025-08-15,2025-08-17,Approved,,DSA / Partner,7350.0,7462.01,2025-08-19
APP10353,CUST10755,LEN1013,355000.0,,,60,Vehicle Purchase,2024-03-07,,Rejected,KYC Verification Failed,Branch,,,
APP10354,CUST10965,LEN1005,80000.0,70000.0,22.13,60,Debt Consolidation,2025-06-23,2025-06-24,Approved,,Website,1575.0,1938.5,2025-06-24
APP10355,CUST10224,LEN1019,500000.0,460000.0,15.89,48,Medical Emergency,2025-12-06,2025-12-11,Approved,,DSA / Partner,13800.0,13010.63,2025-12-13
APP10356,CUST10875,LEN1020,300000.0,275000.0,18.89,18,Business Expansion,2025-09-21,2025-09-26,Approved,,Mobile App,9625.0,17663.48,2025-09-29
APP10357,CUST11009,LEN1006,500000.0,,,12,Debt Consolidation,2024-01-02,,Rejected,Low Credit Score,Mobile App,,,
APP10358,CUST10050,LEN1015,400000.0,,,6,Education,2025-02-28,,Pending,,Branch,,,
APP10359,CUST10848,LEN1002,340000.0,285000.0,22.48,36,Education,2025-10-17,2025-10-17,Approved,,Mobile App,5700.0,10955.18,2025-10-19
APP10360,CUST10615,LEN1017,345000.0,,,60,Personal Expenses,2025-12-03,,Rejected,KYC Verification Failed,Mobile App,,,
APP10361,CUST10700,LEN1013,500000.0,435000.0,14.58,36,Personal Expenses,2024-07-17,2024-07-22,Approved,,Mobile App,10440.0,14990.1,2024-07-25
APP10362,CUST10972,LEN1002,680000.0,665000.0,18.96,24,Home Renovation,2025-04-16,2025-04-18,Approved,,Direct Telecall,13300.0,33508.81,2025-04-21
APP10363,CUST10848,LEN1002,690000.0,555000.0,23.93,18,Business Expansion,2025-07-02,2025-07-04,Approved,,Branch,11100.0,37000.68,2025-07-06
APP10364,CUST10136,LEN1005,485000.0,440000.0,14.08,6,Business Expansion,2025-10-03,2025-10-07,Approved,,DSA / Partner,9900.0,76374.16,2025-10-10
APP10365,CUST10384,LEN1020,100000.0,95000.0,22.43,60,Debt Consolidation,2024-11-18,2024-11-18,Approved,,Direct Telecall,3325.0,2647.08,2024-11-21
APP10366,CUST10487,LEN1012,310000.0,260000.0,18.25,18,Education,2024-11-05,2024-11-05,Approved,,Branch,6500.0,16620.5,2024-11-06
APP10367,CUST10190,LEN1015,400000.0,335000.0,31.55,60,Wedding,2024-06-06,2024-06-11,Approved,,Branch,10887.5,11159.48,2024-06-13
APP10368,CUST10671,LEN1005,515000.0,,,6,Home Renovation,2024-02-07,,Pending,,Mobile App,,,
APP10369,CUST10941,LEN1013,500000.0,,,36,Medical Emergency,2024-11-14,,Rejected,Low Credit Score,Mobile App,,,
APP10370,CUST11408,LEN1020,300000.0,270000.0,19.5,18,Wedding,2024-04-15,2024-04-17,Approved,,Mobile App,9450.0,17421.23,2024-04-17
APP10371,CUST11183,LEN1010,190000.0,165000.0,18.94,12,Business Expansion,2024-07-16,2024-07-19,Approved,,Mobile App,4125.0,15201.11,2024-07-19
APP10372,CUST10559,LEN1005,275000.0,250000.0,17.51,6,Personal Expenses,2025-07-27,2025-07-29,Approved,,Branch,5625.0,43820.3,2025-07-31
APP10373,CUST10556,LEN1005,320000.0,265000.0,22.63,60,Debt Consolidation,2024-09-07,2024-09-09,Approved,,Branch,5962.5,7414.25,2024-09-12
APP10374,CUST10104,LEN1005,475000.0,385000.0,18.48,48,Personal Expenses,2025-01-27,2025-01-28,Approved,,Mobile App,8662.5,11406.17,2025-01-31
APP10375,CUST11263,LEN1012,420000.0,405000.0,26.56,60,Education,2025-11-17,2025-11-20,Approved,,Direct Telecall,10125.0,12260.52,2025-11-21
APP10376,CUST10191,LEN1015,120000.0,120000.0,17.23,18,Wedding,2024-08-25,2024-08-29,Approved,,DSA / Partner,3900.0,7612.72,2024-08-31
APP10377,CUST10745,LEN1013,150000.0,,,48,Business Expansion,2025-04-09,,Rejected,Insufficient Monthly Income,Website,,,
APP10378,CUST10062,LEN1003,260000.0,225000.0,11.55,18,Wedding,2024-06-23,2024-06-27,Approved,,DSA / Partner,3375.0,13673.97,2024-06-28
APP10379,CUST11041,LEN1004,530000.0,495000.0,24.98,48,Medical Emergency,2025-07-23,2025-07-27,Approved,,Website,8662.5,16407.26,2025-07-30
APP10380,CUST10821,LEN1019,500000.0,495000.0,22.98,36,Education,2024-06-11,2024-06-13,Approved,,Branch,14850.0,19156.15,2024-06-14
APP10381,CUST11422,LEN1019,365000.0,310000.0,19.52,24,Business Expansion,2025-12-11,2025-12-11,Approved,,Branch,9300.0,15705.1,2025-12-14
APP10382,CUST10235,LEN1019,500000.0,430000.0,28.49,18,Medical Emergency,2024-06-29,2024-07-03,Approved,,DSA / Partner,12900.0,29634.07,2024-07-03
APP10383,CUST11404,LEN1020,300000.0,280000.0,10.77,24,Business Expansion,2025-10-22,2025-10-23,Approved,,DSA / Partner,9800.0,13020.32,2025-10-23
APP10384,CUST10301,LEN1005,650000.0,580000.0,22.11,18,Vehicle Purchase,2025-08-14,2025-08-16,Approved,,Branch,13050.0,38153.55,2025-08-18
APP10385,CUST11168,LEN1010,900000.0,,,24,Business Expansion,2025-08-19,,Rejected,Low Credit Score,Mobile App,,,
APP10386,CUST11253,LEN1017,550000.0,540000.0,20.86,12,Debt Consolidation,2025-01-13,2025-01-13,Approved,,Mobile App,11340.0,50245.16,2025-01-15
APP10387,CUST10225,LEN1010,410000.0,360000.0,22.66,12,Vehicle Purchase,2025-08-27,2025-08-30,Approved,,Direct Telecall,9000.0,33808.43,2025-09-02
APP10388,CUST10782,LEN1014,515000.0,430000.0,22.98,48,Home Renovation,2024-05-22,2024-05-24,Approved,,DSA / Partner,8170.0,13777.42,2024-05-27
APP10389,CUST10316,LEN1010,665000.0,540000.0,13.65,48,Home Renovation,2024-01-12,2024-01-17,Approved,,Mobile App,13500.0,14661.66,2024-01-20
APP10390,CUST11348,LEN1014,900000.0,,,12,Medical Emergency,2025-10-19,,Rejected,Insufficient Monthly Income,Mobile App,,,
APP10391,CUST10934,LEN1020,300000.0,265000.0,15.98,36,Home Renovation,2025-06-05,2025-06-08,Approved,,DSA / Partner,9275.0,9314.0,2025-06-10
APP10392,CUST10463,LEN1006,455000.0,430000.0,22.42,6,Wedding,2024-08-30,2024-09-03,Approved,,Direct Telecall,12900.0,76425.35,2024-09-05
APP10393,CUST10069,LEN1002,265000.0,240000.0,12.57,48,Business Expansion,2025-08-17,2025-08-18,Approved,,Mobile App,4800.0,6387.5,2025-08-20
APP10394,CUST10953,LEN1017,95000.0,90000.0,30.02,36,Medical Emergency,2025-04-28,2025-05-03,Approved,,Mobile App,1890.0,3821.63,2025-05-03
APP10395,CUST11401,LEN1018,885000.0,,,18,Personal Expenses,2025-07-01,,Rejected,Low Credit Score,Website,,,
APP10396,CUST10961,LEN1015,400000.0,395000.0,12.89,24,Business Expansion,2024-12-27,2024-12-29,Approved,,DSA / Partner,12837.5,18758.62,2024-12-30
APP10397,CUST10073,LEN1020,300000.0,,,48,Debt Consolidation,2025-10-06,,Pending,,Mobile App,,,
APP10398,CUST10970,LEN1019,125000.0,100000.0,11.95,6,Debt Consolidation,2025-10-01,2025-10-02,Approved,,Direct Telecall,3000.0,17252.37,2025-10-02
APP10399,CUST10570,LEN1009,150000.0,140000.0,29.66,18,Debt Consolidation,2024-01-15,2024-01-19,Approved,,Website,2520.0,9730.0,2024-01-20
APP10400,CUST11350,LEN1015,345000.0,310000.0,25.02,12,Debt Consolidation,2024-08-29,2024-08-29,Approved,,Direct Telecall,10075.0,29466.71,2024-08-31
APP10401,CUST10173,LEN1005,360000.0,345000.0,22.27,60,Home Renovation,2025-02-26,2025-03-01,Approved,,DSA / Partner,7762.5,9581.56,2025-03-02
APP10402,CUST10432,LEN1019,500000.0,,,18,Personal Expenses,2024-09-27,,Rejected,Low Credit Score,Direct Telecall,,,
APP10403,CUST10108,LEN1006,405000.0,,,24,Debt Consolidation,2025-06-29,,Pending,,DSA / Partner,,,
APP10404,CUST10479,LEN1013,500000.0,,,24,Wedding,2024-05-28,,Pending,,Website,,,
APP10405,CUST11087,LEN1014,115000.0,,,60,Wedding,2025-11-25,,Rejected,KYC Verification Failed,DSA / Partner,,,
APP10406,CUST11086,LEN1002,190000.0,,,36,Business Expansion,2025-09-17,,Pending,,DSA / Partner,,,
APP10407,CUST11336,LEN1009,410000.0,375000.0,18.63,18,Medical Emergency,2025-11-01,2025-11-06,Approved,,Website,6750.0,24039.94,2025-11-07
APP10408,CUST11377,LEN1019,500000.0,500000.0,11.44,36,Business Expansion,2025-12-07,2025-12-07,Approved,,Direct Telecall,15000.0,16473.74,2025-12-07
APP10409,CUST10140,LEN1001,1000000.0,,,36,Medical Emergency,2025-04-01,,Rejected,KYC Verification Failed,Direct Telecall,,,
APP10410,CUST10450,LEN1010,200000.0,160000.0,15.32,6,Personal Expenses,2024-04-04,2024-04-05,Approved,,Branch,4000.0,27870.82,2024-04-05
APP10411,CUST11451,LEN1004,180000.0,170000.0,24.27,36,Home Renovation,2025-11-03,2025-11-04,Approved,,DSA / Partner,2975.0,6693.71,2025-11-04
APP10412,CUST11425,LEN1006,290000.0,285000.0,11.33,24,Medical Emergency,2025-04-09,2025-04-12,Approved,,Direct Telecall,8550.0,13326.94,2025-04-14
APP10413,CUST10528,LEN1006,490000.0,425000.0,21.39,18,Personal Expenses,2025-02-01,2025-02-03,Approved,,DSA / Partner,12750.0,27809.17,2025-02-04
APP10414,CUST10903,LEN1003,300000.0,270000.0,10.93,12,Vehicle Purchase,2025-10-22,2025-10-25,Approved,,Mobile App,4050.0,23854.23,2025-10-26
APP10415,CUST11258,LEN1004,505000.0,,,48,Debt Consolidation,2024-02-05,,Rejected,Low Credit Score,Mobile App,,,
APP10416,CUST10145,LEN1019,500000.0,415000.0,15.46,60,Wedding,2025-05-24,2025-05-24,Approved,,Mobile App,12450.0,9973.31,2025-05-27
APP10417,CUST10546,LEN1005,450000.0,405000.0,14.77,24,Personal Expenses,2025-05-17,2025-05-22,Approved,,Branch,9112.5,19592.86,2025-05-22
APP10418,CUST11107,LEN1008,30000.0,25000.0,25.96,48,Wedding,2025-08-03,2025-08-05,Approved,,Mobile App,500.0,842.37,2025-08-07
APP10419,CUST10821,LEN1002,810000.0,785000.0,22.77,48,Medical Emergency,2025-07-01,2025-07-04,Approved,,Website,15700.0,25061.59,2025-07-06
APP10420,CUST11327,LEN1007,175000.0,150000.0,23.01,6,Vehicle Purchase,2024-07-14,2024-07-14,Approved,,Direct Telecall,4125.0,26704.36,2024-07-16
APP10421,CUST10997,LEN1003,515000.0,,,24,Education,2024-02-06,,Pending,,Mobile App,,,
APP10422,CUST10396,LEN1001,560000.0,455000.0,23.75,36,Education,2025-02-02,2025-02-04,Approved,,DSA / Partner,11375.0,17791.28,2025-02-07
APP10423,CUST11094,LEN1015,400000.0,345000.0,12.66,6,Personal Expenses,2024-02-27,2024-03-01,Approved,,Website,11212.5,59641.75,2024-03-01
APP10424,CUST10434,LEN1017,690000.0,,,48,Home Renovation,2025-08-16,,Rejected,High Debt-to-Income Ratio,Direct Telecall,,,
APP10425,CUST10148,LEN1002,215000.0,175000.0,24.54,24,Personal Expenses,2025-09-25,2025-09-26,Approved,,DSA / Partner,3500.0,9299.67,2025-09-26
APP10426,CUST10353,LEN1002,715000.0,595000.0,19.2,60,Medical Emergency,2025-09-17,2025-09-17,Approved,,DSA / Partner,11900.0,15500.18,2025-09-17
APP10427,CUST11019,LEN1020,300000.0,260000.0,25.2,12,Medical Emergency,2025-03-12,2025-03-17,Approved,,Mobile App,9100.0,24736.73,2025-03-20
APP10428,CUST10665,LEN1004,1000000.0,955000.0,19.21,36,Home Renovation,2024-08-06,2024-08-08,Approved,,Website,16712.5,35107.98,2024-08-08
APP10429,CUST10248,LEN1009,65000.0,60000.0,11.82,24,Home Renovation,2025-01-13,2025-01-17,Approved,,Direct Telecall,1080.0,2819.37,2025-01-17
APP10430,CUST10274,LEN1004,595000.0,580000.0,21.5,48,Vehicle Purchase,2024-01-17,2024-01-17,Approved,,Mobile App,10150.0,18116.45,2024-01-18
APP10431,CUST10183,LEN1019,500000.0,,,24,Wedding,2024-05-09,,Rejected,High Debt-to-Income Ratio,Direct Telecall,,,
APP10432,CUST10294,LEN1009,130000.0,120000.0,19.22,24,Education,2025-09-17,2025-09-22,Approved,,Mobile App,2160.0,6061.87,2025-09-25
APP10433,CUST11254,LEN1003,540000.0,,,60,Debt Consolidation,2025-03-04,,Rejected,Low Credit Score,Website,,,
APP10434,CUST11143,LEN1008,110000.0,105000.0,16.46,36,Medical Emergency,2025-01-05,2025-01-09,Approved,,Branch,2100.0,3715.38,2025-01-10
APP10435,CUST10951,LEN1007,270000.0,260000.0,25.57,12,Medical Emergency,2025-12-02,2025-12-05,Approved,,Mobile App,7150.0,24783.47,2025-12-06
APP10436,CUST10328,LEN1002,145000.0,,,18,Debt Consolidation,2025-03-21,,Rejected,KYC Verification Failed,Mobile App,,,
APP10437,CUST10685,LEN1020,300000.0,285000.0,13.27,60,Wedding,2024-04-16,2024-04-17,Approved,,Mobile App,9975.0,6524.09,2024-04-18
APP10438,CUST10060,LEN1016,220000.0,200000.0,18.03,6,Education,2025-03-31,2025-04-01,Approved,,Direct Telecall,5600.0,35108.03,2025-04-03
APP10439,CUST10472,LEN1004,365000.0,355000.0,18.25,6,Education,2025-02-26,2025-02-27,Approved,,Direct Telecall,6212.5,62355.67,2025-02-27
APP10440,CUST10965,LEN1019,190000.0,170000.0,23.0,24,Home Renovation,2025-09-16,2025-09-17,Approved,,Mobile App,5100.0,8903.46,2025-09-20
APP10441,CUST11475,LEN1007,560000.0,,,18,Education,2024-05-10,,Pending,,Website,,,
APP10442,CUST10066,LEN1019,130000.0,115000.0,30.59,12,Medical Emergency,2025-04-14,2025-04-15,Approved,,DSA / Partner,3450.0,11244.42,2025-04-17
APP10443,CUST11237,LEN1006,500000.0,,,48,Home Renovation,2025-07-20,,Rejected,High Debt-to-Income Ratio,Branch,,,
APP10444,CUST10178,LEN1014,195000.0,190000.0,14.41,24,Education,2025-04-29,2025-05-04,Approved,,Branch,3610.0,9159.29,2025-05-07
APP10445,CUST10506,LEN1008,165000.0,160000.0,25.5,36,Education,2024-06-01,2024-06-04,Approved,,Branch,3200.0,6403.96,2024-06-04
APP10446,CUST10083,LEN1016,725000.0,635000.0,25.07,36,Personal Expenses,2025-06-27,2025-07-02,Approved,,DSA / Partner,17780.0,25271.0,2025-07-02
APP10447,CUST10927,LEN1016,210000.0,,,36,Personal Expenses,2025-02-20,,Pending,,Direct Telecall,,,
APP10448,CUST10447,LEN1005,145000.0,135000.0,21.89,12,Medical Emergency,2025-05-06,2025-05-09,Approved,,Mobile App,3037.5,12628.1,2025-05-09
APP10449,CUST10932,LEN1015,225000.0,210000.0,24.55,60,Vehicle Purchase,2025-01-14,2025-01-14,Approved,,Mobile App,6825.0,6108.5,2025-01-14
APP10450,CUST10789,LEN1011,380000.0,,,18,Vehicle Purchase,2025-12-15,,Rejected,Past Loan Default,Website,,,
APP10451,CUST11111,LEN1019,230000.0,,,60,Medical Emergency,2024-12-09,,Rejected,Incomplete Documentation,Branch,,,
APP10452,CUST10113,LEN1017,505000.0,,,48,Business Expansion,2024-04-23,,Rejected,Insufficient Monthly Income,Mobile App,,,
APP10453,CUST10749,LEN1015,400000.0,365000.0,10.7,18,Business Expansion,2025-10-25,2025-10-30,Approved,,Mobile App,11862.5,22038.66,2025-10-31
APP10454,CUST10284,LEN1011,400000.0,390000.0,30.25,6,Wedding,2025-08-17,2025-08-22,Approved,,Direct Telecall,8580.0,70853.83,2025-08-23
APP10455,CUST10657,LEN1012,600000.0,490000.0,28.14,36,Vehicle Purchase,2024-02-25,2024-02-28,Approved,,Website,12250.0,20305.24,2024-02-28
APP10456,CUST10963,LEN1018,525000.0,460000.0,24.4,36,Debt Consolidation,2025-09-27,2025-10-02,Approved,,DSA / Partner,9200.0,18143.86,2025-10-02
APP10457,CUST10386,LEN1015,135000.0,110000.0,17.81,24,Home Renovation,2024-03-19,2024-03-24,Approved,,Website,3575.0,5481.56,2024-03-25
APP10458,CUST11017,LEN1005,1000000.0,995000.0,18.98,36,Personal Expenses,2025-03-02,2025-03-03,Approved,,Website,22387.5,36462.68,2025-03-06
APP10459,CUST10711,LEN1014,140000.0,,,48,Personal Expenses,2024-07-12,,Pending,,Website,,,
APP10460,CUST10129,LEN1001,1000000.0,870000.0,24.27,12,Business Expansion,2025-08-15,2025-08-17,Approved,,DSA / Partner,21750.0,82380.57,2025-08-20
APP10461,CUST11216,LEN1017,345000.0,285000.0,12.87,24,Wedding,2025-08-03,2025-08-04,Approved,,Website,5985.0,13532.02,2025-08-06
APP10462,CUST10465,LEN1016,375000.0,,,18,Personal Expenses,2024-12-27,,Pending,,Mobile App,,,
APP10463,CUST10583,LEN1015,400000.0,,,36,Home Renovation,2025-07-02,,Rejected,KYC Verification Failed,Direct Telecall,,,
APP10464,CUST10374,LEN1006,500000.0,410000.0,25.97,48,Home Renovation,2024-08-31,2024-09-04,Approved,,Mobile App,12300.0,13817.18,2024-09-05
APP10465,CUST10903,LEN1009,245000.0,245000.0,10.94,12,Personal Expenses,2024-11-20,2024-11-23,Approved,,Direct Telecall,4410.0,21646.65,2024-11-24
APP10466,CUST11093,LEN1010,170000.0,170000.0,20.68,6,Vehicle Purchase,2024-05-28,2024-05-29,Approved,,DSA / Partner,4250.0,30066.63,2024-05-29
APP10467,CUST11119,LEN1017,175000.0,175000.0,24.8,48,Debt Consolidation,2024-10-23,2024-10-27,Approved,,DSA / Partner,3675.0,5782.99,2024-10-28
APP10468,CUST11158,LEN1015,400000.0,375000.0,10.85,6,Wedding,2024-05-22,2024-05-22,Approved,,Mobile App,12187.5,64492.7,2024-05-25
APP10469,CUST11265,LEN1008,500000.0,465000.0,15.29,6,Business Expansion,2025-09-14,2025-09-15,Approved,,Mobile App,9300.0,80992.64,2025-09-17
APP10470,CUST10401,LEN1001,130000.0,130000.0,31.86,60,Wedding,2025-11-18,2025-11-21,Approved,,Direct Telecall,3250.0,4355.67,2025-11-22
APP10471,CUST11005,LEN1011,370000.0,,,36,Personal Expenses,2025-01-04,,Pending,,Direct Telecall,,,
APP10472,CUST10815,LEN1005,1000000.0,800000.0,28.14,24,Business Expansion,2025-01-16,2025-01-18,Approved,,DSA / Partner,18000.0,43967.89,2025-01-21
APP10473,CUST11149,LEN1003,140000.0,115000.0,15.71,24,Vehicle Purchase,2024-10-22,2024-10-25,Approved,,DSA / Partner,1725.0,5614.84,2024-10-28
APP10474,CUST10286,LEN1019,395000.0,,,12,Education,2025-05-01,,Pending,,Website,,,
APP10475,CUST11076,LEN1011,75000.0,,,36,Vehicle Purchase,2024-01-07,,Pending,,Mobile App,,,
APP10476,CUST10839,LEN1009,150000.0,145000.0,21.77,36,Wedding,2025-08-04,2025-08-05,Approved,,Direct Telecall,2610.0,5520.38,2025-08-08
APP10477,CUST10593,LEN1018,515000.0,,,60,Debt Consolidation,2024-11-07,,Rejected,Insufficient Monthly Income,Branch,,,
APP10478,CUST11146,LEN1015,140000.0,120000.0,12.42,60,Personal Expenses,2024-09-25,2024-09-30,Approved,,Mobile App,3900.0,2694.87,2024-10-03
APP10479,CUST10255,LEN1010,510000.0,,,24,Education,2024-05-02,,Rejected,KYC Verification Failed,Mobile App,,,
APP10480,CUST11010,LEN1003,635000.0,620000.0,19.36,18,Wedding,2025-03-22,2025-03-25,Approved,,Branch,9300.0,39962.69,2025-03-25
APP10481,CUST10765,LEN1017,480000.0,390000.0,14.53,6,Debt Consolidation,2025-08-18,2025-08-23,Approved,,Mobile App,8190.0,67782.27,2025-08-24
APP10482,CUST10732,LEN1006,75000.0,,,18,Vehicle Purchase,2024-12-30,,Pending,,Direct Telecall,,,
APP10483,CUST10100,LEN1010,175000.0,,,48,Medical Emergency,2024-07-17,,Pending,,Branch,,,
APP10484,CUST11287,LEN1006,345000.0,335000.0,12.98,36,Home Renovation,2024-11-26,2024-12-01,Approved,,Branch,10050.0,11284.25,2024-12-03
APP10485,CUST10556,LEN1012,75000.0,60000.0,22.48,36,Business Expansion,2024-01-14,2024-01-17,Approved,,Mobile App,1500.0,2306.35,2024-01-20
APP10486,CUST10697,LEN1006,110000.0,100000.0,20.26,12,Education,2025-07-26,2025-07-30,Approved,,Mobile App,3000.0,9275.9,2025-07-30
APP10487,CUST10855,LEN1015,400000.0,350000.0,30.18,6,Home Renovation,2025-05-06,2025-05-07,Approved,,Mobile App,11375.0,63574.37,2025-05-10
APP10488,CUST11224,LEN1017,205000.0,165000.0,25.09,18,Home Renovation,2024-11-07,2024-11-08,Approved,,Direct Telecall,3465.0,11093.94,2024-11-09
APP10489,CUST11422,LEN1005,525000.0,525000.0,18.47,18,Home Renovation,2024-05-13,2024-05-13,Approved,,Mobile App,11812.5,33615.78,2024-05-13
APP10490,CUST10039,LEN1016,1000000.0,960000.0,18.86,6,Education,2024-02-03,2024-02-03,Approved,,Mobile App,26880.0,168915.69,2024-02-06
APP10491,CUST10244,LEN1009,70000.0,70000.0,17.5,18,Personal Expenses,2024-05-06,2024-05-07,Approved,,Mobile App,1260.0,4449.74,2024-05-08
APP10492,CUST11374,LEN1012,160000.0,,,12,Debt Consolidation,2024-12-22,,Rejected,KYC Verification Failed,Branch,,,
APP10493,CUST10329,LEN1017,905000.0,735000.0,20.21,36,Education,2025-08-06,2025-08-06,Approved,,Branch,15435.0,27393.94,2025-08-07
APP10494,CUST11466,LEN1007,575000.0,565000.0,13.26,12,Personal Expenses,2024-04-11,2024-04-16,Approved,,Direct Telecall,15537.5,50533.21,2024-04-19
APP10495,CUST10751,LEN1019,305000.0,305000.0,14.83,48,Medical Emergency,2024-12-29,2025-01-02,Approved,,Mobile App,9150.0,8462.12,2025-01-03
APP10496,CUST10835,LEN1004,1000000.0,,,18,Medical Emergency,2024-04-22,,Rejected,Past Loan Default,DSA / Partner,,,
APP10497,CUST10279,LEN1016,440000.0,360000.0,23.52,48,Debt Consolidation,2024-02-11,2024-02-14,Approved,,Branch,10080.0,11641.34,2024-02-16
APP10498,CUST10936,LEN1020,300000.0,265000.0,13.45,48,Wedding,2025-07-21,2025-07-24,Approved,,Mobile App,9275.0,7168.62,2025-07-25
APP10499,CUST10143,LEN1016,655000.0,590000.0,26.72,18,Home Renovation,2025-11-21,2025-11-24,Approved,,Mobile App,16520.0,40142.87,2025-11-24
APP10500,CUST10245,LEN1005,140000.0,,,48,Medical Emergency,2024-06-21,,Pending,,Direct Telecall,,,
APP10501,CUST10133,LEN1012,315000.0,,,18,Education,2025-02-17,,Pending,,Branch,,,
APP10502,CUST10252,LEN1008,845000.0,,,48,Wedding,2025-08-18,,Rejected,Past Loan Default,Website,,,
APP10503,CUST10560,LEN1013,320000.0,,,48,Vehicle Purchase,2025-06-07,,Rejected,KYC Verification Failed,DSA / Partner,,,
APP10504,CUST10302,LEN1015,90000.0,,,18,Wedding,2024-08-24,,Rejected,Incomplete Documentation,DSA / Partner,,,
APP10505,CUST10276,LEN1001,105000.0,,,6,Medical Emergency,2025-11-25,,Rejected,Low Credit Score,DSA / Partner,,,
APP10506,CUST10367,LEN1013,500000.0,460000.0,19.94,18,Home Renovation,2025-09-28,2025-10-03,Approved,,Website,11040.0,29777.81,2025-10-06
APP10507,CUST10955,LEN1007,365000.0,,,24,Wedding,2024-09-24,,Rejected,Past Loan Default,Branch,,,
APP10508,CUST10704,LEN1018,380000.0,335000.0,11.44,60,Personal Expenses,2024-05-01,2024-05-04,Approved,,DSA / Partner,6700.0,7357.44,2024-05-07
APP10509,CUST10942,LEN1002,65000.0,60000.0,21.76,36,Debt Consolidation,2024-06-17,2024-06-22,Approved,,Direct Telecall,1200.0,2283.98,2024-06-25
APP10510,CUST10999,LEN1004,605000.0,,,24,Wedding,2025-07-29,,Rejected,High Debt-to-Income Ratio,DSA / Partner,,,
APP10511,CUST11038,LEN1002,355000.0,,,24,Vehicle Purchase,2025-11-23,,Pending,,Branch,,,
APP10512,CUST10723,LEN1010,205000.0,180000.0,30.48,6,Personal Expenses,2025-01-10,2025-01-10,Approved,,Mobile App,4500.0,32722.72,2025-01-12
APP10513,CUST10780,LEN1004,380000.0,,,18,Vehicle Purchase,2024-02-27,,Pending,,Website,,,
APP10514,CUST11355,LEN1008,200000.0,,,48,Debt Consolidation,2024-03-27,,Rejected,Incomplete Documentation,Branch,,,
APP10515,CUST10135,LEN1010,115000.0,95000.0,12.47,12,Personal Expenses,2024-11-29,2024-12-02,Approved,,Branch,2375.0,8461.54,2024-12-05
APP10516,CUST10547,LEN1001,350000.0,320000.0,18.02,36,Personal Expenses,2025-01-21,2025-01-21,Approved,,Website,8000.0,11571.98,2025-01-24
APP10517,CUST10205,LEN1007,95000.0,80000.0,20.87,36,Business Expansion,2025-09-21,2025-09-22,Approved,,Mobile App,2200.0,3008.67,2025-09-25
APP10518,CUST11302,LEN1003,350000.0,285000.0,31.98,36,Education,2024-09-28,2024-10-01,Approved,,Website,4275.0,12409.84,2024-10-02
APP10519,CUST11280,LEN1003,700000.0,,,36,Medical Emergency,2024-12-10,,Rejected,KYC Verification Failed,Branch,,,
APP10520,CUST10138,LEN1019,415000.0,400000.0,19.47,24,Vehicle Purchase,2024-12-21,2024-12-23,Approved,,Mobile App,12000.0,20254.9,2024-12-25
APP10521,CUST10887,LEN1018,320000.0,,,24,Vehicle Purchase,2025-10-01,,Rejected,Past Loan Default,Website,,,
APP10522,CUST10929,LEN1018,235000.0,,,6,Home Renovation,2025-05-26,,Pending,,Branch,,,
APP10523,CUST10437,LEN1015,175000.0,140000.0,22.08,48,Vehicle Purchase,2025-10-03,2025-10-06,Approved,,Branch,4550.0,4416.93,2025-10-07
APP10524,CUST10493,LEN1005,965000.0,835000.0,31.0,60,Debt Consolidation,2025-02-24,2025-02-24,Approved,,DSA / Partner,18787.5,27530.21,2025-02-25
APP10525,CUST10845,LEN1009,335000.0,310000.0,14.78,48,Home Renovation,2025-12-04,2025-12-04,Approved,,Website,5580.0,8593.0,2025-12-05
APP10526,CUST10394,LEN1001,385000.0,350000.0,11.81,60,Debt Consolidation,2025-05-12,2025-05-17,Approved,,DSA / Partner,8750.0,7751.99,2025-05-17
APP10527,CUST10414,LEN1006,160000.0,145000.0,24.26,6,Debt Consolidation,2025-11-05,2025-11-05,Approved,,Website,4350.0,25905.17,2025-11-08
APP10528,CUST10041,LEN1002,580000.0,565000.0,20.56,6,Business Expansion,2024-11-01,2024-11-04,Approved,,Branch,11300.0,99893.46,2024-11-06
APP10529,CUST11376,LEN1003,130000.0,120000.0,12.0,60,Home Renovation,2024-04-24,2024-04-24,Approved,,Mobile App,1800.0,2669.33,2024-04-26
APP10530,CUST11017,LEN1003,390000.0,,,6,Business Expansion,2025-08-21,,Pending,,Website,,,
APP10531,CUST10799,LEN1008,950000.0,,,12,Home Renovation,2024-06-28,,Rejected,High Debt-to-Income Ratio,Mobile App,,,
APP10532,CUST10563,LEN1015,375000.0,,,60,Personal Expenses,2025-06-30,,Rejected,KYC Verification Failed,DSA / Partner,,,
APP10533,CUST11433,LEN1004,145000.0,145000.0,16.15,24,Wedding,2024-09-09,2024-09-10,Approved,,Direct Telecall,2537.5,7110.05,2024-09-12
APP10534,CUST10974,LEN1012,600000.0,575000.0,26.42,6,Personal Expenses,2025-11-09,2025-11-14,Approved,,Direct Telecall,14375.0,103352.07,2025-11-15
APP10535,CUST10519,LEN1018,425000.0,385000.0,17.64,48,Business Expansion,2024-05-04,2024-05-07,Approved,,Direct Telecall,7700.0,11237.08,2024-05-10
APP10536,CUST10017,LEN1013,500000.0,430000.0,31.17,18,Debt Consolidation,2024-08-29,2024-08-30,Approved,,Mobile App,10320.0,30210.55,2024-09-02
APP10537,CUST11294,LEN1011,1000000.0,975000.0,30.96,60,Vehicle Purchase,2024-10-07,2024-10-10,Approved,,Mobile App,21450.0,32121.9,2024-10-13
APP10538,CUST10846,LEN1011,720000.0,650000.0,22.82,60,Medical Emergency,2024-09-24,2024-09-28,Approved,,Mobile App,14300.0,18256.65,2024-09-30
APP10539,CUST10929,LEN1001,650000.0,625000.0,21.77,48,Home Renovation,2025-03-30,2025-04-02,Approved,,Direct Telecall,15625.0,19613.34,2025-04-03
APP10540,CUST11287,LEN1010,175000.0,160000.0,13.41,6,Medical Emergency,2024-09-12,2024-09-17,Approved,,Mobile App,4000.0,27719.32,2024-09-18
APP10541,CUST11217,LEN1014,550000.0,470000.0,15.59,18,Wedding,2024-05-16,2024-05-18,Approved,,DSA / Partner,8930.0,29451.52,2024-05-20
APP10542,CUST10407,LEN1003,125000.0,105000.0,20.77,12,Vehicle Purchase,2025-08-07,2025-08-11,Approved,,DSA / Partner,1575.0,9765.36,2025-08-12
APP10543,CUST10183,LEN1015,375000.0,345000.0,24.04,48,Home Renovation,2025-02-14,2025-02-15,Approved,,Mobile App,11212.5,11255.26,2025-02-15
APP10544,CUST10754,LEN1006,500000.0,445000.0,16.27,6,Personal Expenses,2025-06-22,2025-06-25,Approved,,Direct Telecall,13350.0,77725.68,2025-06-28
APP10545,CUST10243,LEN1008,365000.0,,,12,Debt Consolidation,2025-05-21,,Pending,,Website,,,
APP10546,CUST10783,LEN1005,470000.0,395000.0,11.04,12,Education,2025-11-24,2025-11-25,Approved,,Website,8887.5,34918.13,2025-11-25
APP10547,CUST10595,LEN1009,110000.0,105000.0,11.87,24,Education,2025-08-19,2025-08-19,Approved,,Website,1890.0,4936.34,2025-08-22
APP10548,CUST10273,LEN1011,550000.0,520000.0,24.71,24,Education,2025-01-27,2025-01-29,Approved,,Direct Telecall,11440.0,27677.59,2025-01-29
APP10549,CUST10196,LEN1018,85000.0,85000.0,13.32,18,Education,2024-12-28,2025-01-01,Approved,,DSA / Partner,1700.0,5235.74,2025-01-01
APP10550,CUST10011,LEN1009,370000.0,325000.0,20.86,24,Debt Consolidation,2025-11-18,2025-11-22,Approved,,DSA / Partner,5850.0,16678.0,2025-11-22
APP10551,CUST11189,LEN1006,245000.0,200000.0,18.0,36,Wedding,2025-04-24,2025-04-28,Approved,,Website,6000.0,7230.48,2025-05-01
APP10552,CUST10291,LEN1009,325000.0,310000.0,16.29,6,Home Renovation,2024-10-14,2024-10-16,Approved,,DSA / Partner,5580.0,54149.06,2024-10-18
APP10553,CUST11256,LEN1009,350000.0,,,24,Home Renovation,2025-05-18,,Rejected,High Debt-to-Income Ratio,Website,,,
APP10554,CUST11139,LEN1015,100000.0,80000.0,22.38,12,Personal Expenses,2024-07-06,2024-07-11,Approved,,Mobile App,2600.0,7502.19,2024-07-14
APP10555,CUST10894,LEN1004,425000.0,,,24,Personal Expenses,2024-12-31,,Pending,,DSA / Partner,,,
APP10556,CUST11453,LEN1018,480000.0,395000.0,13.87,24,Medical Emergency,2024-05-31,2024-06-02,Approved,,Direct Telecall,7900.0,18940.84,2024-06-03
APP10557,CUST10345,LEN1017,1000000.0,905000.0,12.21,36,Education,2024-01-05,2024-01-08,Approved,,Branch,19005.0,30149.8,2024-01-08
APP10558,CUST10505,LEN1016,525000.0,525000.0,13.95,18,Personal Expenses,2025-11-28,2025-11-30,Approved,,Website,14700.0,32493.17,2025-11-30
APP10559,CUST10663,LEN1005,140000.0,140000.0,29.61,24,Wedding,2025-10-05,2025-10-05,Approved,,DSA / Partner,3150.0,7799.72,2025-10-07
APP10560,CUST10090,LEN1020,300000.0,290000.0,14.42,18,Home Renovation,2024-02-19,2024-02-19,Approved,,Mobile App,10150.0,18012.53,2024-02-19
APP10561,CUST11121,LEN1020,300000.0,,,24,Debt Consolidation,2024-09-02,,Pending,,Mobile App,,,
APP10562,CUST10817,LEN1003,85000.0,75000.0,19.91,12,Home Renovation,2025-02-16,2025-02-21,Approved,,DSA / Partner,1125.0,6944.36,2025-02-22
APP10563,CUST10247,LEN1010,370000.0,305000.0,12.5,24,Debt Consolidation,2025-09-09,2025-09-11,Approved,,Direct Telecall,7625.0,14428.73,2025-09-12
APP10564,CUST11003,LEN1015,340000.0,300000.0,15.79,24,Debt Consolidation,2025-09-06,2025-09-08,Approved,,Branch,9750.0,14658.85,2025-09-09
APP10565,CUST10890,LEN1014,220000.0,185000.0,30.15,36,Business Expansion,2025-11-23,2025-11-24,Approved,,DSA / Partner,3515.0,7868.75,2025-11-27
APP10566,CUST11080,LEN1017,185000.0,160000.0,13.45,24,Vehicle Purchase,2025-05-04,2025-05-09,Approved,,Mobile App,3360.0,7640.55,2025-05-11
APP10567,CUST10510,LEN1017,385000.0,380000.0,12.04,36,Personal Expenses,2024-03-19,2024-03-23,Approved,,Branch,7980.0,12628.7,2024-03-26
APP10568,CUST10846,LEN1004,510000.0,470000.0,24.87,48,Debt Consolidation,2024-09-17,2024-09-17,Approved,,Website,8225.0,15549.79,2024-09-17
APP10569,CUST11355,LEN1015,165000.0,145000.0,30.26,12,Vehicle Purchase,2024-03-26,2024-03-28,Approved,,Mobile App,4712.5,14154.18,2024-03-31
APP10570,CUST11373,LEN1015,400000.0,,,18,Business Expansion,2024-08-04,,Pending,,Mobile App,,,
APP10571,CUST10380,LEN1003,985000.0,875000.0,13.65,36,Debt Consolidation,2024-04-18,2024-04-21,Approved,,Direct Telecall,13125.0,29756.9,2024-04-21
APP10572,CUST10028,LEN1006,500000.0,475000.0,14.48,24,Vehicle Purchase,2025-09-08,2025-09-12,Approved,,Direct Telecall,14250.0,22913.98,2025-09-14
APP10573,CUST11415,LEN1013,500000.0,,,6,Home Renovation,2024-01-15,,Pending,,Mobile App,,,
APP10574,CUST10391,LEN1004,720000.0,645000.0,21.81,48,Education,2024-08-02,2024-08-03,Approved,,Mobile App,11287.5,20254.95,2024-08-06
APP10575,CUST11283,LEN1018,120000.0,,,18,Wedding,2025-04-30,,Rejected,Insufficient Monthly Income,Mobile App,,,
APP10576,CUST10045,LEN1004,275000.0,220000.0,18.58,12,Wedding,2025-04-27,2025-04-28,Approved,,DSA / Partner,3850.0,20230.37,2025-04-29
APP10577,CUST10604,LEN1019,350000.0,285000.0,20.33,24,Personal Expenses,2024-01-09,2024-01-12,Approved,,Website,8550.0,14551.29,2024-01-15
APP10578,CUST11016,LEN1019,375000.0,330000.0,15.09,36,Debt Consolidation,2025-05-14,2025-05-19,Approved,,Mobile App,9900.0,11454.11,2025-05-22
APP10579,CUST10475,LEN1002,1000000.0,,,24,Business Expansion,2024-03-06,,Rejected,KYC Verification Failed,Branch,,,
APP10580,CUST11328,LEN1014,470000.0,,,6,Wedding,2025-10-23,,Rejected,KYC Verification Failed,Branch,,,
APP10581,CUST10919,LEN1014,45000.0,,,18,Education,2024-12-18,,Pending,,DSA / Partner,,,
APP10582,CUST10898,LEN1008,865000.0,,,36,Business Expansion,2025-11-03,,Rejected,Insufficient Monthly Income,Branch,,,
APP10583,CUST10269,LEN1010,900000.0,850000.0,20.1,24,Vehicle Purchase,2025-10-30,2025-10-31,Approved,,Direct Telecall,21250.0,43302.97,2025-11-01
APP10584,CUST10579,LEN1003,1000000.0,920000.0,21.59,12,Home Renovation,2024-06-09,2024-06-12,Approved,,Mobile App,13800.0,85925.4,2024-06-15
APP10585,CUST10622,LEN1008,105000.0,90000.0,14.06,6,Personal Expenses,2024-09-24,2024-09-28,Approved,,Website,1800.0,15621.1,2024-09-28
APP10586,CUST10131,LEN1011,185000.0,155000.0,22.36,36,Education,2025-07-29,2025-07-31,Approved,,Mobile App,3410.0,5948.43,2025-08-02
APP10587,CUST10096,LEN1018,460000.0,455000.0,23.25,12,Medical Emergency,2024-02-21,2024-02-24,Approved,,Direct Telecall,9100.0,42859.64,2024-02-24
APP10588,CUST10217,LEN1020,300000.0,270000.0,27.09,60,Medical Emergency,2024-02-12,2024-02-12,Approved,,Branch,9450.0,8259.07,2024-02-13
APP10589,CUST10741,LEN1006,430000.0,405000.0,10.8,48,Wedding,2025-05-25,2025-05-30,Approved,,Branch,12150.0,10428.14,2025-06-01
APP10590,CUST10686,LEN1005,265000.0,225000.0,25.06,12,Wedding,2024-01-07,2024-01-09,Approved,,DSA / Partner,5062.5,21391.5,2024-01-11
APP10591,CUST11035,LEN1006,500000.0,465000.0,21.84,18,Vehicle Purchase,2025-10-06,2025-10-10,Approved,,Website,13950.0,30527.77,2025-10-13
APP10592,CUST10468,LEN1005,920000.0,880000.0,22.87,24,Vehicle Purchase,2025-06-12,2025-06-12,Approved,,DSA / Partner,19800.0,46031.73,2025-06-15
APP10593,CUST10299,LEN1001,465000.0,,,36,Medical Emergency,2024-12-12,,Rejected,KYC Verification Failed,Mobile App,,,
APP10594,CUST10823,LEN1006,250000.0,,,24,Personal Expenses,2025-10-18,,Rejected,High Debt-to-Income Ratio,Direct Telecall,,,
APP10595,CUST11177,LEN1002,700000.0,685000.0,15.63,48,Debt Consolidation,2025-02-15,2025-02-17,Approved,,DSA / Partner,13700.0,19283.53,2025-02-19
APP10596,CUST10705,LEN1001,385000.0,,,36,Home Renovation,2025-02-17,,Rejected,Insufficient Monthly Income,Direct Telecall,,,
APP10597,CUST11319,LEN1007,245000.0,,,36,Wedding,2024-12-19,,Pending,,Direct Telecall,,,
APP10598,CUST11329,LEN1013,310000.0,270000.0,12.68,18,Medical Emergency,2025-07-04,2025-07-09,Approved,,Mobile App,6480.0,16550.57,2025-07-10
APP10599,CUST11066,LEN1018,85000.0,80000.0,17.3,6,Debt Consolidation,2024-12-14,2024-12-14,Approved,,Branch,1600.0,14014.14,2024-12-16
APP10600,CUST10495,LEN1010,900000.0,870000.0,14.35,36,Medical Emergency,2024-03-02,2024-03-06,Approved,,Direct Telecall,21750.0,29882.64,2024-03-08
APP10601,CUST10254,LEN1002,1000000.0,945000.0,11.86,6,Wedding,2025-08-09,2025-08-10,Approved,,Website,18900.0,162992.84,2025-08-11
APP10602,CUST10718,LEN1010,480000.0,,,60,Home Renovation,2025-01-21,,Pending,,Direct Telecall,,,
APP10603,CUST11065,LEN1008,75000.0,,,36,Education,2025-04-10,,Pending,,Website,,,
APP10604,CUST10201,LEN1005,775000.0,630000.0,16.18,60,Vehicle Purchase,2024-04-04,2024-04-07,Approved,,Mobile App,14175.0,15380.69,2024-04-08
APP10605,CUST10914,LEN1003,130000.0,,,36,Vehicle Purchase,2025-07-26,,Rejected,Past Loan Default,Branch,,,
APP10606,CUST10809,LEN1009,750000.0,740000.0,15.02,48,Vehicle Purchase,2025-12-06,2025-12-09,Approved,,DSA / Partner,13320.0,20602.26,2025-12-10
APP10607,CUST10296,LEN1017,340000.0,330000.0,17.12,48,Wedding,2025-06-09,2025-06-10,Approved,,Mobile App,6930.0,9542.66,2025-06-13
APP10608,CUST10970,LEN1002,350000.0,340000.0,10.83,36,Business Expansion,2025-09-08,2025-09-10,Approved,,Mobile App,6800.0,11103.81,2025-09-12
APP10609,CUST10083,LEN1017,250000.0,,,18,Debt Consolidation,2024-11-06,,Rejected,KYC Verification Failed,Website,,,
APP10610,CUST10996,LEN1001,760000.0,,,12,Vehicle Purchase,2024-11-08,,Pending,,Mobile App,,,
APP10611,CUST10581,LEN1007,300000.0,275000.0,21.43,48,Wedding,2024-05-05,2024-05-05,Approved,,Mobile App,7562.5,8579.3,2024-05-08
APP10612,CUST10986,LEN1019,225000.0,220000.0,25.19,24,Business Expansion,2025-05-01,2025-05-02,Approved,,DSA / Partner,6600.0,11762.72,2025-05-03
APP10613,CUST11034,LEN1015,350000.0,285000.0,15.41,48,Wedding,2024-11-29,2024-12-03,Approved,,Mobile App,9262.5,7991.12,2024-12-06
APP10614,CUST10794,LEN1008,650000.0,,,18,Personal Expenses,2025-03-29,,Rejected,Incomplete Documentation,Direct Telecall,,,
APP10615,CUST10569,LEN1003,735000.0,705000.0,24.57,48,Personal Expenses,2025-10-07,2025-10-11,Approved,,Branch,10575.0,23207.01,2025-10-11
APP10616,CUST11319,LEN1018,55000.0,45000.0,28.91,36,Personal Expenses,2025-06-18,2025-06-18,Approved,,Branch,900.0,1883.55,2025-06-18
APP10617,CUST11349,LEN1018,145000.0,,,6,Debt Consolidation,2024-09-08,,Pending,,Mobile App,,,
APP10618,CUST11446,LEN1019,160000.0,130000.0,31.19,60,Business Expansion,2025-08-26,2025-08-26,Approved,,DSA / Partner,3900.0,4301.46,2025-08-28
APP10619,CUST10896,LEN1006,500000.0,410000.0,13.44,60,Business Expansion,2024-09-20,2024-09-24,Approved,,DSA / Partner,12300.0,9421.37,2024-09-25
APP10620,CUST10585,LEN1005,185000.0,,,60,Medical Emergency,2024-11-10,,Rejected,Insufficient Monthly Income,Mobile App,,,
APP10621,CUST11390,LEN1006,105000.0,,,18,Home Renovation,2024-02-29,,Pending,,Mobile App,,,
APP10622,CUST10611,LEN1013,275000.0,,,12,Vehicle Purchase,2024-09-21,,Pending,,Website,,,
APP10623,CUST10770,LEN1004,140000.0,135000.0,18.29,12,Education,2025-06-04,2025-06-04,Approved,,DSA / Partner,2362.5,12395.44,2025-06-06
APP10624,CUST10125,LEN1011,220000.0,,,24,Medical Emergency,2024-01-30,,Rejected,Insufficient Monthly Income,DSA / Partner,,,
APP10625,CUST11298,LEN1008,1000000.0,935000.0,14.31,6,Debt Consolidation,2025-08-23,2025-08-27,Approved,,Branch,18700.0,162401.67,2025-08-28
APP10626,CUST10624,LEN1019,375000.0,340000.0,27.09,6,Education,2025-01-17,2025-01-18,Approved,,Mobile App,10200.0,61227.31,2025-01-21
APP10627,CUST11137,LEN1015,75000.0,,,60,Wedding,2024-10-23,,Pending,,Branch,,,
APP10628,CUST11338,LEN1006,80000.0,75000.0,18.27,24,Debt Consolidation,2024-09-13,2024-09-15,Approved,,Branch,2250.0,3754.1,2024-09-16
APP10629,CUST11199,LEN1017,100000.0,90000.0,21.7,12,Medical Emergency,2024-04-01,2024-04-02,Approved,,Website,1890.0,8410.51,2024-04-04
APP10630,CUST10885,LEN1007,800000.0,740000.0,16.44,60,Business Expansion,2024-12-16,2024-12-21,Approved,,Direct Telecall,20350.0,18168.82,2024-12-24
APP10631,CUST10560,LEN1008,510000.0,505000.0,14.55,18,Business Expansion,2025-04-15,2025-04-20,Approved,,Mobile App,10100.0,31397.47,2025-04-21
APP10632,CUST11324,LEN1001,290000.0,255000.0,20.54,6,Personal Expenses,2024-06-26,2024-07-01,Approved,,Direct Telecall,6375.0,45082.11,2024-07-04
APP10633,CUST10805,LEN1018,75000.0,75000.0,12.95,48,Medical Emergency,2024-02-01,2024-02-04,Approved,,Branch,1500.0,2010.2,2024-02-04
APP10634,CUST10723,LEN1013,420000.0,,,18,Vehicle Purchase,2025-12-14,,Pending,,Mobile App,,,
APP10635,CUST10018,LEN1004,270000.0,,,12,Wedding,2024-08-14,,Pending,,Mobile App,,,
APP10636,CUST10041,LEN1009,475000.0,460000.0,19.35,48,Business Expansion,2024-04-02,2024-04-07,Approved,,Mobile App,8280.0,13839.16,2024-04-08
APP10637,CUST10480,LEN1016,430000.0,360000.0,11.09,6,Debt Consolidation,2025-09-12,2025-09-17,Approved,,DSA / Partner,10080.0,61955.63,2025-09-20
APP10638,CUST10228,LEN1009,460000.0,430000.0,23.87,24,Home Renovation,2024-07-17,2024-07-22,Approved,,Branch,7740.0,22706.68,2024-07-23
APP10639,CUST10134,LEN1019,330000.0,320000.0,25.42,6,Home Renovation,2025-08-06,2025-08-11,Approved,,Website,9600.0,57356.61,2025-08-13
APP10640,CUST10393,LEN1001,1000000.0,975000.0,26.11,48,Debt Consolidation,2025-07-27,2025-07-30,Approved,,Direct Telecall,24375.0,32934.74,2025-07-30
APP10641,CUST10662,LEN1014,1000000.0,,,24,Debt Consolidation,2025-11-27,,Rejected,Past Loan Default,Mobile App,,,
APP10642,CUST10956,LEN1016,340000.0,275000.0,31.52,60,Personal Expenses,2024-08-17,2024-08-21,Approved,,Direct Telecall,7700.0,9155.64,2024-08-24
APP10643,CUST10648,LEN1001,300000.0,300000.0,11.18,18,Medical Emergency,2024-01-26,2024-01-31,Approved,,Branch,7500.0,18180.55,2024-02-03
APP10644,CUST10153,LEN1008,250000.0,,,18,Debt Consolidation,2025-10-03,,Rejected,Incomplete Documentation,Mobile App,,,
APP10645,CUST10199,LEN1001,465000.0,,,60,Personal Expenses,2025-10-03,,Pending,,Branch,,,
APP10646,CUST10685,LEN1009,335000.0,325000.0,12.06,24,Education,2024-02-25,2024-02-26,Approved,,Website,5850.0,15307.99,2024-02-26
APP10647,CUST11229,LEN1020,220000.0,180000.0,26.46,6,Wedding,2024-05-07,2024-05-07,Approved,,Branch,6300.0,32357.32,2024-05-10
APP10648,CUST10642,LEN1003,530000.0,490000.0,28.65,6,Wedding,2024-11-04,2024-11-04,Approved,,Mobile App,7350.0,88625.07,2024-11-04
APP10649,CUST11146,LEN1002,165000.0,155000.0,11.2,24,Vehicle Purchase,2025-09-24,2025-09-28,Approved,,Mobile App,3100.0,7238.62,2025-09-28
APP10650,CUST10929,LEN1013,440000.0,435000.0,24.94,24,Medical Emergency,2025-10-28,2025-10-31,Approved,,Website,10440.0,23203.52,2025-11-02
APP10651,CUST11204,LEN1007,450000.0,,,6,Medical Emergency,2024-07-17,,Rejected,Past Loan Default,Branch,,,
APP10652,CUST10259,LEN1017,225000.0,200000.0,11.23,24,Wedding,2025-09-27,2025-09-27,Approved,,Direct Telecall,4200.0,9342.94,2025-09-27
APP10653,CUST10262,LEN1010,545000.0,530000.0,12.83,36,Business Expansion,2025-08-20,2025-08-21,Approved,,Website,13250.0,17814.43,2025-08-24
APP10654,CUST10633,LEN1020,300000.0,,,18,Personal Expenses,2025-08-23,,Rejected,Incomplete Documentation,Branch,,,
APP10655,CUST11390,LEN1005,105000.0,90000.0,11.1,36,Personal Expenses,2024-12-18,2024-12-19,Approved,,DSA / Partner,2025.0,2950.75,2024-12-19
APP10656,CUST10700,LEN1007,615000.0,,,48,Wedding,2025-12-10,,Rejected,KYC Verification Failed,Branch,,,
APP10657,CUST11185,LEN1019,500000.0,415000.0,14.92,36,Debt Consolidation,2024-12-02,2024-12-02,Approved,,DSA / Partner,12450.0,14369.86,2024-12-05
APP10658,CUST10450,LEN1001,390000.0,330000.0,14.99,48,Education,2025-09-30,2025-10-02,Approved,,DSA / Partner,8250.0,9182.47,2025-10-05
APP10659,CUST10421,LEN1013,415000.0,360000.0,23.82,6,Business Expansion,2024-03-16,2024-03-17,Approved,,Mobile App,8640.0,64236.76,2024-03-19
APP10660,CUST10902,LEN1007,800000.0,670000.0,27.78,60,Business Expansion,2024-01-31,2024-02-01,Approved,,Mobile App,18425.0,20772.17,2024-02-03
APP10661,CUST11473,LEN1006,500000.0,400000.0,25.23,36,Education,2024-07-19,2024-07-19,Approved,,Mobile App,12000.0,15952.63,2024-07-19
APP10662,CUST11388,LEN1005,255000.0,220000.0,17.66,60,Medical Emergency,2024-08-03,2024-08-05,Approved,,Website,4950.0,5545.94,2024-08-06
APP10663,CUST11080,LEN1020,300000.0,295000.0,10.89,48,Medical Emergency,2024-05-27,2024-05-28,Approved,,Mobile App,10325.0,7608.68,2024-05-29
APP10664,CUST11091,LEN1013,500000.0,490000.0,12.79,18,Vehicle Purchase,2024-09-07,2024-09-11,Approved,,Direct Telecall,11760.0,30061.33,2024-09-12
APP10665,CUST11097,LEN1010,695000.0,665000.0,25.38,18,Education,2025-10-06,2025-10-10,Approved,,Mobile App,16625.0,44806.65,2025-10-13
APP10666,CUST10429,LEN1003,440000.0,,,60,Medical Emergency,2025-06-04,,Pending,,Mobile App,,,
APP10667,CUST10795,LEN1017,585000.0,550000.0,23.67,36,Wedding,2024-11-25,2024-11-28,Approved,,Mobile App,11550.0,21482.89,2024-12-01
APP10668,CUST10971,LEN1009,555000.0,545000.0,28.77,48,Personal Expenses,2024-08-12,2024-08-13,Approved,,Mobile App,9810.0,19235.31,2024-08-16
APP10669,CUST10448,LEN1010,265000.0,,,24,Home Renovation,2024-09-17,,Pending,,Website,,,
APP10670,CUST11128,LEN1003,210000.0,185000.0,29.55,6,Debt Consolidation,2025-06-15,2025-06-18,Approved,,DSA / Partner,2775.0,33544.63,2025-06-20
APP10671,CUST10873,LEN1015,400000.0,340000.0,10.57,24,Business Expansion,2024-11-20,2024-11-23,Approved,,DSA / Partner,11050.0,15778.87,2024-11-24
APP10672,CUST10544,LEN1003,285000.0,260000.0,21.48,6,Debt Consolidation,2025-06-09,2025-06-11,Approved,,Branch,3900.0,46088.3,2025-06-12
APP10673,CUST10202,LEN1004,140000.0,130000.0,14.33,6,Education,2024-07-20,2024-07-25,Approved,,Website,2275.0,22581.2,2024-07-27
APP10674,CUST10391,LEN1020,300000.0,,,60,Debt Consolidation,2024-11-02,,Rejected,KYC Verification Failed,Mobile App,,,
APP10675,CUST10710,LEN1013,215000.0,195000.0,24.83,60,Personal Expenses,2025-10-31,2025-11-01,Approved,,DSA / Partner,4680.0,5704.09,2025-11-04
APP10676,CUST10467,LEN1008,680000.0,,,12,Wedding,2025-06-12,,Pending,,Mobile App,,,
APP10677,CUST11203,LEN1018,365000.0,,,48,Wedding,2024-03-28,,Rejected,KYC Verification Failed,Website,,,
APP10678,CUST10385,LEN1014,540000.0,480000.0,19.06,48,Vehicle Purchase,2025-03-25,2025-03-27,Approved,,Mobile App,9120.0,14367.26,2025-03-28
APP10679,CUST11183,LEN1005,110000.0,,,48,Personal Expenses,2025-11-05,,Pending,,DSA / Partner,,,
APP10680,CUST10727,LEN1011,230000.0,,,24,Vehicle Purchase,2025-07-04,,Rejected,KYC Verification Failed,Direct Telecall,,,
APP10681,CUST10668,LEN1019,75000.0,75000.0,16.48,60,Personal Expenses,2024-06-06,2024-06-10,Approved,,Mobile App,2250.0,1843.04,2024-06-13
APP10682,CUST10781,LEN1007,375000.0,,,6,Vehicle Purchase,2025-05-01,,Pending,,Mobile App,,,
APP10683,CUST10223,LEN1011,390000.0,320000.0,12.16,24,Debt Consolidation,2024-06-24,2024-06-24,Approved,,Mobile App,7040.0,15087.43,2024-06-27
APP10684,CUST10055,LEN1006,165000.0,140000.0,29.19,24,Debt Consolidation,2024-08-26,2024-08-29,Approved,,Mobile App,4200.0,7769.54,2024-08-29
APP10685,CUST10755,LEN1017,60000.0,60000.0,17.17,18,Vehicle Purchase,2024-06-09,2024-06-12,Approved,,DSA / Partner,1260.0,3804.65,2024-06-15
APP10686,CUST10141,LEN1013,250000.0,,,60,Education,2024-07-29,,Pending,,Mobile App,,,
APP10687,CUST10635,LEN1014,500000.0,460000.0,14.5,48,Wedding,2025-09-10,2025-09-11,Approved,,Mobile App,8740.0,12685.86,2025-09-14
APP10688,CUST10565,LEN1007,165000.0,,,12,Wedding,2025-02-12,,Rejected,Past Loan Default,Mobile App,,,
APP10689,CUST10506,LEN1017,165000.0,,,36,Wedding,2025-04-18,,Rejected,Past Loan Default,DSA / Partner,,,
APP10690,CUST10081,LEN1003,220000.0,195000.0,30.96,24,Business Expansion,2024-10-31,2024-11-01,Approved,,Direct Telecall,2925.0,10999.59,2024-11-04
APP10691,CUST10511,LEN1006,500000.0,490000.0,27.18,48,Vehicle Purchase,2025-01-28,2025-02-01,Approved,,DSA / Partner,14700.0,16848.43,2025-02-01
APP10692,CUST10806,LEN1002,245000.0,220000.0,15.53,60,Home Renovation,2025-10-05,2025-10-05,Approved,,Website,4400.0,5295.19,2025-10-06
APP10693,CUST11011,LEN1014,225000.0,215000.0,15.06,36,Medical Emergency,2024-03-19,2024-03-21,Approved,,Website,4085.0,7459.36,2024-03-24
APP10694,CUST10924,LEN1006,135000.0,,,36,Personal Expenses,2024-01-28,,Rejected,Low Credit Score,DSA / Partner,,,
APP10695,CUST11309,LEN1015,250000.0,,,48,Vehicle Purchase,2025-02-10,,Rejected,Low Credit Score,Mobile App,,,
APP10696,CUST10022,LEN1009,365000.0,325000.0,13.8,12,Business Expansion,2025-04-20,2025-04-24,Approved,,Direct Telecall,5850.0,29150.24,2025-04-25
APP10697,CUST11462,LEN1015,390000.0,375000.0,15.36,60,Debt Consolidation,2024-06-23,2024-06-24,Approved,,Mobile App,12187.5,8992.24,2024-06-26
APP10698,CUST10255,LEN1018,795000.0,,,12,Medical Emergency,2024-01-12,,Rejected,Incomplete Documentation,Direct Telecall,,,
APP10699,CUST10560,LEN1005,370000.0,360000.0,15.14,12,Education,2024-02-05,2024-02-08,Approved,,Direct Telecall,8100.0,32516.78,2024-02-08
APP10700,CUST11301,LEN1017,650000.0,,,48,Medical Emergency,2025-12-07,,Rejected,KYC Verification Failed,DSA / Partner,,,
APP10701,CUST10910,LEN1002,190000.0,165000.0,17.65,6,Vehicle Purchase,2024-09-12,2024-09-12,Approved,,Mobile App,3300.0,28932.9,2024-09-12
APP10702,CUST10864,LEN1001,950000.0,770000.0,20.82,18,Education,2025-11-16,2025-11-16,Approved,,Direct Telecall,19250.0,50171.71,2025-11-17
APP10703,CUST11483,LEN1006,210000.0,190000.0,22.03,36,Medical Emergency,2024-11-26,2024-11-27,Approved,,Website,5700.0,7259.14,2024-11-30
APP10704,CUST10877,LEN1004,175000.0,140000.0,29.96,6,Business Expansion,2024-06-26,2024-06-26,Approved,,Website,2450.0,25414.16,2024-06-29
APP10705,CUST10436,LEN1015,95000.0,,,48,Debt Consolidation,2025-09-30,,Rejected,KYC Verification Failed,Direct Telecall,,,
APP10706,CUST10090,LEN1003,485000.0,485000.0,13.9,24,Debt Consolidation,2025-05-26,2025-05-30,Approved,,Branch,7275.0,23263.34,2025-05-31
APP10707,CUST10516,LEN1004,180000.0,150000.0,17.37,48,Vehicle Purchase,2025-12-11,2025-12-16,Approved,,Direct Telecall,2625.0,4357.02,2025-12-18
APP10708,CUST11365,LEN1016,120000.0,110000.0,17.62,6,Wedding,2025-06-07,2025-06-11,Approved,,DSA / Partner,3080.0,19286.96,2025-06-11
APP10709,CUST10477,LEN1001,375000.0,,,6,Debt Consolidation,2025-03-14,,Rejected,High Debt-to-Income Ratio,Mobile App,,,
APP10710,CUST11270,LEN1003,85000.0,,,18,Wedding,2024-07-25,,Pending,,Website,,,
APP10711,CUST10311,LEN1013,195000.0,195000.0,28.72,6,Education,2025-09-04,2025-09-06,Approved,,Direct Telecall,4680.0,35276.06,2025-09-07
APP10712,CUST10570,LEN1011,415000.0,385000.0,27.8,60,Personal Expenses,2025-02-28,2025-02-28,Approved,,Branch,8470.0,11940.88,2025-03-01
APP10713,CUST10679,LEN1011,190000.0,,,36,Personal Expenses,2024-09-11,,Rejected,Incomplete Documentation,Direct Telecall,,,
APP10714,CUST11426,LEN1008,615000.0,570000.0,10.69,24,Business Expansion,2025-03-28,2025-03-31,Approved,,Mobile App,11400.0,26484.51,2025-03-31
APP10715,CUST10395,LEN1002,405000.0,340000.0,19.01,12,Education,2024-04-03,2024-04-04,Approved,,Mobile App,6800.0,31334.86,2024-04-05
APP10716,CUST11040,LEN1003,465000.0,,,24,Debt Consolidation,2024-07-21,,Rejected,High Debt-to-Income Ratio,Mobile App,,,
APP10717,CUST10869,LEN1006,250000.0,250000.0,14.18,18,Debt Consolidation,2025-04-04,2025-04-07,Approved,,Branch,7500.0,15499.89,2025-04-07
APP10718,CUST10737,LEN1013,500000.0,460000.0,14.86,24,Wedding,2025-06-01,2025-06-02,Approved,,DSA / Partner,11040.0,22273.27,2025-06-05
APP10719,CUST10041,LEN1013,330000.0,,,6,Debt Consolidation,2025-07-04,,Pending,,Branch,,,
APP10720,CUST10313,LEN1018,465000.0,415000.0,22.94,18,Vehicle Purchase,2024-11-09,2024-11-13,Approved,,DSA / Partner,8300.0,27466.85,2024-11-16
APP10721,CUST10148,LEN1011,70000.0,,,24,Education,2024-07-13,,Pending,,Mobile App,,,
APP10722,CUST10009,LEN1001,275000.0,270000.0,25.71,48,Business Expansion,2025-02-18,2025-02-23,Approved,,DSA / Partner,6750.0,9059.68,2025-02-25
APP10723,CUST10787,LEN1016,585000.0,585000.0,13.96,36,Medical Emergency,2024-02-09,2024-02-13,Approved,,DSA / Partner,16380.0,19982.55,2024-02-14
APP10724,CUST10398,LEN1014,360000.0,,,60,Business Expansion,2025-05-15,,Rejected,Incomplete Documentation,Branch,,,
APP10725,CUST11411,LEN1012,400000.0,,,48,Vehicle Purchase,2024-09-09,,Rejected,High Debt-to-Income Ratio,DSA / Partner,,,
APP10726,CUST10979,LEN1002,685000.0,,,18,Personal Expenses,2025-11-12,,Rejected,Incomplete Documentation,Direct Telecall,,,
APP10727,CUST10303,LEN1009,750000.0,690000.0,16.36,48,Home Renovation,2024-09-10,2024-09-11,Approved,,Website,12420.0,19682.25,2024-09-11
APP10728,CUST10240,LEN1003,330000.0,,,24,Vehicle Purchase,2025-08-23,,Rejected,Low Credit Score,Direct Telecall,,,
APP10729,CUST11062,LEN1007,470000.0,405000.0,25.84,12,Vehicle Purchase,2025-12-09,2025-12-14,Approved,,Website,11137.5,38658.18,2025-12-17
APP10730,CUST11201,LEN1010,385000.0,350000.0,30.81,60,Medical Emergency,2025-10-13,2025-10-14,Approved,,Mobile App,8750.0,11498.44,2025-10-16
APP10731,CUST10430,LEN1013,295000.0,240000.0,15.84,6,Home Renovation,2024-01-02,2024-01-05,Approved,,DSA / Partner,5760.0,41868.19,2024-01-08
APP10732,CUST11341,LEN1010,410000.0,,,12,Home Renovation,2024-07-09,,Rejected,Incomplete Documentation,Website,,,
APP10733,CUST10276,LEN1007,270000.0,260000.0,17.42,36,Medical Emergency,2025-08-03,2025-08-03,Approved,,DSA / Partner,7150.0,9324.15,2025-08-04
APP10734,CUST10393,LEN1009,750000.0,,,60,Vehicle Purchase,2025-10-03,,Rejected,Past Loan Default,DSA / Partner,,,
APP10735,CUST10224,LEN1006,215000.0,,,6,Vehicle Purchase,2024-10-10,,Pending,,Mobile App,,,
APP10736,CUST10132,LEN1011,190000.0,180000.0,16.64,12,Wedding,2025-11-19,2025-11-21,Approved,,DSA / Partner,3960.0,16386.12,2025-11-21
APP10737,CUST11363,LEN1019,500000.0,480000.0,22.94,6,Medical Emergency,2025-06-18,2025-06-22,Approved,,Mobile App,14400.0,85437.11,2025-06-24
APP10738,CUST10996,LEN1016,735000.0,690000.0,22.78,36,Vehicle Purchase,2025-01-14,2025-01-16,Approved,,Website,19320.0,26630.65,2025-01-17
APP10739,CUST10740,LEN1013,185000.0,150000.0,25.37,6,Business Expansion,2024-04-12,2024-04-15,Approved,,Website,3600.0,26882.14,2024-04-16
APP10740,CUST10053,LEN1020,235000.0,205000.0,12.36,36,Debt Consolidation,2024-09-11,2024-09-16,Approved,,Direct Telecall,7175.0,6844.24,2024-09-19
APP10741,CUST11055,LEN1014,1000000.0,,,6,Business Expansion,2025-10-10,,Rejected,KYC Verification Failed,Mobile App,,,
APP10742,CUST10094,LEN1011,670000.0,,,12,Wedding,2025-09-19,,Rejected,Low Credit Score,DSA / Partner,,,
APP10743,CUST10714,LEN1014,1000000.0,,,24,Medical Emergency,2025-01-29,,Rejected,KYC Verification Failed,Direct Telecall,,,
APP10744,CUST11244,LEN1007,635000.0,,,60,Personal Expenses,2025-05-24,,Rejected,Low Credit Score,Mobile App,,,
APP10745,CUST10618,LEN1018,275000.0,,,24,Home Renovation,2024-04-28,,Rejected,Insufficient Monthly Income,DSA / Partner,,,
APP10746,CUST11358,LEN1018,400000.0,330000.0,16.48,12,Home Renovation,2024-04-01,2024-04-01,Approved,,Direct Telecall,6600.0,30016.19,2024-04-02
APP10747,CUST10669,LEN1013,400000.0,395000.0,30.06,12,Debt Consolidation,2025-05-02,2025-05-07,Approved,,Direct Telecall,9480.0,38519.07,2025-05-08
APP10748,CUST11095,LEN1016,155000.0,,,48,Business Expansion,2025-08-12,,Rejected,Past Loan Default,Mobile App,,,
APP10749,CUST10133,LEN1011,150000.0,145000.0,16.4,48,Vehicle Purchase,2025-10-19,2025-10-22,Approved,,Direct Telecall,3190.0,4139.11,2025-10-23
APP10750,CUST10458,LEN1009,75000.0,70000.0,16.32,6,Medical Emergency,2024-12-14,2024-12-19,Approved,,Mobile App,1260.0,12228.25,2024-12-19
APP10751,CUST11174,LEN1012,265000.0,230000.0,19.2,18,Vehicle Purchase,2024-01-02,2024-01-03,Approved,,Branch,5750.0,14807.23,2024-01-06
APP10752,CUST10868,LEN1011,480000.0,440000.0,11.17,60,Home Renovation,2025-11-10,2025-11-13,Approved,,Branch,9680.0,9604.01,2025-11-13
APP10753,CUST11103,LEN1015,150000.0,140000.0,17.25,60,Debt Consolidation,2025-05-26,2025-05-28,Approved,,Mobile App,4550.0,3498.21,2025-05-29
APP10754,CUST11363,LEN1002,970000.0,870000.0,25.16,18,Medical Emergency,2025-08-10,2025-08-13,Approved,,Website,17400.0,58525.21,2025-08-15
APP10755,CUST11443,LEN1013,40000.0,,,60,Business Expansion,2024-08-03,,Rejected,Incomplete Documentation,Mobile App,,,
APP10756,CUST10461,LEN1002,275000.0,235000.0,15.96,60,Home Renovation,2025-02-05,2025-02-06,Approved,,DSA / Partner,4700.0,5709.75,2025-02-06
APP10757,CUST11123,LEN1013,195000.0,,,48,Wedding,2025-02-04,,Rejected,Insufficient Monthly Income,Website,,,
APP10758,CUST10148,LEN1017,210000.0,,,18,Education,2025-07-15,,Pending,,Direct Telecall,,,
APP10759,CUST10807,LEN1004,395000.0,,,60,Personal Expenses,2024-11-07,,Rejected,Insufficient Monthly Income,Direct Telecall,,,
APP10760,CUST11341,LEN1006,335000.0,280000.0,25.04,24,Wedding,2024-05-28,2024-05-29,Approved,,Website,8400.0,14949.65,2024-05-29
APP10761,CUST10742,LEN1019,95000.0,90000.0,11.0,60,Home Renovation,2025-03-13,2025-03-13,Approved,,DSA / Partner,2700.0,1956.82,2025-03-13
APP10762,CUST10729,LEN1016,240000.0,,,6,Medical Emergency,2025-10-27,,Rejected,KYC Verification Failed,Branch,,,
APP10763,CUST11216,LEN1014,385000.0,315000.0,11.69,48,Vehicle Purchase,2024-02-04,2024-02-06,Approved,,Mobile App,5985.0,8247.29,2024-02-07
APP10764,CUST11337,LEN1013,395000.0,,,60,Medical Emergency,2025-10-27,,Rejected,Insufficient Monthly Income,DSA / Partner,,,
APP10765,CUST10564,LEN1015,150000.0,,,6,Medical Emergency,2024-05-04,,Pending,,Mobile App,,,
APP10766,CUST11002,LEN1017,125000.0,,,36,Wedding,2025-12-11,,Pending,,Website,,,
APP10767,CUST10194,LEN1019,165000.0,135000.0,11.48,24,Vehicle Purchase,2025-08-08,2025-08-13,Approved,,Website,4050.0,6322.19,2025-08-14
APP10768,CUST10831,LEN1001,255000.0,245000.0,15.16,60,Wedding,2025-06-15,2025-06-20,Approved,,Mobile App,6125.0,5849.13,2025-06-20
APP10769,CUST10425,LEN1004,190000.0,170000.0,14.51,36,Home Renovation,2025-07-22,2025-07-22,Approved,,Mobile App,2975.0,5852.4,2025-07-23
APP10770,CUST11178,LEN1007,790000.0,,,6,Debt Consolidation,2024-03-27,,Rejected,Low Credit Score,Mobile App,,,
APP10771,CUST11037,LEN1010,205000.0,,,36,Home Renovation,2025-11-04,,Rejected,Low Credit Score,DSA / Partner,,,
APP10772,CUST10509,LEN1010,100000.0,,,36,Debt Consolidation,2025-06-30,,Pending,,Direct Telecall,,,
APP10773,CUST10912,LEN1005,635000.0,585000.0,12.03,48,Business Expansion,2024-12-26,2024-12-31,Approved,,Branch,13162.5,15413.91,2024-12-31
APP10774,CUST11358,LEN1002,395000.0,390000.0,15.35,12,Home Renovation,2024-08-08,2024-08-09,Approved,,Website,7800.0,35265.18,2024-08-11
APP10775,CUST10569,LEN1005,635000.0,540000.0,24.28,24,Medical Emergency,2024-09-18,2024-09-19,Approved,,Branch,12150.0,28625.91,2024-09-22
APP10776,CUST10935,LEN1003,1000000.0,905000.0,21.45,48,Vehicle Purchase,2024-05-26,2024-05-31,Approved,,Direct Telecall,13575.0,28243.46,2024-06-02
APP10777,CUST11297,LEN1007,370000.0,320000.0,12.86,36,Home Renovation,2024-06-06,2024-06-09,Approved,,DSA / Partner,8800.0,10760.5,2024-06-09
APP10778,CUST11237,LEN1008,210000.0,185000.0,14.56,6,Medical Emergency,2025-07-15,2025-07-15,Approved,,Direct Telecall,3700.0,32155.88,2025-07-17
APP10779,CUST10684,LEN1009,105000.0,85000.0,20.91,60,Education,2024-01-11,2024-01-12,Approved,,Website,1530.0,2295.23,2024-01-15
APP10780,CUST10216,LEN1004,120000.0,100000.0,18.14,48,Debt Consolidation,2025-05-16,2025-05-20,Approved,,Branch,1750.0,2944.82,2025-05-22
APP10781,CUST11130,LEN1009,325000.0,,,6,Home Renovation,2025-02-02,,Rejected,High Debt-to-Income Ratio,Website,,,
APP10782,CUST10707,LEN1018,500000.0,,,60,Vehicle Purchase,2025-08-29,,Pending,,DSA / Partner,,,
APP10783,CUST10262,LEN1009,120000.0,100000.0,12.2,36,Home Renovation,2024-05-09,2024-05-11,Approved,,Direct Telecall,1800.0,3330.99,2024-05-11
APP10784,CUST11486,LEN1012,600000.0,500000.0,16.46,12,Vehicle Purchase,2025-04-13,2025-04-16,Approved,,Direct Telecall,12500.0,45474.34,2025-04-18
APP10785,CUST10565,LEN1014,695000.0,675000.0,13.34,48,Education,2025-10-12,2025-10-15,Approved,,Website,12825.0,18222.67,2025-10-17
APP10786,CUST10185,LEN1003,185000.0,,,12,Medical Emergency,2025-08-12,,Rejected,Low Credit Score,Mobile App,,,
APP10787,CUST10174,LEN1010,805000.0,725000.0,19.82,24,Personal Expenses,2025-11-24,2025-11-27,Approved,,DSA / Partner,18125.0,36835.74,2025-11-30
APP10788,CUST11055,LEN1018,1000000.0,980000.0,24.75,24,Personal Expenses,2024-07-13,2024-07-18,Approved,,Branch,19600.0,52181.24,2024-07-21
APP10789,CUST11439,LEN1018,1000000.0,995000.0,19.57,12,Personal Expenses,2025-04-04,2025-04-08,Approved,,Branch,19900.0,91966.69,2025-04-09
APP10790,CUST10359,LEN1003,360000.0,325000.0,21.94,12,Business Expansion,2025-03-08,2025-03-08,Approved,,Mobile App,4875.0,30408.79,2025-03-10
APP10791,CUST11391,LEN1008,630000.0,565000.0,17.76,60,Medical Emergency,2024-11-02,2024-11-02,Approved,,Website,11300.0,14273.62,2024-11-05
APP10792,CUST10446,LEN1010,400000.0,,,48,Personal Expenses,2025-09-24,,Rejected,Insufficient Monthly Income,DSA / Partner,,,
APP10793,CUST10118,LEN1012,200000.0,165000.0,18.14,24,Business Expansion,2024-12-28,2025-01-02,Approved,,Website,4125.0,8248.64,2025-01-03
APP10794,CUST10824,LEN1012,245000.0,220000.0,20.55,24,Wedding,2024-03-27,2024-03-30,Approved,,Mobile App,5500.0,11256.28,2024-03-30
APP10795,CUST10999,LEN1001,260000.0,,,48,Debt Consolidation,2025-04-26,,Rejected,Insufficient Monthly Income,Mobile App,,,
APP10796,CUST10767,LEN1010,150000.0,140000.0,18.53,12,Debt Consolidation,2025-03-25,2025-03-26,Approved,,Mobile App,3500.0,12870.54,2025-03-28
APP10797,CUST10889,LEN1001,505000.0,435000.0,13.99,60,Education,2024-07-13,2024-07-16,Approved,,Mobile App,10875.0,10119.43,2024-07-18
APP10798,CUST10065,LEN1006,500000.0,450000.0,18.78,24,Debt Consolidation,2025-03-07,2025-03-12,Approved,,Mobile App,13500.0,22635.81,2025-03-13
APP10799,CUST10666,LEN1013,500000.0,495000.0,20.09,48,Vehicle Purchase,2024-04-22,2024-04-23,Approved,,Mobile App,11880.0,15086.78,2024-04-24
APP10800,CUST10705,LEN1017,65000.0,,,48,Education,2025-11-25,,Pending,,Mobile App,,,
APP10801,CUST10701,LEN1014,455000.0,,,48,Personal Expenses,2025-05-06,,Pending,,DSA / Partner,,,
APP10802,CUST10593,LEN1010,510000.0,425000.0,12.03,60,Vehicle Purchase,2025-09-24,2025-09-25,Approved,,Mobile App,10625.0,9460.33,2025-09-27
APP10803,CUST10236,LEN1009,750000.0,705000.0,20.16,12,Vehicle Purchase,2025-04-30,2025-05-05,Approved,,Mobile App,12690.0,65361.32,2025-05-06
APP10804,CUST10387,LEN1019,500000.0,440000.0,17.8,12,Education,2024-05-15,2024-05-16,Approved,,Mobile App,13200.0,40297.33,2024-05-17
APP10805,CUST10874,LEN1001,295000.0,265000.0,30.23,6,Personal Expenses,2025-02-21,2025-02-22,Approved,,DSA / Partner,6625.0,48141.59,2025-02-23
APP10806,CUST10689,LEN1014,660000.0,,,36,Vehicle Purchase,2024-02-22,,Pending,,Direct Telecall,,,
APP10807,CUST10624,LEN1004,285000.0,,,18,Business Expansion,2025-03-04,,Pending,,Direct Telecall,,,
APP10808,CUST10506,LEN1011,360000.0,335000.0,22.68,12,Personal Expenses,2024-02-23,2024-02-25,Approved,,Mobile App,7370.0,31463.85,2024-02-28
APP10809,CUST10574,LEN1020,90000.0,80000.0,13.92,12,Debt Consolidation,2025-01-07,2025-01-12,Approved,,DSA / Partner,2800.0,7179.96,2025-01-12
APP10810,CUST11399,LEN1018,455000.0,430000.0,19.19,12,Business Expansion,2025-01-05,2025-01-09,Approved,,Website,8600.0,39666.33,2025-01-11
APP10811,CUST10488,LEN1009,70000.0,65000.0,19.25,24,Medical Emergency,2024-05-13,2024-05-13,Approved,,Mobile App,1170.0,3284.46,2024-05-14
APP10812,CUST10396,LEN1015,400000.0,400000.0,22.09,6,Business Expansion,2025-04-30,2025-05-05,Approved,,Website,13000.0,71027.22,2025-05-06
APP10813,CUST10090,LEN1005,160000.0,155000.0,14.9,36,Debt Consolidation,2024-12-21,2024-12-26,Approved,,Branch,3487.5,5365.54,2024-12-26
APP10814,CUST10894,LEN1003,235000.0,,,36,Personal Expenses,2025-09-05,,Pending,,Mobile App,,,
APP10815,CUST10562,LEN1005,290000.0,,,36,Personal Expenses,2024-07-13,,Pending,,Direct Telecall,,,
APP10816,CUST10815,LEN1016,1000000.0,950000.0,28.37,60,Medical Emergency,2025-03-24,2025-03-27,Approved,,Mobile App,26600.0,29791.44,2025-03-30
APP10817,CUST11244,LEN1009,265000.0,245000.0,10.53,6,Home Renovation,2024-08-11,2024-08-15,Approved,,Branch,4410.0,42096.56,2024-08-18
APP10818,CUST11032,LEN1017,255000.0,,,60,Education,2024-10-01,,Rejected,Past Loan Default,Website,,,
APP10819,CUST10244,LEN1006,130000.0,120000.0,20.75,36,Education,2024-02-10,2024-02-12,Approved,,Website,3600.0,4505.62,2024-02-13
APP10820,CUST10554,LEN1002,305000.0,245000.0,18.13,12,Education,2024-04-28,2024-05-02,Approved,,Branch,4900.0,22476.76,2024-05-04
APP10821,CUST10665,LEN1003,1000000.0,880000.0,19.29,36,Debt Consolidation,2024-05-16,2024-05-18,Approved,,Direct Telecall,13200.0,32386.47,2024-05-18
APP10822,CUST11282,LEN1001,390000.0,390000.0,23.73,12,Debt Consolidation,2024-09-19,2024-09-23,Approved,,Mobile App,9750.0,36827.3,2024-09-23
APP10823,CUST11480,LEN1013,370000.0,320000.0,17.5,18,Education,2024-08-13,2024-08-18,Approved,,DSA / Partner,7680.0,20341.66,2024-08-21
APP10824,CUST10319,LEN1015,400000.0,390000.0,21.56,48,Vehicle Purchase,2024-05-31,2024-06-01,Approved,,Website,12675.0,12194.4,2024-06-04
APP10825,CUST10379,LEN1006,120000.0,95000.0,14.07,24,Home Renovation,2024-10-15,2024-10-16,Approved,,Direct Telecall,2850.0,4564.37,2024-10-19
APP10826,CUST11408,LEN1020,175000.0,155000.0,19.44,12,Medical Emergency,2024-09-08,2024-09-11,Approved,,DSA / Partner,5425.0,14316.84,2024-09-11
APP10827,CUST11484,LEN1017,95000.0,85000.0,26.22,60,Personal Expenses,2024-04-12,2024-04-12,Approved,,Branch,1785.0,2556.02,2024-04-12
APP10828,CUST10271,LEN1008,915000.0,735000.0,25.84,18,Home Renovation,2025-09-06,2025-09-06,Approved,,Direct Telecall,14700.0,49689.46,2025-09-08
APP10829,CUST11449,LEN1003,140000.0,120000.0,27.01,24,Wedding,2024-11-10,2024-11-10,Approved,,Mobile App,1800.0,6526.24,2024-11-12
APP10830,CUST11286,LEN1018,135000.0,115000.0,23.61,60,Personal Expenses,2025-07-11,2025-07-14,Approved,,Mobile App,2300.0,3282.33,2025-07-15
APP10831,CUST10003,LEN1008,80000.0,75000.0,22.21,24,Vehicle Purchase,2024-12-27,2025-01-01,Approved,,Mobile App,1500.0,3898.64,2025-01-04
APP10832,CUST11407,LEN1004,900000.0,785000.0,29.73,6,Education,2024-10-15,2024-10-15,Approved,,Mobile App,13737.5,142409.5,2024-10-17
APP10833,CUST10174,LEN1002,865000.0,795000.0,19.59,12,Vehicle Purchase,2024-12-08,2024-12-09,Approved,,Branch,15900.0,73488.52,2024-12-11
APP10834,CUST11280,LEN1010,405000.0,355000.0,14.37,6,Debt Consolidation,2025-11-08,2025-11-13,Approved,,DSA / Partner,8875.0,61671.09,2025-11-13
APP10835,CUST10005,LEN1005,525000.0,465000.0,15.91,12,Business Expansion,2025-02-03,2025-02-06,Approved,,Mobile App,10462.5,42170.05,2025-02-06
APP10836,CUST10232,LEN1019,500000.0,,,48,Debt Consolidation,2024-04-02,,Rejected,KYC Verification Failed,Mobile App,,,
APP10837,CUST10262,LEN1006,500000.0,450000.0,13.42,18,Business Expansion,2025-03-10,2025-03-14,Approved,,DSA / Partner,13500.0,27739.68,2025-03-16
APP10838,CUST10284,LEN1008,545000.0,490000.0,29.26,36,Wedding,2025-06-30,2025-07-01,Approved,,Branch,9800.0,20603.17,2025-07-04
APP10839,CUST10172,LEN1019,170000.0,,,36,Education,2024-03-30,,Rejected,High Debt-to-Income Ratio,Direct Telecall,,,
APP10840,CUST10741,LEN1001,175000.0,,,60,Personal Expenses,2025-07-25,,Rejected,Insufficient Monthly Income,Website,,,
APP10841,CUST10274,LEN1004,135000.0,,,18,Business Expansion,2024-10-28,,Pending,,Mobile App,,,
APP10842,CUST10943,LEN1005,500000.0,,,36,Vehicle Purchase,2024-08-03,,Pending,,Mobile App,,,
APP10843,CUST10460,LEN1002,525000.0,495000.0,14.83,6,Home Renovation,2024-01-27,2024-01-27,Approved,,DSA / Partner,9900.0,86104.99,2024-01-27
APP10844,CUST11358,LEN1019,230000.0,200000.0,13.83,60,Home Renovation,2024-05-30,2024-05-30,Approved,,Mobile App,6000.0,4636.04,2024-05-30
APP10845,CUST11166,LEN1014,155000.0,,,12,Wedding,2024-05-23,,Rejected,Incomplete Documentation,Direct Telecall,,,
APP10846,CUST11081,LEN1010,340000.0,,,48,Business Expansion,2025-10-22,,Rejected,Incomplete Documentation,DSA / Partner,,,
APP10847,CUST10028,LEN1010,205000.0,185000.0,13.63,6,Personal Expenses,2024-06-26,2024-06-29,Approved,,Branch,4625.0,32070.62,2024-07-02
APP10848,CUST11135,LEN1009,355000.0,315000.0,10.97,36,Debt Consolidation,2024-08-20,2024-08-20,Approved,,Direct Telecall,5670.0,10308.22,2024-08-23
APP10849,CUST10257,LEN1007,285000.0,,,6,Education,2024-07-07,,Pending,,DSA / Partner,,,
APP10850,CUST11146,LEN1020,300000.0,280000.0,11.72,60,Wedding,2024-11-16,2024-11-19,Approved,,DSA / Partner,9800.0,6188.9,2024-11-20
APP10851,CUST10112,LEN1012,250000.0,205000.0,19.25,12,Debt Consolidation,2024-04-16,2024-04-18,Approved,,Mobile App,5125.0,18916.57,2024-04-18
APP10852,CUST10491,LEN1010,175000.0,,,6,Medical Emergency,2025-09-03,,Rejected,Low Credit Score,Mobile App,,,
APP10853,CUST10634,LEN1007,140000.0,,,48,Personal Expenses,2024-10-02,,Pending,,Mobile App,,,
APP10854,CUST10175,LEN1019,390000.0,,,36,Wedding,2024-02-19,,Rejected,KYC Verification Failed,Mobile App,,,
APP10855,CUST10191,LEN1010,75000.0,65000.0,19.91,18,Debt Consolidation,2025-05-27,2025-06-01,Approved,,DSA / Partner,1625.0,4206.8,2025-06-03
APP10856,CUST10266,LEN1004,145000.0,115000.0,12.89,48,Medical Emergency,2024-06-02,2024-06-05,Approved,,Branch,2012.5,3078.89,2024-06-05
APP10857,CUST10595,LEN1006,85000.0,,,24,Medical Emergency,2024-04-05,,Pending,,Direct Telecall,,,
APP10858,CUST11472,LEN1008,505000.0,505000.0,18.81,60,Home Renovation,2024-06-13,2024-06-18,Approved,,Direct Telecall,10100.0,13047.24,2024-06-20
APP10859,CUST10917,LEN1005,325000.0,285000.0,14.21,18,Vehicle Purchase,2025-11-30,2025-12-04,Approved,,Mobile App,6412.5,17673.88,2025-12-04
APP10860,CUST10313,LEN1019,410000.0,390000.0,22.62,24,Medical Emergency,2024-05-26,2024-05-26,Approved,,Mobile App,11700.0,20352.09,2024-05-29
APP10861,CUST10193,LEN1015,400000.0,,,18,Home Renovation,2024-10-13,,Pending,,Mobile App,,,
APP10862,CUST11181,LEN1012,325000.0,275000.0,18.68,6,Home Renovation,2025-04-16,2025-04-18,Approved,,Direct Telecall,6875.0,48362.63,2025-04-21
APP10863,CUST11332,LEN1005,670000.0,650000.0,18.36,36,Wedding,2025-01-07,2025-01-11,Approved,,Mobile App,14625.0,23616.61,2025-01-12
APP10864,CUST10903,LEN1012,310000.0,,,36,Business Expansion,2024-03-26,,Rejected,Incomplete Documentation,Website,,,
APP10865,CUST10847,LEN1017,680000.0,550000.0,24.97,48,Personal Expenses,2025-10-21,2025-10-26,Approved,,Branch,11550.0,18227.22,2025-10-26
APP10866,CUST10317,LEN1004,265000.0,,,12,Vehicle Purchase,2024-08-16,,Rejected,Insufficient Monthly Income,Mobile App,,,
APP10867,CUST10947,LEN1003,415000.0,345000.0,10.83,24,Wedding,2024-03-28,2024-03-31,Approved,,Mobile App,5175.0,16052.49,2024-04-03
APP10868,CUST10409,LEN1013,425000.0,360000.0,24.73,18,Business Expansion,2025-05-12,2025-05-12,Approved,,Branch,8640.0,24141.38,2025-05-14
APP10869,CUST10931,LEN1002,340000.0,295000.0,16.74,24,Home Renovation,2024-08-06,2024-08-10,Approved,,Direct Telecall,5900.0,14548.64,2024-08-13
APP10870,CUST10128,LEN1012,600000.0,,,24,Education,2024-08-04,,Pending,,Mobile App,,,
APP10871,CUST10047,LEN1014,205000.0,165000.0,23.08,48,Home Renovation,2024-05-25,2024-05-27,Approved,,Mobile App,3135.0,5295.73,2024-05-30
APP10872,CUST10860,LEN1017,230000.0,,,18,Home Renovation,2024-04-04,,Pending,,Mobile App,,,
APP10873,CUST10878,LEN1011,755000.0,745000.0,18.72,18,Home Renovation,2024-12-23,2024-12-27,Approved,,Mobile App,16390.0,47791.4,2024-12-28
APP10874,CUST11427,LEN1014,270000.0,260000.0,15.33,48,Vehicle Purchase,2025-07-28,2025-07-28,Approved,,Mobile App,4940.0,7279.56,2025-07-29
APP10875,CUST10664,LEN1011,115000.0,95000.0,31.82,24,Home Renovation,2024-11-20,2024-11-23,Approved,,DSA / Partner,2090.0,5401.12,2024-11-25
APP10876,CUST11067,LEN1001,445000.0,415000.0,15.28,60,Home Renovation,2025-04-05,2025-04-05,Approved,,Direct Telecall,10375.0,9933.92,2025-04-06
APP10877,CUST10385,LEN1014,495000.0,415000.0,17.52,60,Home Renovation,2025-01-21,2025-01-22,Approved,,Branch,7885.0,10430.21,2025-01-22
APP10878,CUST10759,LEN1012,85000.0,80000.0,14.92,18,Medical Emergency,2025-05-26,2025-05-29,Approved,,Direct Telecall,2000.0,4987.77,2025-05-31
APP10879,CUST10722,LEN1018,575000.0,515000.0,28.3,60,Business Expansion,2024-06-29,2024-07-03,Approved,,Mobile App,10300.0,16128.28,2024-07-04
APP10880,CUST11112,LEN1014,105000.0,100000.0,16.32,60,Vehicle Purchase,2024-10-17,2024-10-17,Approved,,Direct Telecall,1900.0,2448.84,2024-10-17
APP10881,CUST10213,LEN1003,340000.0,325000.0,19.34,36,Vehicle Purchase,2025-05-23,2025-05-27,Approved,,Mobile App,4875.0,11969.15,2025-05-27
APP10882,CUST11298,LEN1015,400000.0,390000.0,14.21,60,Personal Expenses,2024-10-23,2024-10-26,Approved,,Direct Telecall,12675.0,9117.13,2024-10-29
APP10883,CUST10235,LEN1007,795000.0,780000.0,29.9,6,Business Expansion,2025-02-26,2025-03-03,Approved,,DSA / Partner,21450.0,141569.51,2025-03-06
APP10884,CUST10016,LEN1012,600000.0,510000.0,25.21,36,Debt Consolidation,2025-11-05,2025-11-08,Approved,,Website,12750.0,20334.2,2025-11-09
APP10885,CUST10009,LEN1014,50000.0,,,6,Home Renovation,2025-06-15,,Pending,,Website,,,
APP10886,CUST11229,LEN1011,180000.0,180000.0,27.24,36,Vehicle Purchase,2025-07-23,2025-07-28,Approved,,Mobile App,3960.0,7371.73,2025-07-31
APP10887,CUST10106,LEN1019,350000.0,,,48,Vehicle Purchase,2024-06-26,,Pending,,Direct Telecall,,,
APP10888,CUST10826,LEN1011,655000.0,590000.0,19.38,24,Education,2024-05-09,2024-05-12,Approved,,Mobile App,12980.0,29850.13,2024-05-14
APP10889,CUST11133,LEN1006,500000.0,445000.0,24.18,12,Medical Emergency,2024-01-27,2024-01-31,Approved,,Mobile App,13350.0,42117.79,2024-02-01
APP10890,CUST10057,LEN1020,300000.0,300000.0,29.84,6,Vehicle Purchase,2024-05-13,2024-05-15,Approved,,Mobile App,10500.0,54440.71,2024-05-16
APP10891,CUST10491,LEN1008,250000.0,240000.0,19.5,36,Education,2025-01-22,2025-01-24,Approved,,Direct Telecall,4800.0,8858.23,2025-01-24
APP10892,CUST10295,LEN1001,215000.0,,,36,Medical Emergency,2025-04-15,,Rejected,Past Loan Default,Mobile App,,,
APP10893,CUST10252,LEN1004,250000.0,225000.0,18.19,18,Home Renovation,2024-03-20,2024-03-21,Approved,,Mobile App,3937.5,14376.69,2024-03-24
APP10894,CUST10207,LEN1016,465000.0,,,24,Medical Emergency,2025-10-02,,Pending,,DSA / Partner,,,
APP10895,CUST10157,LEN1007,200000.0,,,24,Business Expansion,2025-04-06,,Pending,,Direct Telecall,,,
APP10896,CUST10330,LEN1006,290000.0,290000.0,23.47,12,Personal Expenses,2024-12-17,2024-12-21,Approved,,Mobile App,8700.0,27347.96,2024-12-21
APP10897,CUST10325,LEN1017,1000000.0,905000.0,15.1,6,Education,2024-01-31,2024-02-01,Approved,,Branch,19005.0,157545.5,2024-02-02
APP10898,CUST10748,LEN1004,850000.0,,,6,Business Expansion,2024-08-13,,Pending,,Mobile App,,,
APP10899,CUST10171,LEN1005,195000.0,185000.0,24.29,24,Education,2024-12-22,2024-12-25,Approved,,Mobile App,4162.5,9807.95,2024-12-28
APP10900,CUST10894,LEN1017,410000.0,385000.0,16.17,12,Debt Consolidation,2024-07-21,2024-07-23,Approved,,Mobile App,8085.0,34962.36,2024-07-26
APP10901,CUST10211,LEN1019,500000.0,,,36,Debt Consolidation,2024-07-29,,Rejected,Incomplete Documentation,Mobile App,,,
APP10902,CUST11000,LEN1014,510000.0,420000.0,18.29,24,Debt Consolidation,2025-09-29,2025-09-30,Approved,,Website,7980.0,21027.02,2025-10-02
APP10903,CUST10766,LEN1003,120000.0,,,6,Debt Consolidation,2025-02-23,,Pending,,Branch,,,
APP10904,CUST10602,LEN1020,275000.0,225000.0,12.93,48,Business Expansion,2024-01-31,2024-02-03,Approved,,DSA / Partner,7875.0,6028.37,2024-02-04
APP10905,CUST10733,LEN1008,155000.0,,,48,Business Expansion,2024-05-28,,Rejected,KYC Verification Failed,Website,,,
APP10906,CUST10251,LEN1001,245000.0,225000.0,14.53,6,Business Expansion,2025-04-21,2025-04-22,Approved,,Mobile App,5625.0,39105.16,2025-04-22
APP10907,CUST10790,LEN1010,900000.0,770000.0,15.36,36,Education,2025-07-28,2025-08-02,Approved,,Mobile App,19250.0,26828.25,2025-08-02
APP10908,CUST11176,LEN1014,480000.0,405000.0,25.03,24,Business Expansion,2024-07-21,2024-07-24,Approved,,Website,7695.0,21621.56,2024-07-24
APP10909,CUST10563,LEN1014,180000.0,165000.0,14.29,24,Home Renovation,2024-11-30,2024-11-30,Approved,,Branch,3135.0,7944.75,2024-12-02
APP10910,CUST10037,LEN1019,500000.0,,,24,Debt Consolidation,2025-02-16,,Pending,,Mobile App,,,
APP10911,CUST10076,LEN1018,335000.0,,,6,Business Expansion,2024-01-17,,Rejected,Low Credit Score,Direct Telecall,,,
APP10912,CUST10963,LEN1004,620000.0,590000.0,23.06,24,Debt Consolidation,2024-11-20,2024-11-24,Approved,,Website,10325.0,30917.83,2024-11-26
APP10913,CUST11012,LEN1020,175000.0,175000.0,13.95,18,Wedding,2025-10-18,2025-10-20,Approved,,DSA / Partner,6125.0,10831.06,2025-10-20
APP10914,CUST10060,LEN1008,65000.0,65000.0,19.79,6,Home Renovation,2024-11-26,2024-11-27,Approved,,Mobile App,1300.0,11467.16,2024-11-28
APP10915,CUST10181,LEN1007,800000.0,,,60,Business Expansion,2024-01-06,,Pending,,Branch,,,
APP10916,CUST11410,LEN1002,270000.0,265000.0,16.93,60,Personal Expenses,2024-02-19,2024-02-21,Approved,,Mobile App,5300.0,6575.96,2024-02-24
APP10917,CUST10553,LEN1006,500000.0,430000.0,10.94,36,Wedding,2024-05-09,2024-05-13,Approved,,Mobile App,12900.0,14065.43,2024-05-16
APP10918,CUST11305,LEN1015,400000.0,375000.0,13.43,36,Education,2025-05-04,2025-05-06,Approved,,Branch,12187.5,12713.04,2025-05-09
APP10919,CUST10463,LEN1003,330000.0,320000.0,22.29,18,Medical Emergency,2025-07-25,2025-07-30,Approved,,Website,4800.0,21078.18,2025-07-31
APP10920,CUST11424,LEN1003,100000.0,95000.0,14.96,24,Personal Expenses,2024-01-14,2024-01-17,Approved,,Mobile App,1425.0,4604.43,2024-01-18
APP10921,CUST10999,LEN1004,415000.0,,,60,Business Expansion,2025-04-09,,Rejected,Incomplete Documentation,Website,,,
APP10922,CUST10316,LEN1017,150000.0,150000.0,16.12,12,Education,2025-01-29,2025-02-02,Approved,,Website,3150.0,13618.15,2025-02-03
APP10923,CUST10820,LEN1007,105000.0,105000.0,19.14,24,Home Renovation,2024-11-10,2024-11-10,Approved,,Direct Telecall,2887.5,5300.05,2024-11-11
APP10924,CUST10945,LEN1004,475000.0,405000.0,14.98,12,Personal Expenses,2024-07-10,2024-07-14,Approved,,DSA / Partner,7087.5,36550.79,2024-07-17
APP10925,CUST10721,LEN1009,285000.0,240000.0,11.69,36,Medical Emergency,2025-03-17,2025-03-20,Approved,,Website,4320.0,7935.95,2025-03-22
APP10926,CUST10109,LEN1015,165000.0,,,6,Personal Expenses,2025-01-26,,Pending,,Direct Telecall,,,
APP10927,CUST11500,LEN1014,110000.0,,,12,Vehicle Purchase,2025-08-31,,Rejected,KYC Verification Failed,Mobile App,,,
APP10928,CUST11085,LEN1020,205000.0,190000.0,31.76,24,Medical Emergency,2024-02-21,2024-02-22,Approved,,Direct Telecall,6650.0,10796.33,2024-02-22
APP10929,CUST10109,LEN1002,280000.0,240000.0,16.16,12,Medical Emergency,2024-04-13,2024-04-18,Approved,,Branch,4800.0,21793.58,2024-04-21
APP10930,CUST10803,LEN1013,235000.0,195000.0,17.5,48,Debt Consolidation,2024-07-29,2024-08-03,Approved,,DSA / Partner,4680.0,5677.3,2024-08-05
APP10931,CUST11446,LEN1020,120000.0,120000.0,29.77,6,Medical Emergency,2025-05-30,2025-06-04,Approved,,Mobile App,4200.0,21772.03,2025-06-06
APP10932,CUST11409,LEN1008,120000.0,105000.0,11.87,48,Medical Emergency,2024-07-10,2024-07-10,Approved,,Mobile App,2100.0,2758.36,2024-07-13
APP10933,CUST10877,LEN1011,80000.0,75000.0,26.16,18,Medical Emergency,2025-11-26,2025-11-28,Approved,,Mobile App,1650.0,5082.18,2025-12-01
APP10934,CUST11195,LEN1001,840000.0,,,12,Wedding,2024-02-16,,Rejected,Low Credit Score,Mobile App,,,
APP10935,CUST11162,LEN1010,340000.0,,,36,Home Renovation,2024-04-06,,Rejected,Low Credit Score,Mobile App,,,
APP10936,CUST10624,LEN1011,405000.0,,,48,Business Expansion,2024-09-20,,Rejected,Incomplete Documentation,Branch,,,
APP10937,CUST10997,LEN1009,255000.0,,,6,Business Expansion,2024-12-07,,Rejected,Past Loan Default,Website,,,
APP10938,CUST11360,LEN1020,300000.0,290000.0,12.48,18,Personal Expenses,2025-02-24,2025-02-25,Approved,,Mobile App,10150.0,17749.52,2025-02-27
APP10939,CUST11020,LEN1001,200000.0,190000.0,22.05,48,Vehicle Purchase,2024-07-30,2024-08-02,Approved,,Website,4750.0,5991.31,2024-08-02
APP10940,CUST10561,LEN1018,1000000.0,,,24,Home Renovation,2025-11-26,,Rejected,KYC Verification Failed,Website,,,
APP10941,CUST10679,LEN1013,355000.0,,,18,Debt Consolidation,2024-02-12,,Rejected,Past Loan Default,Mobile App,,,
APP10942,CUST11066,LEN1011,195000.0,195000.0,20.09,6,Vehicle Purchase,2025-08-03,2025-08-05,Approved,,DSA / Partner,4290.0,34430.71,2025-08-05
APP10943,CUST10018,LEN1016,470000.0,425000.0,11.37,12,Wedding,2024-06-02,2024-06-06,Approved,,Direct Telecall,11900.0,37635.59,2024-06-07
APP10944,CUST10622,LEN1016,130000.0,,,60,Debt Consolidation,2025-04-09,,Rejected,Low Credit Score,Mobile App,,,
APP10945,CUST10446,LEN1010,365000.0,,,6,Personal Expenses,2024-11-09,,Pending,,DSA / Partner,,,
APP10946,CUST10011,LEN1014,285000.0,235000.0,20.47,60,Personal Expenses,2024-09-14,2024-09-18,Approved,,Mobile App,4465.0,6287.68,2024-09-19
APP10947,CUST10177,LEN1009,225000.0,,,48,Education,2025-08-22,,Pending,,DSA / Partner,,,
APP10948,CUST10166,LEN1010,260000.0,240000.0,23.17,24,Business Expansion,2025-11-25,2025-11-25,Approved,,Mobile App,6000.0,12589.86,2025-11-27
APP10949,CUST10619,LEN1020,270000.0,260000.0,17.21,36,Vehicle Purchase,2024-11-26,2024-11-27,Approved,,Direct Telecall,9100.0,9296.91,2024-11-29
APP10950,CUST10278,LEN1014,150000.0,,,18,Debt Consolidation,2024-10-31,,Pending,,Mobile App,,,
APP10951,CUST11161,LEN1015,135000.0,120000.0,15.61,24,Vehicle Purchase,2024-05-21,2024-05-25,Approved,,Mobile App,3900.0,5853.24,2024-05-27
APP10952,CUST10960,LEN1012,145000.0,140000.0,16.72,24,Vehicle Purchase,2024-01-29,2024-02-01,Approved,,DSA / Partner,3500.0,6903.1,2024-02-01
APP10953,CUST10288,LEN1020,300000.0,260000.0,12.36,60,Education,2025-06-08,2025-06-12,Approved,,Branch,9100.0,5830.97,2025-06-14
APP10954,CUST10110,LEN1013,200000.0,180000.0,10.66,48,Personal Expenses,2025-06-14,2025-06-14,Approved,,DSA / Partner,4320.0,4622.53,2025-06-16
APP10955,CUST11331,LEN1004,245000.0,230000.0,31.2,6,Debt Consolidation,2025-05-08,2025-05-08,Approved,,Branch,4025.0,41896.25,2025-05-08
APP10956,CUST11437,LEN1007,395000.0,385000.0,15.46,36,Wedding,2024-08-16,2024-08-17,Approved,,Mobile App,10587.5,13433.04,2024-08-19
APP10957,CUST11287,LEN1010,330000.0,275000.0,10.7,6,Wedding,2025-12-05,2025-12-06,Approved,,Branch,6875.0,47274.3,2025-12-06
APP10958,CUST11065,LEN1004,115000.0,100000.0,13.76,6,Wedding,2025-06-01,2025-06-01,Approved,,Mobile App,1750.0,17341.91,2025-06-03
APP10959,CUST10829,LEN1016,495000.0,,,60,Education,2024-09-23,,Pending,,Branch,,,
APP10960,CUST11255,LEN1015,400000.0,,,36,Medical Emergency,2024-05-29,,Rejected,Incomplete Documentation,DSA / Partner,,,
APP10961,CUST10045,LEN1006,255000.0,,,48,Education,2025-06-07,,Rejected,Incomplete Documentation,Mobile App,,,
APP10962,CUST11433,LEN1018,110000.0,90000.0,15.31,24,Debt Consolidation,2025-11-14,2025-11-16,Approved,,Website,1800.0,4377.07,2025-11-18
APP10963,CUST10802,LEN1013,500000.0,,,6,Wedding,2025-03-11,,Rejected,High Debt-to-Income Ratio,DSA / Partner,,,
APP10964,CUST10058,LEN1010,505000.0,435000.0,12.44,36,Vehicle Purchase,2025-08-17,2025-08-22,Approved,,Mobile App,10875.0,14539.81,2025-08-25
APP10965,CUST10088,LEN1012,480000.0,,,24,Wedding,2024-01-10,,Pending,,Website,,,
APP10966,CUST10325,LEN1012,600000.0,525000.0,13.78,60,Education,2025-06-21,2025-06-26,Approved,,Website,13125.0,12156.03,2025-06-27
APP10967,CUST10721,LEN1019,500000.0,,,48,Home Renovation,2025-11-05,,Pending,,Website,,,
APP10968,CUST10621,LEN1013,75000.0,70000.0,17.39,60,Wedding,2025-04-28,2025-05-03,Approved,,DSA / Partner,1680.0,1754.39,2025-05-05
APP10969,CUST10266,LEN1011,220000.0,215000.0,10.7,36,Business Expansion,2025-09-24,2025-09-24,Approved,,Branch,4730.0,7008.32,2025-09-25
APP10970,CUST10475,LEN1004,1000000.0,995000.0,20.16,24,Wedding,2024-08-25,2024-08-30,Approved,,Website,17412.5,50719.13,2024-08-31
APP10971,CUST10216,LEN1006,320000.0,,,24,Vehicle Purchase,2024-03-04,,Rejected,Past Loan Default,Mobile App,,,
APP10972,CUST10513,LEN1004,60000.0,55000.0,20.3,48,Medical Emergency,2025-01-18,2025-01-19,Approved,,DSA / Partner,962.5,1682.47,2025-01-21
APP10973,CUST10221,LEN1015,305000.0,,,48,Education,2024-09-15,,Rejected,Insufficient Monthly Income,Mobile App,,,
APP10974,CUST10897,LEN1010,340000.0,325000.0,27.23,48,Home Renovation,2025-06-25,2025-06-29,Approved,,DSA / Partner,8125.0,11184.21,2025-06-29
APP10975,CUST11289,LEN1004,165000.0,160000.0,23.88,60,Home Renovation,2025-01-03,2025-01-03,Approved,,Mobile App,2800.0,4591.74,2025-01-05
APP10976,CUST10380,LEN1017,710000.0,640000.0,14.63,60,Education,2025-04-30,2025-05-04,Approved,,Branch,13440.0,15101.54,2025-05-05
APP10977,CUST10138,LEN1015,255000.0,,,24,Medical Emergency,2024-03-21,,Pending,,Branch,,,
APP10978,CUST10261,LEN1017,375000.0,,,6,Wedding,2024-02-22,,Rejected,Past Loan Default,Mobile App,,,
APP10979,CUST11108,LEN1011,75000.0,70000.0,21.43,60,Debt Consolidation,2025-02-03,2025-02-04,Approved,,Website,1540.0,1910.71,2025-02-06
APP10980,CUST10154,LEN1018,675000.0,550000.0,19.67,60,Debt Consolidation,2025-09-25,2025-09-25,Approved,,DSA / Partner,11000.0,14470.83,2025-09-28
APP10981,CUST10539,LEN1001,155000.0,150000.0,16.86,24,Debt Consolidation,2024-12-08,2024-12-09,Approved,,Mobile App,3750.0,7406.25,2024-12-11
APP10982,CUST11359,LEN1002,325000.0,320000.0,24.03,6,Personal Expenses,2024-03-13,2024-03-17,Approved,,Website,6400.0,57133.08,2024-03-17
APP10983,CUST11130,LEN1016,470000.0,425000.0,14.25,18,Personal Expenses,2024-02-06,2024-02-08,Approved,,Mobile App,11900.0,26363.76,2024-02-11
APP10984,CUST10979,LEN1010,595000.0,570000.0,25.08,12,Personal Expenses,2024-01-27,2024-01-31,Approved,,Mobile App,14250.0,54197.33,2024-02-03
APP10985,CUST11397,LEN1001,185000.0,155000.0,24.54,6,Vehicle Purchase,2025-12-13,2025-12-17,Approved,,DSA / Partner,3875.0,27713.54,2025-12-18
APP10986,CUST10237,LEN1015,95000.0,85000.0,16.26,36,Business Expansion,2024-07-17,2024-07-18,Approved,,Website,2762.5,2999.27,2024-07-19
APP10987,CUST10189,LEN1019,110000.0,105000.0,10.73,24,Personal Expenses,2024-09-12,2024-09-13,Approved,,Mobile App,3150.0,4880.67,2024-09-16
APP10988,CUST10370,LEN1010,130000.0,,,18,Education,2024-05-12,,Rejected,Past Loan Default,Website,,,
APP10989,CUST10815,LEN1016,1000000.0,,,48,Medical Emergency,2024-09-13,,Rejected,Past Loan Default,Mobile App,,,
APP10990,CUST10422,LEN1016,170000.0,160000.0,16.33,60,Business Expansion,2025-03-30,2025-04-03,Approved,,Mobile App,4480.0,3919.0,2025-04-05
APP10991,CUST11339,LEN1008,665000.0,600000.0,21.36,18,Business Expansion,2025-07-08,2025-07-11,Approved,,Direct Telecall,12000.0,39251.3,2025-07-14
APP10992,CUST10573,LEN1003,130000.0,,,12,Education,2025-07-20,,Rejected,High Debt-to-Income Ratio,Website,,,
APP10993,CUST10252,LEN1012,600000.0,,,60,Home Renovation,2024-08-28,,Pending,,Mobile App,,,
APP10994,CUST11431,LEN1015,300000.0,,,24,Medical Emergency,2025-05-25,,Pending,,Mobile App,,,
APP10995,CUST10070,LEN1009,345000.0,295000.0,24.09,24,Debt Consolidation,2024-03-02,2024-03-05,Approved,,Mobile App,5310.0,15610.23,2024-03-05
APP10996,CUST10784,LEN1013,175000.0,165000.0,23.71,12,Education,2024-07-07,2024-07-12,Approved,,DSA / Partner,3960.0,15579.19,2024-07-14
APP10997,CUST10065,LEN1018,1000000.0,,,6,Business Expansion,2025-08-28,,Rejected,High Debt-to-Income Ratio,Website,,,
APP10998,CUST10057,LEN1011,665000.0,640000.0,29.36,36,Vehicle Purchase,2024-02-28,2024-03-04,Approved,,DSA / Partner,14080.0,26945.15,2024-03-06
APP10999,CUST11096,LEN1015,220000.0,195000.0,13.48,48,Debt Consolidation,2025-01-25,2025-01-26,Approved,,Mobile App,6337.5,5277.94,2025-01-27
APP11000,CUST10032,LEN1009,415000.0,355000.0,23.9,18,Medical Emergency,2025-07-09,2025-07-09,Approved,,Mobile App,6390.0,23661.9,2025-07-11
APP11001,CUST10741,LEN1009,395000.0,360000.0,11.46,60,Personal Expenses,2024-11-10,2024-11-12,Approved,,Mobile App,6480.0,7910.11,2024-11-13
APP11002,CUST10909,LEN1015,115000.0,105000.0,13.03,6,Wedding,2025-01-02,2025-01-03,Approved,,Mobile App,3412.5,18171.06,2025-01-06
APP11003,CUST10120,LEN1019,475000.0,,,18,Business Expansion,2025-03-27,,Rejected,High Debt-to-Income Ratio,Mobile App,,,
APP11004,CUST10529,LEN1009,170000.0,140000.0,20.43,24,Home Renovation,2025-10-07,2025-10-12,Approved,,Mobile App,2520.0,7154.86,2025-10-12
APP11005,CUST10477,LEN1004,395000.0,320000.0,19.76,12,Wedding,2024-11-20,2024-11-20,Approved,,Branch,5600.0,29606.3,2024-11-22
APP11006,CUST10528,LEN1001,440000.0,405000.0,22.81,60,Business Expansion,2024-02-15,2024-02-15,Approved,,Branch,10125.0,11372.97,2024-02-18
APP11007,CUST10232,LEN1017,240000.0,,,12,Business Expansion,2025-01-15,,Pending,,Branch,,,
APP11008,CUST11395,LEN1014,210000.0,180000.0,20.07,24,Debt Consolidation,2024-01-26,2024-01-28,Approved,,Mobile App,3420.0,9167.4,2024-01-31
APP11009,CUST11336,LEN1012,525000.0,,,18,Personal Expenses,2025-01-12,,Rejected,Low Credit Score,Mobile App,,,
APP11010,CUST10596,LEN1005,390000.0,,,6,Medical Emergency,2024-08-04,,Pending,,Branch,,,
APP11011,CUST10642,LEN1017,490000.0,475000.0,26.29,48,Business Expansion,2025-01-22,2025-01-27,Approved,,Mobile App,9975.0,16093.32,2025-01-28
APP11012,CUST10781,LEN1003,375000.0,365000.0,12.08,12,Vehicle Purchase,2024-05-04,2024-05-04,Approved,,Branch,5475.0,32443.47,2024-05-07
APP11013,CUST11351,LEN1017,370000.0,320000.0,11.23,18,Debt Consolidation,2025-08-12,2025-08-13,Approved,,Mobile App,6720.0,19399.99,2025-08-15
APP11014,CUST10473,LEN1015,220000.0,,,6,Education,2025-02-23,,Pending,,DSA / Partner,,,
APP11015,CUST10742,LEN1003,185000.0,165000.0,11.19,36,Medical Emergency,2025-10-31,2025-11-03,Approved,,Website,2475.0,5416.75,2025-11-04
APP11016,CUST11167,LEN1005,580000.0,,,12,Vehicle Purchase,2025-08-21,,Rejected,Incomplete Documentation,Direct Telecall,,,
APP11017,CUST10283,LEN1020,180000.0,145000.0,23.16,18,Business Expansion,2024-04-30,2024-05-01,Approved,,Website,5075.0,9612.38,2024-05-04
APP11018,CUST11296,LEN1007,485000.0,430000.0,24.85,24,Personal Expenses,2024-05-03,2024-05-08,Approved,,Mobile App,11825.0,22917.4,2024-05-11
APP11019,CUST10207,LEN1005,500000.0,,,60,Vehicle Purchase,2025-12-07,,Pending,,Mobile App,,,
APP11020,CUST10342,LEN1003,95000.0,80000.0,24.51,60,Vehicle Purchase,2024-12-28,2024-12-29,Approved,,DSA / Partner,1200.0,2325.18,2024-12-31
APP11021,CUST10244,LEN1011,360000.0,295000.0,20.65,18,Medical Emergency,2024-02-16,2024-02-19,Approved,,Direct Telecall,6490.0,19197.45,2024-02-22
APP11022,CUST11292,LEN1015,295000.0,,,24,Debt Consolidation,2024-05-17,,Pending,,DSA / Partner,,,
APP11023,CUST10376,LEN1019,500000.0,,,36,Medical Emergency,2024-01-08,,Rejected,Past Loan Default,Mobile App,,,
APP11024,CUST11215,LEN1012,600000.0,,,24,Vehicle Purchase,2025-03-25,,Pending,,Website,,,
APP11025,CUST10362,LEN1017,440000.0,395000.0,13.74,18,Medical Emergency,2024-10-31,2024-11-04,Approved,,Mobile App,8295.0,24408.4,2024-11-07
APP11026,CUST10585,LEN1011,295000.0,285000.0,19.83,60,Home Renovation,2024-02-12,2024-02-17,Approved,,Mobile App,6270.0,7523.82,2024-02-18
APP11027,CUST10882,LEN1017,235000.0,200000.0,26.8,36,Business Expansion,2024-12-21,2024-12-23,Approved,,Mobile App,4200.0,8143.6,2024-12-26
APP11028,CUST10899,LEN1008,1000000.0,985000.0,12.5,18,Debt Consolidation,2024-04-18,2024-04-19,Approved,,Branch,19700.0,60296.35,2024-04-19
APP11029,CUST10424,LEN1018,350000.0,345000.0,20.82,60,Home Renovation,2025-09-04,2025-09-08,Approved,,Mobile App,6900.0,9298.51,2025-09-09
APP11030,CUST10014,LEN1016,570000.0,565000.0,19.11,6,Business Expansion,2024-10-15,2024-10-20,Approved,,Mobile App,15820.0,99484.38,2024-10-23
APP11031,CUST11067,LEN1005,385000.0,340000.0,14.85,18,Medical Emergency,2024-05-02,2024-05-04,Approved,,Direct Telecall,7650.0,21186.83,2024-05-04
APP11032,CUST10281,LEN1009,750000.0,710000.0,22.7,6,Business Expansion,2024-08-15,2024-08-19,Approved,,Mobile App,12780.0,126290.31,2024-08-21
APP11033,CUST10566,LEN1015,335000.0,,,36,Medical Emergency,2025-12-05,,Rejected,KYC Verification Failed,Direct Telecall,,,
APP11034,CUST10079,LEN1014,75000.0,70000.0,25.4,48,Business Expansion,2025-07-25,2025-07-25,Approved,,Mobile App,1330.0,2336.64,2025-07-25
APP11035,CUST10504,LEN1005,335000.0,285000.0,14.04,60,Education,2024-07-19,2024-07-20,Approved,,Direct Telecall,6412.5,6637.36,2024-07-23
APP11036,CUST10579,LEN1005,650000.0,,,6,Education,2025-03-20,,Rejected,Low Credit Score,Mobile App,,,
APP11037,CUST11005,LEN1018,375000.0,,,48,Home Renovation,2025-03-04,,Rejected,Incomplete Documentation,Mobile App,,,
APP11038,CUST10539,LEN1020,300000.0,270000.0,19.49,36,Education,2024-12-23,2024-12-24,Approved,,Direct Telecall,9450.0,9964.14,2024-12-26
APP11039,CUST10475,LEN1010,900000.0,,,24,Vehicle Purchase,2024-12-31,,Rejected,Past Loan Default,Branch,,,
APP11040,CUST10986,LEN1010,120000.0,105000.0,24.35,6,Debt Consolidation,2025-04-02,2025-04-02,Approved,,DSA / Partner,2625.0,18763.67,2025-04-03
APP11041,CUST10952,LEN1011,660000.0,630000.0,11.95,18,Vehicle Purchase,2024-05-11,2024-05-14,Approved,,Direct Telecall,13860.0,38404.06,2024-05-17
APP11042,CUST11408,LEN1008,95000.0,85000.0,18.02,18,Education,2024-03-03,2024-03-08,Approved,,DSA / Partner,1700.0,5424.3,2024-03-10
APP11043,CUST10843,LEN1013,500000.0,,,24,Vehicle Purchase,2024-02-25,,Rejected,KYC Verification Failed,Website,,,
APP11044,CUST10995,LEN1008,200000.0,175000.0,19.12,60,Personal Expenses,2025-04-03,2025-04-04,Approved,,Website,3500.0,4551.16,2025-04-05
APP11045,CUST11281,LEN1004,1000000.0,,,36,Business Expansion,2025-09-11,,Rejected,Past Loan Default,Mobile App,,,
APP11046,CUST10041,LEN1001,545000.0,445000.0,16.82,6,Business Expansion,2025-07-20,2025-07-21,Approved,,Website,11125.0,77847.36,2025-07-23
APP11047,CUST11097,LEN1007,800000.0,,,60,Vehicle Purchase,2024-08-22,,Rejected,KYC Verification Failed,Direct Telecall,,,
APP11048,CUST10331,LEN1012,600000.0,580000.0,15.79,12,Education,2024-02-06,2024-02-10,Approved,,Mobile App,14500.0,52566.28,2024-02-10
APP11049,CUST11028,LEN1013,500000.0,,,6,Home Renovation,2024-11-04,,Pending,,Website,,,
APP11050,CUST10050,LEN1008,710000.0,675000.0,12.94,48,Education,2024-10-05,2024-10-08,Approved,,Mobile App,13500.0,18088.47,2024-10-11
APP11051,CUST10269,LEN1009,750000.0,605000.0,19.87,6,Medical Emergency,2025-03-01,2025-03-05,Approved,,Branch,10890.0,106757.01,2025-03-06
APP11052,CUST10196,LEN1019,375000.0,,,12,Debt Consolidation,2025-03-11,,Rejected,Past Loan Default,Website,,,
APP11053,CUST10048,LEN1010,860000.0,,,12,Medical Emergency,2025-11-02,,Rejected,Past Loan Default,Website,,,
APP11054,CUST10966,LEN1013,265000.0,225000.0,27.78,6,Education,2025-07-28,2025-08-02,Approved,,DSA / Partner,5400.0,40596.37,2025-08-03
APP11055,CUST10784,LEN1001,335000.0,315000.0,23.32,48,Vehicle Purchase,2025-07-13,2025-07-17,Approved,,Website,7875.0,10151.52,2025-07-17
APP11056,CUST10814,LEN1008,195000.0,,,24,Medical Emergency,2024-11-14,,Pending,,Direct Telecall,,,
APP11057,CUST10681,LEN1005,575000.0,485000.0,25.72,6,Medical Emergency,2024-06-22,2024-06-26,Approved,,Branch,10912.5,87004.31,2024-06-27
APP11058,CUST10172,LEN1005,110000.0,105000.0,16.86,60,Wedding,2025-08-03,2025-08-06,Approved,,Branch,2362.5,2601.62,2025-08-08
APP11059,CUST10844,LEN1010,900000.0,,,60,Home Renovation,2024-11-25,,Rejected,Incomplete Documentation,Mobile App,,,
APP11060,CUST11158,LEN1020,300000.0,285000.0,12.88,6,Debt Consolidation,2024-08-02,2024-08-06,Approved,,Direct Telecall,9975.0,49300.29,2024-08-09
APP11061,CUST10642,LEN1008,270000.0,260000.0,31.96,48,Wedding,2025-07-22,2025-07-22,Approved,,Branch,5200.0,9660.26,2025-07-22
APP11062,CUST10872,LEN1003,335000.0,320000.0,17.33,60,Personal Expenses,2025-06-16,2025-06-19,Approved,,Mobile App,4800.0,8009.72,2025-06-19
APP11063,CUST10080,LEN1014,535000.0,,,48,Wedding,2025-07-14,,Rejected,Insufficient Monthly Income,Mobile App,,,
APP11064,CUST10818,LEN1001,215000.0,185000.0,28.0,24,Debt Consolidation,2025-11-23,2025-11-25,Approved,,Direct Telecall,4625.0,10154.37,2025-11-26
APP11065,CUST10290,LEN1010,370000.0,,,12,Business Expansion,2025-09-11,,Pending,,Branch,,,
APP11066,CUST10515,LEN1016,720000.0,,,18,Home Renovation,2025-06-20,,Rejected,Incomplete Documentation,Mobile App,,,
APP11067,CUST10971,LEN1001,355000.0,355000.0,26.13,12,Home Renovation,2024-03-09,2024-03-14,Approved,,DSA / Partner,8875.0,33935.66,2024-03-15
APP11068,CUST10409,LEN1004,605000.0,540000.0,21.87,18,Medical Emergency,2025-10-01,2025-10-03,Approved,,Mobile App,9450.0,35459.45,2025-10-04
APP11069,CUST10707,LEN1001,765000.0,725000.0,22.9,18,Debt Consolidation,2025-08-21,2025-08-24,Approved,,DSA / Partner,18125.0,47970.14,2025-08-26
APP11070,CUST11150,LEN1018,335000.0,275000.0,11.15,12,Medical Emergency,2024-06-05,2024-06-06,Approved,,Branch,5500.0,24324.2,2024-06-08
APP11071,CUST11155,LEN1004,240000.0,230000.0,12.28,36,Vehicle Purchase,2025-08-12,2025-08-14,Approved,,Website,4025.0,7670.09,2025-08-17
APP11072,CUST10429,LEN1006,75000.0,60000.0,10.99,12,Education,2025-09-21,2025-09-21,Approved,,Mobile App,1800.0,5302.62,2025-09-23
APP11073,CUST10160,LEN1002,430000.0,385000.0,17.93,60,Wedding,2025-11-11,2025-11-11,Approved,,DSA / Partner,7700.0,9761.81,2025-11-12
APP11074,CUST11148,LEN1013,500000.0,485000.0,17.99,24,Wedding,2024-11-15,2024-11-15,Approved,,Website,11640.0,24210.85,2024-11-16
APP11075,CUST10341,LEN1009,305000.0,275000.0,12.87,60,Vehicle Purchase,2025-03-28,2025-04-02,Approved,,Branch,4950.0,6238.81,2025-04-02
APP11076,CUST11143,LEN1014,255000.0,245000.0,14.6,12,Personal Expenses,2025-04-22,2025-04-25,Approved,,Website,4655.0,22067.07,2025-04-26
APP11077,CUST11264,LEN1018,785000.0,775000.0,25.98,12,Vehicle Purchase,2024-07-02,2024-07-03,Approved,,Website,15500.0,74028.32,2024-07-06
APP11078,CUST10740,LEN1017,120000.0,,,36,Debt Consolidation,2024-04-06,,Pending,,Website,,,
APP11079,CUST10756,LEN1009,260000.0,,,6,Debt Consolidation,2025-10-24,,Rejected,KYC Verification Failed,Mobile App,,,
APP11080,CUST11315,LEN1016,420000.0,340000.0,12.22,48,Debt Consolidation,2025-10-02,2025-10-02,Approved,,Website,9520.0,8990.27,2025-10-05
APP11081,CUST11245,LEN1015,400000.0,320000.0,16.19,24,Medical Emergency,2025-01-13,2025-01-14,Approved,,Mobile App,10400.0,15697.26,2025-01-15
APP11082,CUST10270,LEN1003,320000.0,295000.0,10.69,60,Medical Emergency,2025-03-30,2025-03-30,Approved,,Mobile App,4425.0,6368.5,2025-04-01
APP11083,CUST10398,LEN1020,290000.0,285000.0,15.3,18,Business Expansion,2024-06-22,2024-06-24,Approved,,Direct Telecall,9975.0,17819.93,2024-06-24
APP11084,CUST11361,LEN1013,500000.0,485000.0,12.0,48,Personal Expenses,2024-07-16,2024-07-21,Approved,,Mobile App,11640.0,12771.91,2024-07-23
APP11085,CUST10172,LEN1006,115000.0,,,18,Education,2025-06-01,,Rejected,Insufficient Monthly Income,Direct Telecall,,,
APP11086,CUST10355,LEN1001,385000.0,345000.0,25.2,36,Business Expansion,2024-12-15,2024-12-15,Approved,,Mobile App,8625.0,13753.66,2024-12-18
APP11087,CUST10181,LEN1004,1000000.0,,,12,Medical Emergency,2024-11-21,,Rejected,Past Loan Default,Mobile App,,,
APP11088,CUST11284,LEN1001,660000.0,,,60,Personal Expenses,2025-10-15,,Rejected,KYC Verification Failed,Mobile App,,,
APP11089,CUST10943,LEN1003,525000.0,,,12,Debt Consolidation,2025-10-19,,Pending,,Direct Telecall,,,
APP11090,CUST10392,LEN1005,215000.0,180000.0,11.45,24,Debt Consolidation,2024-10-12,2024-10-13,Approved,,Mobile App,4050.0,8427.07,2024-10-14
APP11091,CUST10559,LEN1007,295000.0,250000.0,18.76,18,Debt Consolidation,2025-03-26,2025-03-30,Approved,,Direct Telecall,6875.0,16042.16,2025-04-01
APP11092,CUST10715,LEN1017,290000.0,255000.0,18.97,48,Home Renovation,2025-08-22,2025-08-23,Approved,,Mobile App,5355.0,7620.49,2025-08-26
APP11093,CUST10711,LEN1010,85000.0,,,48,Debt Consolidation,2025-06-09,,Pending,,Mobile App,,,
APP11094,CUST10432,LEN1009,255000.0,240000.0,17.42,18,Personal Expenses,2025-06-13,2025-06-14,Approved,,Mobile App,4320.0,15247.11,2025-06-17
APP11095,CUST11202,LEN1011,135000.0,,,24,Personal Expenses,2024-04-17,,Pending,,Website,,,
APP11096,CUST11290,LEN1012,600000.0,520000.0,24.27,6,Home Renovation,2025-05-01,2025-05-01,Approved,,DSA / Partner,13000.0,92903.93,2025-05-02
APP11097,CUST10734,LEN1010,280000.0,270000.0,11.87,36,Home Renovation,2025-03-25,2025-03-29,Approved,,Mobile App,6750.0,8951.11,2025-04-01
APP11098,CUST11497,LEN1013,235000.0,215000.0,23.46,12,Debt Consolidation,2025-01-17,2025-01-20,Approved,,Direct Telecall,5160.0,20274.17,2025-01-22
APP11099,CUST10083,LEN1008,750000.0,715000.0,25.77,36,Medical Emergency,2025-03-12,2025-03-15,Approved,,DSA / Partner,14300.0,28720.26,2025-03-15
APP11100,CUST10336,LEN1017,140000.0,115000.0,22.73,18,Education,2024-05-22,2024-05-22,Approved,,Branch,2415.0,7599.55,2024-05-22
APP11101,CUST10634,LEN1005,195000.0,155000.0,21.82,24,Vehicle Purchase,2025-04-16,2025-04-17,Approved,,Mobile App,3487.5,8027.34,2025-04-19
APP11102,CUST10630,LEN1003,120000.0,115000.0,17.28,60,Education,2024-04-02,2024-04-06,Approved,,DSA / Partner,1725.0,2875.39,2024-04-08
APP11103,CUST10011,LEN1016,175000.0,,,6,Wedding,2025-12-04,,Pending,,Branch,,,
APP11104,CUST10808,LEN1007,555000.0,530000.0,26.67,48,Vehicle Purchase,2024-09-05,2024-09-06,Approved,,DSA / Partner,14575.0,18070.53,2024-09-08
APP11105,CUST10274,LEN1013,500000.0,455000.0,22.8,18,Vehicle Purchase,2025-02-07,2025-02-12,Approved,,Branch,10920.0,30083.27,2025-02-12
APP11106,CUST10455,LEN1020,225000.0,205000.0,10.5,12,Business Expansion,2024-12-14,2024-12-18,Approved,,Website,7175.0,18070.46,2024-12-21
APP11107,CUST10159,LEN1008,260000.0,,,12,Personal Expenses,2024-11-05,,Pending,,Mobile App,,,
APP11108,CUST10892,LEN1003,255000.0,,,48,Home Renovation,2024-06-03,,Rejected,KYC Verification Failed,DSA / Partner,,,
APP11109,CUST10638,LEN1013,455000.0,,,24,Personal Expenses,2025-03-07,,Pending,,Website,,,
APP11110,CUST10368,LEN1006,500000.0,435000.0,30.42,36,Medical Emergency,2024-03-25,2024-03-30,Approved,,DSA / Partner,13050.0,18566.65,2024-04-02
APP11111,CUST10026,LEN1006,500000.0,400000.0,15.5,36,Vehicle Purchase,2025-04-10,2025-04-15,Approved,,Direct Telecall,12000.0,13964.27,2025-04-18
APP11112,CUST10866,LEN1002,260000.0,235000.0,20.04,18,Medical Emergency,2025-04-06,2025-04-11,Approved,,Branch,4700.0,15223.87,2025-04-13
APP11113,CUST11096,LEN1012,100000.0,95000.0,10.74,12,Vehicle Purchase,2025-01-27,2025-01-27,Approved,,Branch,2375.0,8384.74,2025-01-29
APP11114,CUST11450,LEN1019,90000.0,,,36,Wedding,2024-02-19,,Pending,,DSA / Partner,,,
APP11115,CUST10952,LEN1010,155000.0,125000.0,12.3,60,Wedding,2025-01-10,2025-01-12,Approved,,DSA / Partner,3125.0,2799.54,2025-01-14
APP11116,CUST10872,LEN1011,525000.0,440000.0,18.17,60,Personal Expenses,2024-09-30,2024-09-30,Approved,,Branch,9680.0,11213.84,2024-10-03
APP11117,CUST10665,LEN1010,900000.0,815000.0,18.34,36,Medical Emergency,2024-02-07,2024-02-08,Approved,,Website,20375.0,29603.4,2024-02-08
APP11118,CUST11096,LEN1004,105000.0,90000.0,11.87,12,Wedding,2024-10-08,2024-10-12,Approved,,DSA / Partner,1575.0,7990.92,2024-10-13
APP11119,CUST11073,LEN1019,285000.0,235000.0,13.43,6,Business Expansion,2024-02-09,2024-02-14,Approved,,Website,7050.0,40715.09,2024-02-14
APP11120,CUST10783,LEN1017,905000.0,800000.0,10.57,6,Business Expansion,2024-11-05,2024-11-10,Approved,,Direct Telecall,16800.0,137473.93,2024-11-12
APP11121,CUST11478,LEN1003,305000.0,260000.0,11.41,24,Medical Emergency,2025-08-07,2025-08-11,Approved,,Mobile App,3900.0,12167.59,2025-08-12
APP11122,CUST11422,LEN1002,330000.0,,,24,Education,2024-10-08,,Pending,,DSA / Partner,,,
APP11123,CUST11411,LEN1006,200000.0,195000.0,24.42,48,Personal Expenses,2025-02-12,2025-02-14,Approved,,Branch,5850.0,6402.72,2025-02-14
APP11124,CUST10834,LEN1007,95000.0,,,24,Home Renovation,2024-09-30,,Pending,,Website,,,
APP11125,CUST10948,LEN1020,300000.0,,,48,Business Expansion,2024-08-14,,Pending,,Mobile App,,,
APP11126,CUST10461,LEN1001,220000.0,,,12,Medical Emergency,2024-10-21,,Rejected,Incomplete Documentation,Branch,,,
APP11127,CUST11459,LEN1020,300000.0,,,36,Vehicle Purchase,2025-09-01,,Pending,,Direct Telecall,,,
APP11128,CUST10674,LEN1018,350000.0,,,36,Personal Expenses,2024-12-14,,Rejected,KYC Verification Failed,Website,,,
APP11129,CUST10710,LEN1015,60000.0,,,60,Wedding,2025-06-29,,Pending,,Mobile App,,,
APP11130,CUST11429,LEN1006,425000.0,,,18,Vehicle Purchase,2025-11-07,,Rejected,Past Loan Default,Mobile App,,,
APP11131,CUST10161,LEN1016,140000.0,120000.0,17.88,18,Medical Emergency,2025-06-26,2025-06-28,Approved,,Mobile App,3360.0,7649.83,2025-07-01
APP11132,CUST11382,LEN1015,95000.0,85000.0,28.55,36,Home Renovation,2024-12-26,2024-12-26,Approved,,Branch,2762.5,3541.21,2024-12-28
APP11133,CUST11140,LEN1016,445000.0,440000.0,17.14,24,Home Renovation,2025-09-13,2025-09-16,Approved,,DSA / Partner,12320.0,21784.21,2025-09-17
APP11134,CUST10433,LEN1004,745000.0,680000.0,28.18,12,Home Renovation,2025-02-14,2025-02-15,Approved,,Direct Telecall,11900.0,65683.97,2025-02-18
APP11135,CUST11228,LEN1009,400000.0,395000.0,24.83,18,Medical Emergency,2025-12-04,2025-12-06,Approved,,Direct Telecall,7110.0,26507.83,2025-12-09
APP11136,CUST10462,LEN1013,160000.0,160000.0,11.03,24,Debt Consolidation,2024-06-09,2024-06-11,Approved,,DSA / Partner,3840.0,7459.48,2024-06-11
APP11137,CUST11091,LEN1011,1000000.0,,,48,Home Renovation,2024-04-10,,Rejected,Insufficient Monthly Income,Direct Telecall,,,
APP11138,CUST11189,LEN1014,665000.0,,,24,Education,2024-01-30,,Rejected,Past Loan Default,Direct Telecall,,,
APP11139,CUST10460,LEN1005,445000.0,,,36,Medical Emergency,2025-08-07,,Rejected,Incomplete Documentation,Branch,,,
APP11140,CUST10838,LEN1001,600000.0,,,12,Home Renovation,2025-10-02,,Pending,,Branch,,,
APP11141,CUST10967,LEN1003,505000.0,490000.0,13.05,6,Vehicle Purchase,2025-06-07,2025-06-08,Approved,,Branch,7350.0,84803.12,2025-06-11
APP11142,CUST10756,LEN1008,130000.0,110000.0,25.48,48,Education,2024-05-15,2024-05-16,Approved,,Website,2200.0,3676.79,2024-05-19
APP11143,CUST10941,LEN1008,495000.0,445000.0,13.92,24,Education,2025-04-17,2025-04-21,Approved,,Mobile App,8900.0,21348.92,2025-04-23
APP11144,CUST10327,LEN1008,445000.0,415000.0,28.5,6,Personal Expenses,2024-02-03,2024-02-07,Approved,,Direct Telecall,8300.0,75028.57,2024-02-10
APP11145,CUST10790,LEN1003,1000000.0,930000.0,15.15,18,Medical Emergency,2025-09-13,2025-09-13,Approved,,Direct Telecall,13950.0,58083.53,2025-09-16
APP11146,CUST10985,LEN1002,425000.0,400000.0,18.85,24,Personal Expenses,2025-02-13,2025-02-18,Approved,,Website,8000.0,20134.31,2025-02-21
APP11147,CUST10878,LEN1004,175000.0,165000.0,18.21,60,Debt Consolidation,2024-04-24,2024-04-29,Approved,,Branch,2887.5,4208.79,2024-05-01
APP11148,CUST10291,LEN1008,1000000.0,930000.0,13.81,12,Debt Consolidation,2024-12-03,2024-12-08,Approved,,Mobile App,18600.0,83418.9,2024-12-11
APP11149,CUST10502,LEN1009,185000.0,175000.0,23.88,48,Wedding,2025-04-06,2025-04-10,Approved,,Website,3150.0,5693.72,2025-04-10
APP11150,CUST10287,LEN1005,900000.0,,,6,Education,2025-07-31,,Rejected,KYC Verification Failed,Website,,,
APP11151,CUST11462,LEN1010,610000.0,525000.0,15.67,48,Home Renovation,2025-10-11,2025-10-16,Approved,,Branch,13125.0,14790.07,2025-10-18
APP11152,CUST10317,LEN1005,180000.0,150000.0,25.27,18,Vehicle Purchase,2025-10-14,2025-10-18,Approved,,Website,3375.0,10098.66,2025-10-20
APP11153,CUST10304,LEN1019,280000.0,,,18,Vehicle Purchase,2025-09-25,,Pending,,DSA / Partner,,,
APP11154,CUST10349,LEN1012,175000.0,,,36,Business Expansion,2025-01-18,,Pending,,Branch,,,
APP11155,CUST10775,LEN1016,985000.0,965000.0,16.66,60,Wedding,2025-05-10,2025-05-10,Approved,,Mobile App,27020.0,23806.67,2025-05-12
APP11156,CUST10461,LEN1010,90000.0,85000.0,14.63,12,Debt Consolidation,2024-05-02,2024-05-05,Approved,,Branch,2125.0,7657.12,2024-05-05
APP11157,CUST11074,LEN1008,1000000.0,,,18,Personal Expenses,2025-10-03,,Rejected,Low Credit Score,DSA / Partner,,,
APP11158,CUST10675,LEN1017,80000.0,75000.0,27.56,36,Medical Emergency,2025-04-02,2025-04-04,Approved,,Mobile App,1575.0,3084.47,2025-04-05
APP11159,CUST11413,LEN1008,75000.0,,,48,Wedding,2024-02-11,,Pending,,Mobile App,,,
APP11160,CUST11248,LEN1009,210000.0,,,6,Education,2024-03-06,,Rejected,High Debt-to-Income Ratio,Direct Telecall,,,
APP11161,CUST11071,LEN1010,150000.0,135000.0,17.03,12,Education,2025-08-18,2025-08-18,Approved,,Branch,3375.0,12314.56,2025-08-20
APP11162,CUST11299,LEN1003,585000.0,,,6,Wedding,2025-05-02,,Rejected,High Debt-to-Income Ratio,Mobile App,,,
APP11163,CUST10205,LEN1018,145000.0,115000.0,18.49,36,Wedding,2025-08-05,2025-08-05,Approved,,Website,2300.0,4185.85,2025-08-08
APP11164,CUST11317,LEN1007,695000.0,,,48,Wedding,2024-09-14,,Pending,,Mobile App,,,
APP11165,CUST10834,LEN1020,230000.0,205000.0,17.85,48,Home Renovation,2025-06-03,2025-06-08,Approved,,Website,7175.0,6005.82,2025-06-10
APP11166,CUST10542,LEN1018,260000.0,215000.0,15.79,18,Debt Consolidation,2025-03-26,2025-03-27,Approved,,Direct Telecall,4300.0,13492.8,2025-03-30
APP11167,CUST10014,LEN1011,605000.0,,,36,Wedding,2024-06-16,,Rejected,High Debt-to-Income Ratio,DSA / Partner,,,
APP11168,CUST10135,LEN1014,360000.0,335000.0,12.97,6,Wedding,2025-10-15,2025-10-16,Approved,,Website,6365.0,57964.38,2025-10-16
APP11169,CUST10475,LEN1007,800000.0,,,18,Business Expansion,2025-04-28,,Pending,,Branch,,,
APP11170,CUST10211,LEN1010,695000.0,,,12,Home Renovation,2024-06-09,,Pending,,Website,,,
APP11171,CUST10394,LEN1013,500000.0,415000.0,13.37,60,Home Renovation,2025-11-09,2025-11-12,Approved,,Branch,9960.0,9521.32,2025-11-15
APP11172,CUST11488,LEN1009,415000.0,345000.0,11.5,18,Wedding,2025-01-14,2025-01-16,Approved,,Website,6210.0,20958.76,2025-01-18
APP11173,CUST10922,LEN1010,420000.0,340000.0,23.1,24,Vehicle Purchase,2025-02-17,2025-02-22,Approved,,Mobile App,8500.0,17823.81,2025-02-23
APP11174,CUST10936,LEN1009,65000.0,60000.0,11.38,48,Education,2025-11-08,2025-11-10,Approved,,Mobile App,1080.0,1561.83,2025-11-10
APP11175,CUST10660,LEN1014,950000.0,,,18,Education,2025-09-24,,Rejected,Past Loan Default,Mobile App,,,
APP11176,CUST10902,LEN1009,330000.0,,,12,Home Renovation,2025-05-06,,Rejected,Incomplete Documentation,Website,,,
APP11177,CUST11215,LEN1016,1000000.0,850000.0,25.94,6,Vehicle Purchase,2025-05-13,2025-05-17,Approved,,Direct Telecall,23800.0,152575.9,2025-05-20
APP11178,CUST10122,LEN1004,330000.0,295000.0,22.49,18,Debt Consolidation,2025-01-13,2025-01-16,Approved,,Branch,5162.5,19460.09,2025-01-17
APP11179,CUST10152,LEN1011,495000.0,,,48,Vehicle Purchase,2024-06-03,,Rejected,Past Loan Default,Mobile App,,,
APP11180,CUST10613,LEN1019,495000.0,,,6,Wedding,2024-12-01,,Pending,,Mobile App,,,
APP11181,CUST11173,LEN1018,1000000.0,830000.0,12.81,18,Debt Consolidation,2024-01-23,2024-01-28,Approved,,Direct Telecall,16600.0,50927.96,2024-01-30
APP11182,CUST10740,LEN1015,310000.0,260000.0,22.87,12,Home Renovation,2025-04-24,2025-04-25,Approved,,Website,8450.0,24443.53,2025-04-27
APP11183,CUST10523,LEN1020,300000.0,,,6,Home Renovation,2025-10-19,,Rejected,Insufficient Monthly Income,Mobile App,,,
APP11184,CUST10876,LEN1013,500000.0,,,60,Personal Expenses,2024-03-02,,Pending,,Branch,,,
APP11185,CUST11050,LEN1012,115000.0,110000.0,11.98,24,Personal Expenses,2024-11-30,2024-12-04,Approved,,Branch,2750.0,5177.05,2024-12-06
APP11186,CUST11300,LEN1003,300000.0,,,36,Medical Emergency,2024-04-25,,Rejected,Past Loan Default,Branch,,,
APP11187,CUST10325,LEN1017,1000000.0,1000000.0,15.78,6,Wedding,2025-10-27,2025-11-01,Approved,,Branch,21000.0,174421.0,2025-11-04
APP11188,CUST10568,LEN1015,400000.0,325000.0,19.45,48,Home Renovation,2024-12-04,2024-12-06,Approved,,Direct Telecall,10562.5,9794.88,2024-12-09
APP11189,CUST11081,LEN1014,570000.0,550000.0,10.56,24,Debt Consolidation,2025-09-30,2025-10-01,Approved,,Mobile App,10450.0,25522.1,2025-10-03
APP11190,CUST10875,LEN1005,390000.0,365000.0,17.48,12,Business Expansion,2025-04-13,2025-04-17,Approved,,Branch,8212.5,33372.94,2025-04-19
APP11191,CUST11465,LEN1019,60000.0,50000.0,10.58,60,Home Renovation,2024-11-11,2024-11-15,Approved,,Mobile App,1500.0,1076.68,2024-11-15
APP11192,CUST10261,LEN1018,420000.0,390000.0,14.18,6,Business Expansion,2024-08-23,2024-08-24,Approved,,Website,7800.0,67714.61,2024-08-27
APP11193,CUST10556,LEN1008,320000.0,310000.0,25.73,12,Business Expansion,2024-05-20,2024-05-20,Approved,,Mobile App,6200.0,29573.63,2024-05-23
APP11194,CUST10053,LEN1015,400000.0,,,60,Education,2024-02-20,,Pending,,DSA / Partner,,,
APP11195,CUST10916,LEN1015,345000.0,280000.0,17.37,12,Vehicle Purchase,2024-05-07,2024-05-11,Approved,,Branch,9100.0,25586.52,2024-05-11
APP11196,CUST10334,LEN1007,70000.0,60000.0,11.13,24,Business Expansion,2024-11-20,2024-11-20,Approved,,Direct Telecall,1650.0,2800.09,2024-11-22
APP11197,CUST10979,LEN1009,420000.0,405000.0,23.06,24,Personal Expenses,2025-01-24,2025-01-24,Approved,,Mobile App,7290.0,21223.26,2025-01-26
APP11198,CUST10739,LEN1010,375000.0,,,24,Debt Consolidation,2024-03-27,,Rejected,Incomplete Documentation,Mobile App,,,
APP11199,CUST11319,LEN1013,240000.0,235000.0,26.37,6,Debt Consolidation,2025-10-24,2025-10-25,Approved,,Direct Telecall,5640.0,42233.62,2025-10-26
APP11200,CUST11157,LEN1001,200000.0,190000.0,13.78,12,Home Renovation,2025-04-26,2025-04-27,Approved,,Direct Telecall,4750.0,17039.89,2025-04-29
APP11201,CUST10762,LEN1020,190000.0,190000.0,20.85,12,Vehicle Purchase,2024-06-27,2024-07-02,Approved,,Mobile App,6650.0,17677.94,2024-07-03
APP11202,CUST10748,LEN1004,760000.0,670000.0,18.24,6,Wedding,2024-11-09,2024-11-11,Approved,,Mobile App,11725.0,117682.01,2024-11-13
APP11203,CUST10059,LEN1001,125000.0,125000.0,16.8,24,Personal Expenses,2024-05-27,2024-05-30,Approved,,Direct Telecall,3125.0,6168.28,2024-05-31
APP11204,CUST10324,LEN1004,275000.0,225000.0,14.98,12,Medical Emergency,2024-03-08,2024-03-11,Approved,,DSA / Partner,3937.5,20306.0,2024-03-14
APP11205,CUST10276,LEN1020,300000.0,,,6,Debt Consolidation,2025-04-25,,Pending,,DSA / Partner,,,
APP11206,CUST10527,LEN1005,225000.0,,,36,Business Expansion,2025-11-15,,Rejected,Incomplete Documentation,Branch,,,
APP11207,CUST10198,LEN1016,575000.0,,,60,Education,2024-08-12,,Pending,,Mobile App,,,
APP11208,CUST11055,LEN1005,1000000.0,950000.0,24.61,12,Education,2024-03-25,2024-03-27,Approved,,Direct Telecall,21375.0,90112.3,2024-03-27
APP11209,CUST10512,LEN1008,190000.0,,,48,Debt Consolidation,2025-04-18,,Rejected,Incomplete Documentation,Website,,,
APP11210,CUST11210,LEN1017,350000.0,,,18,Home Renovation,2025-03-08,,Rejected,KYC Verification Failed,Website,,,
APP11211,CUST11355,LEN1005,365000.0,340000.0,30.79,60,Personal Expenses,2025-01-29,2025-01-30,Approved,,Direct Telecall,7650.0,11165.71,2025-01-30
APP11212,CUST10293,LEN1002,750000.0,,,12,Home Renovation,2024-11-26,,Rejected,Low Credit Score,DSA / Partner,,,
APP11213,CUST11172,LEN1016,270000.0,240000.0,31.96,18,Education,2025-08-14,2025-08-17,Approved,,Direct Telecall,6720.0,16957.19,2025-08-19
APP11214,CUST11118,LEN1015,145000.0,,,18,Business Expansion,2024-07-09,,Pending,,Website,,,
APP11215,CUST10523,LEN1011,400000.0,375000.0,18.11,24,Wedding,2024-04-08,2024-04-12,Approved,,Direct Telecall,8250.0,18741.48,2024-04-14
APP11216,CUST10130,LEN1012,310000.0,,,6,Home Renovation,2024-08-20,,Pending,,Mobile App,,,
APP11217,CUST10937,LEN1004,285000.0,245000.0,23.24,48,Debt Consolidation,2024-12-21,2024-12-21,Approved,,Mobile App,4287.5,7884.86,2024-12-22
APP11218,CUST10815,LEN1017,460000.0,435000.0,28.19,60,Education,2024-07-22,2024-07-26,Approved,,Mobile App,9135.0,13593.99,2024-07-27
APP11219,CUST11153,LEN1017,685000.0,645000.0,13.49,60,Business Expansion,2024-08-23,2024-08-24,Approved,,Branch,13545.0,14838.03,2024-08-26
APP11220,CUST10326,LEN1004,700000.0,635000.0,20.8,48,Education,2024-06-04,2024-06-07,Approved,,Direct Telecall,11112.5,19594.97,2024-06-08
APP11221,CUST10571,LEN1002,375000.0,375000.0,16.19,24,Debt Consolidation,2025-06-18,2025-06-21,Approved,,DSA / Partner,7500.0,18395.23,2025-06-23
APP11222,CUST10279,LEN1010,75000.0,70000.0,21.43,18,Debt Consolidation,2025-09-19,2025-09-22,Approved,,Mobile App,1750.0,4581.69,2025-09-23
APP11223,CUST10295,LEN1016,265000.0,,,60,Education,2024-06-12,,Pending,,DSA / Partner,,,
APP11224,CUST11324,LEN1014,205000.0,175000.0,20.78,12,Education,2024-03-13,2024-03-14,Approved,,Website,3325.0,16276.44,2024-03-17
APP11225,CUST10253,LEN1019,500000.0,,,12,Education,2024-05-25,,Pending,,DSA / Partner,,,
APP11226,CUST11377,LEN1009,730000.0,660000.0,12.81,6,Medical Emergency,2024-11-14,2024-11-18,Approved,,Branch,11880.0,114146.24,2024-11-21
APP11227,CUST10476,LEN1015,205000.0,200000.0,30.55,6,Wedding,2024-03-13,2024-03-18,Approved,,Mobile App,6500.0,36365.67,2024-03-20
APP11228,CUST10558,LEN1002,440000.0,390000.0,11.01,18,Medical Emergency,2025-04-22,2025-04-27,Approved,,Direct Telecall,7800.0,23604.04,2025-04-30
APP11229,CUST10597,LEN1008,200000.0,,,6,Business Expansion,2025-11-11,,Pending,,Mobile App,,,
APP11230,CUST11013,LEN1014,320000.0,,,48,Medical Emergency,2024-10-09,,Pending,,Website,,,
APP11231,CUST10516,LEN1017,115000.0,,,48,Debt Consolidation,2024-03-26,,Rejected,Low Credit Score,Website,,,
APP11232,CUST10208,LEN1016,285000.0,265000.0,17.06,24,Education,2025-03-20,2025-03-25,Approved,,Branch,7420.0,13109.84,2025-03-28
APP11233,CUST11149,LEN1020,300000.0,245000.0,16.03,24,Vehicle Purchase,2025-09-08,2025-09-13,Approved,,Mobile App,8575.0,11999.47,2025-09-13
APP11234,CUST11179,LEN1004,195000.0,180000.0,25.53,60,Education,2025-08-17,2025-08-20,Approved,,Website,3150.0,5339.31,2025-08-23
APP11235,CUST11472,LEN1002,245000.0,240000.0,16.76,60,Wedding,2025-08-10,2025-08-13,Approved,,DSA / Partner,4800.0,5933.69,2025-08-16
APP11236,CUST11371,LEN1001,195000.0,160000.0,20.65,12,Personal Expenses,2024-12-02,2024-12-02,Approved,,Direct Telecall,4000.0,14871.34,2024-12-05
APP11237,CUST10520,LEN1012,600000.0,535000.0,21.33,18,Business Expansion,2024-10-10,2024-10-13,Approved,,Mobile App,13375.0,34991.32,2024-10-15
APP11238,CUST10329,LEN1007,690000.0,655000.0,20.04,60,Business Expansion,2025-02-14,2025-02-15,Approved,,Direct Telecall,18012.5,17368.08,2025-02-18
APP11239,CUST10183,LEN1011,535000.0,440000.0,24.64,36,Education,2024-11-09,2024-11-14,Approved,,Website,9680.0,17410.66,2024-11-17
APP11240,CUST10641,LEN1020,180000.0,175000.0,18.74,12,Vehicle Purchase,2024-09-28,2024-09-30,Approved,,Mobile App,6125.0,16105.69,2024-10-03
APP11241,CUST10741,LEN1006,500000.0,,,18,Personal Expenses,2024-07-13,,Rejected,Past Loan Default,Mobile App,,,
APP11242,CUST10636,LEN1017,1000000.0,835000.0,15.39,36,Debt Consolidation,2025-07-05,2025-07-05,Approved,,Branch,17535.0,29105.28,2025-07-06
APP11243,CUST10192,LEN1003,315000.0,295000.0,12.1,48,Vehicle Purchase,2024-05-29,2024-06-01,Approved,,Website,4425.0,7782.97,2024-06-02
APP11244,CUST10789,LEN1004,550000.0,545000.0,18.02,48,Debt Consolidation,2025-08-06,2025-08-07,Approved,,Branch,9537.5,16015.07,2025-08-10
APP11245,CUST10084,LEN1008,200000.0,,,48,Debt Consolidation,2025-05-21,,Rejected,High Debt-to-Income Ratio,Mobile App,,,
APP11246,CUST11424,LEN1008,175000.0,,,12,Wedding,2024-08-09,,Rejected,High Debt-to-Income Ratio,Direct Telecall,,,
APP11247,CUST10026,LEN1010,585000.0,535000.0,16.5,6,Wedding,2025-02-28,2025-03-01,Approved,,DSA / Partner,13375.0,93506.64,2025-03-04
APP11248,CUST10382,LEN1017,235000.0,220000.0,16.45,48,Vehicle Purchase,2024-09-24,2024-09-26,Approved,,Direct Telecall,4620.0,6285.68,2024-09-29
APP11249,CUST10759,LEN1012,525000.0,430000.0,15.61,12,Business Expansion,2024-12-31,2025-01-02,Approved,,Branch,10750.0,38934.95,2025-01-03
APP11250,CUST11103,LEN1019,90000.0,75000.0,20.24,60,Wedding,2024-11-17,2024-11-18,Approved,,Branch,2250.0,1997.07,2024-11-20
APP11251,CUST11470,LEN1018,380000.0,370000.0,23.36,12,Wedding,2025-08-11,2025-08-14,Approved,,Website,7400.0,34872.55,2025-08-17
APP11252,CUST11211,LEN1014,55000.0,50000.0,13.77,12,Personal Expenses,2025-04-04,2025-04-06,Approved,,Branch,950.0,4483.95,2025-04-09
APP11253,CUST11447,LEN1005,45000.0,40000.0,13.34,18,Medical Emergency,2024-10-09,2024-10-14,Approved,,Direct Telecall,900.0,2464.25,2024-10-14
APP11254,CUST11462,LEN1020,300000.0,280000.0,14.5,48,Home Renovation,2024-08-08,2024-08-13,Approved,,DSA / Partner,9800.0,7721.83,2024-08-15
APP11255,CUST10677,LEN1008,1000000.0,995000.0,12.26,36,Vehicle Purchase,2025-07-06,2025-07-06,Approved,,Mobile App,19900.0,33171.93,2025-07-06
APP11256,CUST11459,LEN1012,600000.0,545000.0,30.41,60,Medical Emergency,2024-03-06,2024-03-11,Approved,,Branch,13625.0,17770.1,2024-03-12
APP11257,CUST10510,LEN1020,300000.0,,,12,Home Renovation,2025-10-26,,Pending,,Mobile App,,,
APP11258,CUST11014,LEN1004,385000.0,340000.0,18.39,6,Vehicle Purchase,2025-12-02,2025-12-07,Approved,,Branch,5950.0,59744.64,2025-12-10
APP11259,CUST10284,LEN1011,340000.0,330000.0,29.05,18,Business Expansion,2025-03-16,2025-03-17,Approved,,Mobile App,7260.0,22834.49,2025-03-19
APP11260,CUST10823,LEN1007,165000.0,155000.0,23.67,48,Medical Emergency,2025-04-07,2025-04-07,Approved,,Website,4262.5,5025.05,2025-04-07
APP11261,CUST11141,LEN1002,640000.0,515000.0,14.55,6,Home Renovation,2025-06-25,2025-06-27,Approved,,Mobile App,10300.0,89512.47,2025-06-27
APP11262,CUST11164,LEN1019,285000.0,,,6,Home Renovation,2025-10-13,,Rejected,Past Loan Default,Mobile App,,,
APP11263,CUST11021,LEN1006,370000.0,,,18,Medical Emergency,2024-06-07,,Pending,,Direct Telecall,,,
APP11264,CUST11229,LEN1012,270000.0,,,24,Home Renovation,2024-06-01,,Rejected,Insufficient Monthly Income,Branch,,,
APP11265,CUST10063,LEN1020,40000.0,35000.0,19.61,36,Medical Emergency,2024-10-25,2024-10-29,Approved,,Website,1225.0,1293.78,2024-10-30
APP11266,CUST10205,LEN1016,70000.0,65000.0,18.31,12,Business Expansion,2025-11-05,2025-11-08,Approved,,DSA / Partner,1820.0,5968.79,2025-11-08
APP11267,CUST11370,LEN1018,270000.0,270000.0,18.76,12,Business Expansion,2024-09-02,2024-09-05,Approved,,Mobile App,5400.0,24851.36,2024-09-05
APP11268,CUST10734,LEN1002,945000.0,,,24,Medical Emergency,2024-04-03,,Rejected,Incomplete Documentation,Branch,,,
APP11269,CUST11342,LEN1011,515000.0,435000.0,14.53,36,Vehicle Purchase,2025-10-20,2025-10-23,Approved,,Branch,9570.0,14979.49,2025-10-24
APP11270,CUST10600,LEN1014,920000.0,825000.0,14.53,24,Medical Emergency,2024-01-25,2024-01-28,Approved,,DSA / Partner,15675.0,39817.5,2024-01-31
APP11271,CUST10627,LEN1016,985000.0,,,60,Debt Consolidation,2024-02-26,,Pending,,Direct Telecall,,,
APP11272,CUST11081,LEN1002,185000.0,170000.0,12.42,6,Debt Consolidation,2025-08-07,2025-08-12,Approved,,Branch,3400.0,29368.51,2025-08-12
APP11273,CUST11095,LEN1001,130000.0,130000.0,10.66,18,Vehicle Purchase,2024-12-26,2024-12-31,Approved,,Mobile App,3250.0,7846.98,2025-01-03
APP11274,CUST11042,LEN1017,855000.0,,,36,Business Expansion,2024-02-15,,Pending,,Direct Telecall,,,
APP11275,CUST10440,LEN1004,275000.0,225000.0,22.1,12,Education,2024-11-23,2024-11-24,Approved,,Direct Telecall,3937.5,21069.57,2024-11-24
APP11276,CUST10093,LEN1013,85000.0,,,48,Medical Emergency,2024-01-05,,Pending,,Website,,,
APP11277,CUST10493,LEN1011,1000000.0,,,24,Education,2025-02-15,,Rejected,Low Credit Score,Website,,,
APP11278,CUST10320,LEN1005,735000.0,,,36,Debt Consolidation,2025-11-27,,Rejected,Past Loan Default,DSA / Partner,,,
APP11279,CUST11455,LEN1010,195000.0,155000.0,12.97,48,Debt Consolidation,2025-12-07,2025-12-10,Approved,,DSA / Partner,3875.0,4155.95,2025-12-12
APP11280,CUST10389,LEN1016,1000000.0,,,6,Vehicle Purchase,2025-12-13,,Rejected,Insufficient Monthly Income,Mobile App,,,
APP11281,CUST10264,LEN1008,125000.0,100000.0,15.16,6,Medical Emergency,2025-05-15,2025-05-16,Approved,,Mobile App,2000.0,17411.32,2025-05-18
APP11282,CUST11395,LEN1013,405000.0,,,18,Debt Consolidation,2024-09-24,,Rejected,Low Credit Score,Branch,,,
APP11283,CUST10245,LEN1013,250000.0,210000.0,23.64,12,Medical Emergency,2025-05-24,2025-05-24,Approved,,Branch,5040.0,19820.95,2025-05-27
APP11284,CUST10981,LEN1004,100000.0,95000.0,30.86,6,Vehicle Purchase,2024-03-26,2024-03-27,Approved,,Mobile App,1662.5,17288.61,2024-03-30
APP11285,CUST11261,LEN1012,360000.0,,,12,Wedding,2024-02-12,,Rejected,Incomplete Documentation,Branch,,,
APP11286,CUST11032,LEN1007,570000.0,460000.0,17.27,48,Business Expansion,2025-08-05,2025-08-07,Approved,,Mobile App,12650.0,13337.66,2025-08-08
APP11287,CUST10718,LEN1015,390000.0,325000.0,14.45,48,Personal Expenses,2025-01-24,2025-01-24,Approved,,DSA / Partner,10562.5,8954.64,2025-01-25
APP11288,CUST10377,LEN1007,160000.0,130000.0,14.31,48,Wedding,2025-03-27,2025-03-31,Approved,,Mobile App,3575.0,3572.69,2025-04-02
APP11289,CUST11141,LEN1006,230000.0,185000.0,15.1,18,Personal Expenses,2025-12-02,2025-12-02,Approved,,Mobile App,5550.0,11549.89,2025-12-03
APP11290,CUST11483,LEN1011,550000.0,,,12,Medical Emergency,2024-08-27,,Rejected,Low Credit Score,Direct Telecall,,,
APP11291,CUST10781,LEN1001,240000.0,235000.0,12.79,60,Vehicle Purchase,2024-05-02,2024-05-02,Approved,,Branch,5875.0,5321.74,2024-05-02
APP11292,CUST10041,LEN1016,625000.0,575000.0,18.58,48,Vehicle Purchase,2025-12-03,2025-12-08,Approved,,Website,16100.0,17065.39,2025-12-09
APP11293,CUST11399,LEN1016,380000.0,,,18,Wedding,2024-06-05,,Pending,,DSA / Partner,,,
APP11294,CUST10931,LEN1018,505000.0,480000.0,20.84,12,Home Renovation,2025-10-14,2025-10-17,Approved,,Website,9600.0,44657.76,2025-10-19
APP11295,CUST10329,LEN1012,600000.0,535000.0,19.73,24,Debt Consolidation,2024-02-13,2024-02-17,Approved,,Mobile App,13375.0,27158.74,2024-02-18
APP11296,CUST10824,LEN1005,1000000.0,975000.0,18.63,18,Education,2025-03-07,2025-03-10,Approved,,DSA / Partner,21937.5,62503.84,2025-03-13
APP11297,CUST10796,LEN1015,385000.0,325000.0,22.16,18,Vehicle Purchase,2025-06-26,2025-06-27,Approved,,Mobile App,10562.5,21387.03,2025-06-28
APP11298,CUST11494,LEN1020,300000.0,260000.0,18.33,24,Vehicle Purchase,2025-10-21,2025-10-24,Approved,,Website,9100.0,13021.76,2025-10-24
APP11299,CUST11112,LEN1015,90000.0,75000.0,15.2,60,Vehicle Purchase,2024-07-23,2024-07-24,Approved,,Mobile App,2437.5,1792.13,2024-07-27
APP11300,CUST11060,LEN1014,160000.0,140000.0,15.53,24,Personal Expenses,2024-07-30,2024-08-01,Approved,,Direct Telecall,2660.0,6823.44,2024-08-02
APP11301,CUST11314,LEN1013,140000.0,120000.0,11.24,60,Education,2025-02-25,2025-03-02,Approved,,Mobile App,2880.0,2623.48,2025-03-03
APP11302,CUST10997,LEN1011,380000.0,365000.0,21.52,60,Personal Expenses,2024-04-09,2024-04-09,Approved,,Direct Telecall,8030.0,9981.54,2024-04-09
APP11303,CUST10679,LEN1003,220000.0,,,18,Education,2024-06-03,,Rejected,High Debt-to-Income Ratio,Direct Telecall,,,
APP11304,CUST10630,LEN1003,180000.0,170000.0,17.87,18,Wedding,2024-12-12,2024-12-12,Approved,,DSA / Partner,2550.0,10836.45,2024-12-13
APP11305,CUST10312,LEN1006,335000.0,305000.0,18.67,36,Vehicle Purchase,2025-07-29,2025-07-31,Approved,,Mobile App,9150.0,11129.26,2025-08-01
APP11306,CUST10233,LEN1005,665000.0,595000.0,23.44,6,Personal Expenses,2025-01-25,2025-01-25,Approved,,Mobile App,13387.5,106055.63,2025-01-27
APP11307,CUST10904,LEN1019,500000.0,455000.0,25.44,24,Personal Expenses,2025-11-18,2025-11-18,Approved,,DSA / Partner,13650.0,24384.6,2025-11-20
APP11308,CUST10142,LEN1006,155000.0,,,18,Vehicle Purchase,2024-04-23,,Rejected,Incomplete Documentation,Mobile App,,,
APP11309,CUST10404,LEN1011,145000.0,145000.0,29.02,60,Medical Emergency,2025-09-09,2025-09-13,Approved,,Website,3190.0,4604.34,2025-09-16
APP11310,CUST10347,LEN1012,400000.0,360000.0,13.22,12,Debt Consolidation,2024-01-25,2024-01-25,Approved,,Branch,9000.0,32191.39,2024-01-26
APP11311,CUST11435,LEN1010,425000.0,405000.0,15.8,24,Business Expansion,2024-10-06,2024-10-09,Approved,,Mobile App,10125.0,19791.38,2024-10-09
APP11312,CUST10682,LEN1018,120000.0,,,60,Personal Expenses,2025-08-10,,Pending,,Direct Telecall,,,
APP11313,CUST10040,LEN1010,585000.0,,,24,Vehicle Purchase,2024-02-06,,Rejected,Incomplete Documentation,DSA / Partner,,,
APP11314,CUST11377,LEN1009,680000.0,,,18,Business Expansion,2025-03-10,,Pending,,Branch,,,
APP11315,CUST10834,LEN1011,155000.0,140000.0,17.77,18,Debt Consolidation,2024-07-16,2024-07-19,Approved,,Branch,3080.0,8917.47,2024-07-19
APP11316,CUST11365,LEN1011,555000.0,470000.0,17.38,6,Personal Expenses,2024-04-19,2024-04-19,Approved,,Mobile App,10340.0,82351.76,2024-04-20
APP11317,CUST11172,LEN1008,395000.0,375000.0,28.11,60,Medical Emergency,2024-01-14,2024-01-18,Approved,,Mobile App,7500.0,11700.83,2024-01-18
APP11318,CUST10320,LEN1019,500000.0,480000.0,21.62,60,Wedding,2024-12-04,2024-12-04,Approved,,Direct Telecall,14400.0,13153.58,2024-12-04
APP11319,CUST11443,LEN1005,70000.0,,,48,Medical Emergency,2024-04-03,,Rejected,Incomplete Documentation,Mobile App,,,
APP11320,CUST10188,LEN1001,370000.0,,,48,Education,2024-02-21,,Pending,,Mobile App,,,
APP11321,CUST11469,LEN1003,240000.0,225000.0,23.53,48,Education,2024-07-21,2024-07-26,Approved,,DSA / Partner,3375.0,7277.07,2024-07-27
APP11322,CUST10961,LEN1010,545000.0,490000.0,10.74,36,Personal Expenses,2024-07-08,2024-07-09,Approved,,DSA / Partner,12250.0,15981.71,2024-07-11
APP11323,CUST10295,LEN1018,200000.0,,,12,Medical Emergency,2024-03-18,,Rejected,High Debt-to-Income Ratio,Direct Telecall,,,
APP11324,CUST10384,LEN1011,335000.0,325000.0,22.55,12,Home Renovation,2025-10-12,2025-10-15,Approved,,DSA / Partner,7150.0,30504.27,2025-10-17
APP11325,CUST10447,LEN1014,115000.0,,,18,Education,2024-01-08,,Rejected,Incomplete Documentation,Branch,,,
APP11326,CUST11400,LEN1009,250000.0,225000.0,20.57,12,Medical Emergency,2024-03-05,2024-03-05,Approved,,Mobile App,4050.0,20904.19,2024-03-08
APP11327,CUST10164,LEN1015,80000.0,75000.0,20.62,48,Medical Emergency,2025-08-25,2025-08-30,Approved,,Website,2437.5,2307.13,2025-08-30
APP11328,CUST11166,LEN1009,450000.0,395000.0,17.92,18,Wedding,2025-05-06,2025-05-09,Approved,,Website,7110.0,25188.22,2025-05-11
APP11329,CUST11119,LEN1007,135000.0,120000.0,25.41,12,Personal Expenses,2024-12-27,2024-12-29,Approved,,Direct Telecall,3300.0,11429.19,2025-01-01
APP11330,CUST10950,LEN1015,375000.0,365000.0,20.07,12,Vehicle Purchase,2024-01-26,2024-01-29,Approved,,DSA / Partner,11862.5,33823.82,2024-01-30
APP11331,CUST10819,LEN1012,210000.0,210000.0,17.55,60,Home Renovation,2025-08-30,2025-08-30,Approved,,Mobile App,5250.0,5281.35,2025-09-02
APP11332,CUST10968,LEN1005,170000.0,,,12,Personal Expenses,2025-02-05,,Rejected,High Debt-to-Income Ratio,DSA / Partner,,,
APP11333,CUST10622,LEN1018,125000.0,,,12,Wedding,2025-05-26,,Pending,,Branch,,,
APP11334,CUST10887,LEN1014,760000.0,660000.0,13.91,12,Wedding,2024-03-02,2024-03-04,Approved,,Direct Telecall,12540.0,59231.55,2024-03-07
APP11335,CUST11245,LEN1010,220000.0,200000.0,16.37,36,Wedding,2025-03-02,2025-03-07,Approved,,Mobile App,5000.0,7068.0,2025-03-08
APP11336,CUST10694,LEN1010,470000.0,425000.0,28.11,24,Medical Emergency,2024-05-12,2024-05-14,Approved,,Branch,10625.0,23351.44,2024-05-15
APP11337,CUST10757,LEN1019,500000.0,440000.0,27.34,6,Personal Expenses,2025-01-13,2025-01-15,Approved,,DSA / Partner,13200.0,79290.8,2025-01-16
APP11338,CUST10641,LEN1016,255000.0,,,36,Business Expansion,2024-12-05,,Pending,,Branch,,,
APP11339,CUST11431,LEN1007,390000.0,360000.0,12.94,18,Education,2025-08-30,2025-08-31,Approved,,Direct Telecall,9900.0,22111.06,2025-09-03
APP11340,CUST11154,LEN1016,665000.0,615000.0,26.58,18,Medical Emergency,2024-05-31,2024-06-03,Approved,,DSA / Partner,17220.0,41801.31,2024-06-06
APP11341,CUST11235,LEN1009,430000.0,375000.0,24.91,24,Education,2024-05-26,2024-05-29,Approved,,Website,6750.0,19997.39,2024-05-30
APP11342,CUST10458,LEN1001,130000.0,,,60,Wedding,2024-05-29,,Rejected,KYC Verification Failed,Branch,,,
APP11343,CUST10656,LEN1016,790000.0,785000.0,12.29,36,Education,2024-07-11,2024-07-11,Approved,,Direct Telecall,21980.0,26182.1,2024-07-13
APP11344,CUST10125,LEN1007,240000.0,,,36,Debt Consolidation,2025-01-20,,Rejected,Insufficient Monthly Income,Mobile App,,,
APP11345,CUST11435,LEN1001,460000.0,370000.0,15.47,12,Home Renovation,2024-01-26,2024-01-29,Approved,,Website,9250.0,33477.69,2024-01-29
APP11346,CUST10755,LEN1015,340000.0,310000.0,19.21,12,Wedding,2025-01-26,2025-01-28,Approved,,Direct Telecall,10075.0,28599.62,2025-01-28
APP11347,CUST10561,LEN1015,400000.0,365000.0,11.47,48,Wedding,2024-06-15,2024-06-15,Approved,,Website,11862.5,9517.14,2024-06-15
APP11348,CUST10108,LEN1011,465000.0,425000.0,24.18,18,Home Renovation,2025-01-19,2025-01-24,Approved,,Website,9350.0,28385.79,2025-01-26
APP11349,CUST10811,LEN1006,185000.0,160000.0,15.79,60,Personal Expenses,2024-10-16,2024-10-16,Approved,,Direct Telecall,4800.0,3873.06,2024-10-16
APP11350,CUST11481,LEN1005,230000.0,,,6,Home Renovation,2024-04-14,,Pending,,Mobile App,,,
APP11351,CUST11071,LEN1006,500000.0,,,12,Medical Emergency,2024-12-31,,Pending,,Website,,,
APP11352,CUST10693,LEN1003,180000.0,165000.0,23.67,60,Medical Emergency,2025-02-14,2025-02-19,Approved,,DSA / Partner,2475.0,4715.16,2025-02-22
APP11353,CUST11423,LEN1005,595000.0,490000.0,31.48,6,Education,2024-06-11,2024-06-13,Approved,,DSA / Partner,11025.0,89326.77,2024-06-14
APP11354,CUST10491,LEN1002,445000.0,430000.0,17.59,36,Personal Expenses,2025-10-20,2025-10-20,Approved,,Mobile App,8600.0,15457.23,2025-10-20
APP11355,CUST10449,LEN1008,795000.0,,,60,Home Renovation,2024-11-23,,Rejected,KYC Verification Failed,Branch,,,
APP11356,CUST10794,LEN1013,105000.0,100000.0,19.67,60,Debt Consolidation,2024-01-25,2024-01-29,Approved,,DSA / Partner,2400.0,2631.06,2024-01-29
APP11357,CUST10083,LEN1007,610000.0,490000.0,24.54,12,Education,2025-05-18,2025-05-22,Approved,,Branch,13475.0,46462.35,2025-05-24
APP11358,CUST11043,LEN1006,285000.0,245000.0,23.83,12,Personal Expenses,2025-09-29,2025-10-03,Approved,,Direct Telecall,7350.0,23146.95,2025-10-06
APP11359,CUST10328,LEN1007,630000.0,,,18,Business Expansion,2024-11-30,,Pending,,Mobile App,,,
APP11360,CUST10534,LEN1013,80000.0,,,18,Wedding,2025-04-01,,Rejected,Past Loan Default,Mobile App,,,
APP11361,CUST11335,LEN1017,320000.0,,,12,Home Renovation,2024-02-12,,Pending,,Mobile App,,,
APP11362,CUST10794,LEN1004,555000.0,525000.0,17.91,60,Education,2025-08-06,2025-08-11,Approved,,Mobile App,9187.5,13305.86,2025-08-12
APP11363,CUST11215,LEN1010,540000.0,455000.0,21.22,6,Education,2024-09-15,2024-09-15,Approved,,Branch,11375.0,80595.33,2024-09-16
APP11364,CUST10371,LEN1011,100000.0,90000.0,18.32,48,Vehicle Purchase,2024-12-01,2024-12-02,Approved,,Direct Telecall,1980.0,2658.82,2024-12-05
APP11365,CUST10984,LEN1018,805000.0,660000.0,10.5,60,Education,2025-09-23,2025-09-23,Approved,,Mobile App,13200.0,14185.97,2025-09-23
APP11366,CUST10023,LEN1009,750000.0,745000.0,10.79,18,Wedding,2025-08-04,2025-08-06,Approved,,DSA / Partner,13410.0,45013.99,2025-08-07
APP11367,CUST11323,LEN1007,400000.0,355000.0,26.23,48,Business Expansion,2024-10-13,2024-10-13,Approved,,Mobile App,9762.5,12015.63,2024-10-13
APP11368,CUST10619,LEN1005,245000.0,,,60,Education,2025-10-13,,Pending,,Mobile App,,,
APP11369,CUST11397,LEN1001,270000.0,220000.0,22.25,24,Home Renovation,2024-04-25,2024-04-29,Approved,,Mobile App,5500.0,11440.37,2024-05-01
APP11370,CUST10554,LEN1001,330000.0,275000.0,16.89,24,Medical Emergency,2025-12-09,2025-12-14,Approved,,Direct Telecall,6875.0,13582.09,2025-12-17
APP11371,CUST10062,LEN1002,270000.0,270000.0,12.23,60,Wedding,2024-06-28,2024-06-28,Approved,,DSA / Partner,5400.0,6037.43,2024-06-28
APP11372,CUST10576,LEN1010,395000.0,335000.0,25.37,12,Debt Consolidation,2025-11-18,2025-11-19,Approved,,Mobile App,8375.0,31899.99,2025-11-22
APP11373,CUST10004,LEN1002,955000.0,915000.0,15.68,60,Vehicle Purchase,2025-05-15,2025-05-20,Approved,,Branch,18300.0,22095.75,2025-05-20
APP11374,CUST10587,LEN1012,120000.0,,,18,Wedding,2025-07-11,,Rejected,High Debt-to-Income Ratio,DSA / Partner,,,
APP11375,CUST10765,LEN1012,475000.0,,,36,Home Renovation,2025-10-16,,Rejected,KYC Verification Failed,Website,,,
APP11376,CUST10834,LEN1006,400000.0,330000.0,19.56,18,Wedding,2024-10-26,2024-10-29,Approved,,Website,9900.0,21302.12,2024-11-01
APP11377,CUST10738,LEN1014,200000.0,185000.0,18.58,18,Home Renovation,2025-01-02,2025-01-06,Approved,,Website,3515.0,11855.28,2025-01-07
APP11378,CUST10088,LEN1011,285000.0,,,60,Home Renovation,2024-12-15,,Pending,,Branch,,,
APP11379,CUST11107,LEN1006,195000.0,170000.0,25.13,36,Home Renovation,2025-12-10,2025-12-10,Approved,,Mobile App,5100.0,6770.86,2025-12-10
APP11380,CUST11065,LEN1004,210000.0,,,18,Home Renovation,2024-08-20,,Pending,,Direct Telecall,,,
APP11381,CUST11401,LEN1011,600000.0,,,18,Business Expansion,2025-02-08,,Rejected,Past Loan Default,Branch,,,
APP11382,CUST11346,LEN1013,335000.0,,,18,Vehicle Purchase,2024-04-18,,Pending,,Direct Telecall,,,
APP11383,CUST10463,LEN1015,245000.0,,,48,Education,2024-01-01,,Rejected,Past Loan Default,Direct Telecall,,,
APP11384,CUST10221,LEN1016,170000.0,145000.0,27.33,6,Debt Consolidation,2025-02-19,2025-02-24,Approved,,Mobile App,4060.0,26129.19,2025-02-24
APP11385,CUST10392,LEN1001,80000.0,75000.0,12.54,18,Medical Emergency,2024-07-09,2024-07-09,Approved,,Mobile App,1875.0,4592.49,2024-07-11
APP11386,CUST10927,LEN1004,305000.0,280000.0,11.53,18,Vehicle Purchase,2025-12-15,2025-12-17,Approved,,Mobile App,4900.0,17013.9,2025-12-18
APP11387,CUST10623,LEN1014,365000.0,,,24,Personal Expenses,2025-05-18,,Rejected,Low Credit Score,Direct Telecall,,,
APP11388,CUST11024,LEN1011,150000.0,145000.0,18.46,18,Wedding,2025-07-05,2025-07-09,Approved,,DSA / Partner,3190.0,9283.66,2025-07-11
APP11389,CUST11403,LEN1016,695000.0,620000.0,12.13,24,Personal Expenses,2024-03-29,2024-03-29,Approved,,DSA / Partner,17360.0,29223.21,2024-03-30
APP11390,CUST11484,LEN1004,195000.0,195000.0,26.3,48,Business Expansion,2025-09-10,2025-09-12,Approved,,Mobile App,3412.5,6607.83,2025-09-15
APP11391,CUST10444,LEN1020,300000.0,,,6,Home Renovation,2025-11-22,,Rejected,Low Credit Score,Branch,,,
APP11392,CUST11037,LEN1015,90000.0,80000.0,12.9,12,Wedding,2025-12-14,2025-12-18,Approved,,Website,2600.0,7141.63,2025-12-18
APP11393,CUST10519,LEN1019,215000.0,,,36,Wedding,2025-04-07,,Pending,,Mobile App,,,
APP11394,CUST10601,LEN1006,330000.0,310000.0,25.85,36,Business Expansion,2024-04-22,2024-04-22,Approved,,DSA / Partner,9300.0,12465.34,2024-04-23
APP11395,CUST10988,LEN1016,215000.0,185000.0,22.19,24,Home Renovation,2024-02-14,2024-02-19,Approved,,DSA / Partner,5180.0,9614.83,2024-02-22
APP11396,CUST10469,LEN1015,400000.0,,,6,Medical Emergency,2024-05-22,,Pending,,Mobile App,,,
APP11397,CUST10271,LEN1020,300000.0,240000.0,23.67,24,Wedding,2025-03-16,2025-03-21,Approved,,Website,8400.0,12649.57,2025-03-23
APP11398,CUST11301,LEN1018,215000.0,195000.0,23.17,24,Personal Expenses,2025-03-22,2025-03-22,Approved,,Website,3900.0,10229.26,2025-03-22
APP11399,CUST10539,LEN1012,520000.0,,,36,Education,2024-05-03,,Rejected,Low Credit Score,Mobile App,,,
APP11400,CUST10332,LEN1003,510000.0,,,48,Education,2025-11-06,,Rejected,Past Loan Default,DSA / Partner,,,
APP11401,CUST10765,LEN1018,225000.0,,,6,Home Renovation,2025-02-27,,Pending,,Branch,,,
APP11402,CUST10238,LEN1018,60000.0,,,12,Home Renovation,2024-05-16,,Pending,,Website,,,
APP11403,CUST11437,LEN1013,100000.0,95000.0,15.3,6,Personal Expenses,2025-06-21,2025-06-21,Approved,,Mobile App,2280.0,16547.35,2025-06-23
APP11404,CUST10281,LEN1011,1000000.0,935000.0,23.44,60,Wedding,2024-07-12,2024-07-13,Approved,,Mobile App,20570.0,26594.99,2024-07-13
APP11405,CUST10354,LEN1013,500000.0,415000.0,12.03,48,Medical Emergency,2025-11-14,2025-11-14,Approved,,Mobile App,9960.0,10934.66,2025-11-17
APP11406,CUST11052,LEN1003,665000.0,655000.0,30.99,12,Vehicle Purchase,2025-01-05,2025-01-08,Approved,,Direct Telecall,9825.0,64173.46,2025-01-08
APP11407,CUST10885,LEN1002,1000000.0,935000.0,16.3,60,Vehicle Purchase,2024-07-16,2024-07-19,Approved,,Mobile App,18700.0,22886.69,2024-07-22
APP11408,CUST11242,LEN1008,600000.0,585000.0,19.44,12,Wedding,2025-06-05,2025-06-10,Approved,,Branch,11700.0,54034.52,2025-06-11
APP11409,CUST10495,LEN1020,300000.0,240000.0,13.79,24,Medical Emergency,2025-09-06,2025-09-06,Approved,,DSA / Partner,8400.0,11499.3,2025-09-07
APP11410,CUST11314,LEN1002,100000.0,,,24,Debt Consolidation,2025-10-27,,Pending,,DSA / Partner,,,
APP11411,CUST10700,LEN1010,740000.0,670000.0,14.72,36,Business Expansion,2025-04-26,2025-05-01,Approved,,Website,16750.0,23134.01,2025-05-02
APP11412,CUST10962,LEN1011,90000.0,,,24,Business Expansion,2025-06-13,,Pending,,Branch,,,
APP11413,CUST11263,LEN1003,365000.0,330000.0,27.95,18,Debt Consolidation,2025-08-31,2025-09-02,Approved,,Website,4950.0,22653.85,2025-09-03
APP11414,CUST11160,LEN1007,500000.0,,,18,Education,2025-06-14,,Pending,,Website,,,
APP11415,CUST11385,LEN1014,470000.0,,,36,Vehicle Purchase,2025-11-05,,Rejected,High Debt-to-Income Ratio,Direct Telecall,,,
APP11416,CUST11256,LEN1005,495000.0,465000.0,12.64,48,Debt Consolidation,2025-12-04,2025-12-08,Approved,,Mobile App,10462.5,12391.86,2025-12-10
APP11417,CUST10419,LEN1015,400000.0,370000.0,11.12,12,Medical Emergency,2024-10-25,2024-10-30,Approved,,Direct Telecall,12025.0,32721.93,2024-11-01
APP11418,CUST10375,LEN1016,600000.0,590000.0,23.35,24,Wedding,2024-10-04,2024-10-06,Approved,,Direct Telecall,16520.0,31002.87,2024-10-07
APP11419,CUST10522,LEN1020,115000.0,90000.0,22.03,6,Vehicle Purchase,2025-02-06,2025-02-08,Approved,,Branch,3150.0,15978.42,2025-02-11
APP11420,CUST10932,LEN1018,175000.0,140000.0,23.2,18,Vehicle Purchase,2024-09-29,2024-10-02,Approved,,Mobile App,2800.0,9283.65,2024-10-02
APP11421,CUST10976,LEN1014,385000.0,,,6,Home Renovation,2024-05-05,,Rejected,KYC Verification Failed,Mobile App,,,
APP11422,CUST10112,LEN1002,310000.0,265000.0,20.05,18,Medical Emergency,2025-07-02,2025-07-07,Approved,,Branch,5300.0,17168.62,2025-07-10
APP11423,CUST10420,LEN1002,1000000.0,870000.0,19.35,36,Personal Expenses,2024-04-24,2024-04-26,Approved,,Mobile App,17400.0,32044.9,2024-04-28
APP11424,CUST10881,LEN1008,180000.0,175000.0,10.96,36,Debt Consolidation,2024-12-28,2025-01-01,Approved,,Branch,3500.0,5725.96,2025-01-03
APP11425,CUST10451,LEN1006,380000.0,350000.0,20.8,60,Vehicle Purchase,2025-07-08,2025-07-08,Approved,,Mobile App,10500.0,9429.34,2025-07-10
APP11426,CUST10996,LEN1004,200000.0,,,60,Vehicle Purchase,2024-09-04,,Rejected,Insufficient Monthly Income,Mobile App,,,
APP11427,CUST11249,LEN1006,500000.0,,,12,Debt Consolidation,2024-01-04,,Rejected,High Debt-to-Income Ratio,Mobile App,,,
APP11428,CUST11375,LEN1010,200000.0,170000.0,31.1,60,Vehicle Purchase,2024-08-06,2024-08-09,Approved,,DSA / Partner,4250.0,5615.49,2024-08-12
APP11429,CUST10907,LEN1005,320000.0,,,24,Vehicle Purchase,2025-07-08,,Rejected,KYC Verification Failed,Mobile App,,,
APP11430,CUST10421,LEN1016,725000.0,,,36,Business Expansion,2024-01-22,,Rejected,Insufficient Monthly Income,Website,,,
APP11431,CUST11040,LEN1020,300000.0,280000.0,24.04,24,Education,2024-05-27,2024-06-01,Approved,,Website,9800.0,14809.5,2024-06-04
APP11432,CUST10345,LEN1013,440000.0,375000.0,11.37,18,Business Expansion,2024-10-07,2024-10-08,Approved,,DSA / Partner,9000.0,22758.68,2024-10-11
APP11433,CUST11230,LEN1016,610000.0,495000.0,15.67,48,Education,2025-12-15,2025-12-15,Approved,,Direct Telecall,13860.0,13944.92,2025-12-18
APP11434,CUST11171,LEN1012,600000.0,,,6,Wedding,2025-04-01,,Rejected,Insufficient Monthly Income,DSA / Partner,,,
APP11435,CUST10184,LEN1014,250000.0,225000.0,14.09,12,Debt Consolidation,2024-09-23,2024-09-27,Approved,,Website,4275.0,20211.63,2024-09-28
APP11436,CUST10075,LEN1013,500000.0,,,60,Education,2024-06-11,,Pending,,Mobile App,,,
APP11437,CUST10190,LEN1020,300000.0,295000.0,28.77,6,Debt Consolidation,2025-06-21,2025-06-23,Approved,,Mobile App,10325.0,53373.79,2025-06-24
APP11438,CUST10893,LEN1009,545000.0,455000.0,21.43,12,Education,2024-11-15,2024-11-15,Approved,,DSA / Partner,8190.0,42460.72,2024-11-15
APP11439,CUST11173,LEN1006,500000.0,400000.0,13.38,24,Vehicle Purchase,2024-08-29,2024-09-02,Approved,,Mobile App,12000.0,19088.2,2024-09-02
APP11440,CUST10138,LEN1004,185000.0,175000.0,19.04,60,Home Renovation,2024-05-07,2024-05-09,Approved,,Branch,3062.5,4543.45,2024-05-10
APP11441,CUST10313,LEN1018,570000.0,,,12,Personal Expenses,2024-06-24,,Rejected,KYC Verification Failed,Website,,,
APP11442,CUST11052,LEN1001,605000.0,490000.0,27.02,6,Vehicle Purchase,2024-06-20,2024-06-21,Approved,,Mobile App,12250.0,88222.07,2024-06-22
APP11443,CUST11248,LEN1012,220000.0,185000.0,21.64,18,Wedding,2025-04-10,2025-04-11,Approved,,Mobile App,4625.0,12127.54,2025-04-12
APP11444,CUST11311,LEN1020,300000.0,255000.0,12.09,6,Vehicle Purchase,2024-01-01,2024-01-04,Approved,,Mobile App,8925.0,44011.17,2024-01-07
APP11445,CUST11128,LEN1018,645000.0,,,36,Wedding,2025-06-16,,Pending,,Direct Telecall,,,
APP11446,CUST10725,LEN1020,300000.0,295000.0,11.0,60,Vehicle Purchase,2025-06-20,2025-06-23,Approved,,Website,10325.0,6414.01,2025-06-24
APP11447,CUST10075,LEN1007,500000.0,,,18,Debt Consolidation,2025-09-10,,Pending,,Mobile App,,,
APP11448,CUST10845,LEN1013,185000.0,155000.0,13.65,18,Personal Expenses,2025-05-13,2025-05-16,Approved,,Website,3720.0,9571.45,2025-05-17
APP11449,CUST10922,LEN1019,500000.0,440000.0,21.8,48,Home Renovation,2024-11-05,2024-11-06,Approved,,Direct Telecall,13200.0,13814.94,2024-11-09
APP11450,CUST10518,LEN1016,270000.0,240000.0,11.75,48,Wedding,2024-07-28,2024-07-28,Approved,,Website,6720.0,6290.7,2024-07-29
APP11451,CUST10299,LEN1004,240000.0,,,6,Business Expansion,2025-01-30,,Pending,,DSA / Partner,,,
APP11452,CUST11339,LEN1014,225000.0,,,18,Business Expansion,2025-07-18,,Pending,,Branch,,,
APP11453,CUST10978,LEN1002,985000.0,855000.0,22.62,60,Wedding,2024-12-26,2024-12-30,Approved,,Mobile App,17100.0,23916.55,2024-12-31
APP11454,CUST10023,LEN1004,780000.0,,,48,Debt Consolidation,2024-01-26,,Pending,,Mobile App,,,
APP11455,CUST11044,LEN1007,600000.0,,,18,Personal Expenses,2025-02-17,,Pending,,DSA / Partner,,,
APP11456,CUST10685,LEN1020,300000.0,,,36,Business Expansion,2025-01-11,,Rejected,Low Credit Score,Website,,,
APP11457,CUST11059,LEN1019,215000.0,175000.0,30.7,24,Wedding,2025-06-10,2025-06-15,Approved,,DSA / Partner,5250.0,9847.91,2025-06-15
APP11458,CUST10315,LEN1013,190000.0,160000.0,21.8,48,Wedding,2025-10-12,2025-10-13,Approved,,Direct Telecall,3840.0,5023.62,2025-10-13
APP11459,CUST11264,LEN1013,325000.0,260000.0,21.75,12,Personal Expenses,2024-11-06,2024-11-09,Approved,,Mobile App,6240.0,24303.27,2024-11-10
APP11460,CUST10856,LEN1005,115000.0,115000.0,27.06,36,Debt Consolidation,2024-01-01,2024-01-01,Approved,,Mobile App,2587.5,4698.6,2024-01-03
APP11461,CUST11490,LEN1016,710000.0,640000.0,26.57,12,Wedding,2025-11-19,2025-11-22,Approved,,Mobile App,17920.0,61316.94,2025-11-24
APP11462,CUST11264,LEN1012,600000.0,520000.0,21.86,18,Business Expansion,2025-11-11,2025-11-16,Approved,,Direct Telecall,13000.0,34143.62,2025-11-18
APP11463,CUST11217,LEN1008,220000.0,190000.0,15.08,6,Vehicle Purchase,2024-10-05,2024-10-08,Approved,,DSA / Partner,3800.0,33073.97,2024-10-11
APP11464,CUST10106,LEN1019,275000.0,,,60,Debt Consolidation,2024-05-31,,Rejected,Past Loan Default,Mobile App,,,
APP11465,CUST10458,LEN1008,280000.0,265000.0,15.07,12,Wedding,2024-04-10,2024-04-13,Approved,,Mobile App,5300.0,23927.21,2024-04-16
APP11466,CUST10859,LEN1019,435000.0,390000.0,25.65,6,Education,2025-09-30,2025-09-30,Approved,,Mobile App,11700.0,69948.49,2025-10-02
APP11467,CUST10117,LEN1014,845000.0,840000.0,18.07,24,Home Renovation,2025-04-29,2025-05-01,Approved,,DSA / Partner,15960.0,41964.66,2025-05-01
APP11468,CUST10631,LEN1008,245000.0,215000.0,16.06,24,Vehicle Purchase,2024-08-07,2024-08-09,Approved,,Branch,4300.0,10533.23,2024-08-10
APP11469,CUST11251,LEN1006,500000.0,485000.0,17.04,36,Business Expansion,2025-01-20,2025-01-20,Approved,,Branch,14550.0,17301.23,2025-01-20
APP11470,CUST10308,LEN1018,185000.0,165000.0,21.26,6,Home Renovation,2024-01-03,2024-01-05,Approved,,Mobile App,3300.0,29230.18,2024-01-07
APP11471,CUST11391,LEN1012,520000.0,450000.0,16.77,6,Personal Expenses,2024-11-13,2024-11-17,Approved,,Mobile App,11250.0,78710.86,2024-11-17
APP11472,CUST10081,LEN1020,75000.0,60000.0,29.6,12,Home Renovation,2025-05-17,2025-05-21,Approved,,DSA / Partner,2100.0,5837.43,2025-05-21
APP11473,CUST11255,LEN1010,195000.0,185000.0,23.62,24,Debt Consolidation,2025-10-20,2025-10-23,Approved,,Mobile App,4625.0,9746.1,2025-10-24
APP11474,CUST11412,LEN1010,75000.0,70000.0,12.93,60,Business Expansion,2024-06-15,2024-06-17,Approved,,Direct Telecall,1750.0,1590.21,2024-06-19
APP11475,CUST10602,LEN1013,160000.0,,,12,Debt Consolidation,2024-11-30,,Pending,,Direct Telecall,,,
APP11476,CUST10432,LEN1008,420000.0,340000.0,20.45,48,Home Renovation,2024-03-22,2024-03-23,Approved,,Mobile App,6800.0,10428.02,2024-03-23
APP11477,CUST10920,LEN1005,60000.0,50000.0,17.65,6,Debt Consolidation,2025-12-05,2025-12-08,Approved,,Website,1125.0,8767.55,2025-12-11
APP11478,CUST10840,LEN1004,520000.0,510000.0,19.49,48,Debt Consolidation,2024-08-02,2024-08-04,Approved,,Direct Telecall,8925.0,15381.24,2024-08-05
APP11479,CUST10801,LEN1007,585000.0,490000.0,11.99,6,Personal Expenses,2025-02-02,2025-02-07,Approved,,Website,13475.0,84546.28,2025-02-10
APP11480,CUST11453,LEN1011,455000.0,425000.0,16.38,60,Business Expansion,2025-03-08,2025-03-12,Approved,,Direct Telecall,9350.0,10421.18,2025-03-13
APP11481,CUST10016,LEN1006,500000.0,415000.0,25.43,24,Medical Emergency,2024-12-08,2024-12-09,Approved,,DSA / Partner,12450.0,22238.82,2024-12-12
APP11482,CUST10570,LEN1007,455000.0,395000.0,28.12,24,Personal Expenses,2025-10-08,2025-10-12,Approved,,Mobile App,10862.5,21705.12,2025-10-14
APP11483,CUST10691,LEN1001,145000.0,,,60,Education,2024-05-31,,Rejected,KYC Verification Failed,Mobile App,,,
APP11484,CUST11394,LEN1017,430000.0,385000.0,24.62,24,Education,2024-02-10,2024-02-14,Approved,,DSA / Partner,8085.0,20474.7,2024-02-16
APP11485,CUST11104,LEN1015,315000.0,,,18,Personal Expenses,2025-08-26,,Rejected,Incomplete Documentation,DSA / Partner,,,
APP11486,CUST10129,LEN1016,1000000.0,845000.0,22.64,24,Wedding,2025-08-08,2025-08-12,Approved,,Branch,23660.0,44104.56,2025-08-13
APP11487,CUST10921,LEN1009,285000.0,280000.0,11.26,48,Personal Expenses,2025-11-15,2025-11-17,Approved,,Mobile App,5040.0,7272.15,2025-11-17
APP11488,CUST11087,LEN1008,140000.0,,,60,Wedding,2025-02-10,,Rejected,Low Credit Score,Mobile App,,,
APP11489,CUST10881,LEN1002,530000.0,,,60,Debt Consolidation,2025-07-13,,Pending,,Branch,,,
APP11490,CUST10854,LEN1001,650000.0,525000.0,16.47,48,Debt Consolidation,2025-11-10,2025-11-11,Approved,,Branch,13125.0,15005.32,2025-11-13
APP11491,CUST10238,LEN1008,345000.0,320000.0,21.17,24,Business Expansion,2025-07-12,2025-07-15,Approved,,Mobile App,6400.0,16470.14,2025-07-15
APP11492,CUST10674,LEN1008,710000.0,,,6,Medical Emergency,2024-09-21,,Rejected,High Debt-to-Income Ratio,Mobile App,,,
APP11493,CUST11347,LEN1010,220000.0,,,24,Home Renovation,2024-07-27,,Pending,,DSA / Partner,,,
APP11494,CUST11494,LEN1006,500000.0,,,60,Debt Consolidation,2025-07-09,,Pending,,Website,,,
APP11495,CUST11417,LEN1018,350000.0,345000.0,21.42,6,Home Renovation,2024-01-04,2024-01-06,Approved,,Mobile App,6900.0,61145.27,2024-01-07
APP11496,CUST10233,LEN1015,305000.0,275000.0,24.11,36,Wedding,2024-05-05,2024-05-05,Approved,,Branch,8937.5,10804.92,2024-05-07
APP11497,CUST10189,LEN1012,220000.0,210000.0,13.23,60,Education,2024-09-13,2024-09-17,Approved,,Branch,5250.0,4802.91,2024-09-17
APP11498,CUST10130,LEN1006,160000.0,,,12,Education,2025-10-08,,Pending,,DSA / Partner,,,
APP11499,CUST10720,LEN1001,335000.0,320000.0,23.07,24,Vehicle Purchase,2025-06-08,2025-06-09,Approved,,Mobile App,8000.0,16770.58,2025-06-10
APP11500,CUST11272,LEN1016,560000.0,540000.0,25.68,48,Medical Emergency,2024-08-20,2024-08-23,Approved,,Direct Telecall,15120.0,18110.26,2024-08-26
APP11501,CUST10794,LEN1011,490000.0,,,12,Personal Expenses,2025-04-08,,Rejected,High Debt-to-Income Ratio,Mobile App,,,
APP11502,CUST10008,LEN1019,410000.0,,,48,Business Expansion,2024-12-12,,Rejected,Insufficient Monthly Income,Direct Telecall,,,
APP11503,CUST10016,LEN1011,725000.0,655000.0,24.85,6,Home Renovation,2025-08-31,2025-09-04,Approved,,Mobile App,14410.0,117214.09,2025-09-05
APP11504,CUST10970,LEN1016,275000.0,,,36,Business Expansion,2025-10-01,,Rejected,Low Credit Score,Mobile App,,,
APP11505,CUST11307,LEN1011,1000000.0,,,36,Vehicle Purchase,2024-02-09,,Rejected,Low Credit Score,Website,,,
APP11506,CUST10113,LEN1010,380000.0,325000.0,20.34,12,Debt Consolidation,2024-06-05,2024-06-05,Approved,,DSA / Partner,8125.0,30159.12,2024-06-07
APP11507,CUST10154,LEN1016,425000.0,,,18,Vehicle Purchase,2024-01-27,,Rejected,KYC Verification Failed,Mobile App,,,
APP11508,CUST10672,LEN1006,500000.0,460000.0,17.04,60,Home Renovation,2025-09-09,2025-09-09,Approved,,Branch,13800.0,11442.08,2025-09-09
APP11509,CUST10542,LEN1011,305000.0,,,6,Home Renovation,2024-08-05,,Rejected,Past Loan Default,Branch,,,
APP11510,CUST10162,LEN1008,85000.0,85000.0,31.23,18,Medical Emergency,2025-07-16,2025-07-20,Approved,,Direct Telecall,1700.0,5974.42,2025-07-22
APP11511,CUST11132,LEN1010,195000.0,,,24,Personal Expenses,2025-03-06,,Pending,,Website,,,
APP11512,CUST10191,LEN1011,200000.0,200000.0,19.19,6,Home Renovation,2024-04-06,2024-04-06,Approved,,Mobile App,4400.0,35223.69,2024-04-09
APP11513,CUST10088,LEN1016,415000.0,380000.0,19.07,24,Medical Emergency,2024-06-11,2024-06-12,Approved,,Website,10640.0,19168.2,2024-06-12
APP11514,CUST10685,LEN1006,280000.0,,,36,Medical Emergency,2024-01-18,,Pending,,Direct Telecall,,,
APP11515,CUST10964,LEN1007,715000.0,,,12,Home Renovation,2025-11-29,,Rejected,Past Loan Default,Direct Telecall,,,
APP11516,CUST10489,LEN1014,95000.0,85000.0,11.21,36,Debt Consolidation,2024-07-11,2024-07-14,Approved,,Branch,1615.0,2791.25,2024-07-15
APP11517,CUST11256,LEN1013,180000.0,160000.0,12.27,36,Debt Consolidation,2024-05-19,2024-05-23,Approved,,Website,3840.0,5334.95,2024-05-25
APP11518,CUST10552,LEN1008,270000.0,,,6,Vehicle Purchase,2025-10-25,,Pending,,Website,,,
APP11519,CUST11240,LEN1016,130000.0,125000.0,12.57,6,Vehicle Purchase,2024-07-14,2024-07-18,Approved,,Branch,3500.0,21603.77,2024-07-19
APP11520,CUST11313,LEN1019,330000.0,280000.0,14.32,48,Education,2024-02-11,2024-02-11,Approved,,Mobile App,8400.0,7696.44,2024-02-11
APP11521,CUST11401,LEN1013,265000.0,210000.0,11.13,12,Debt Consolidation,2025-08-11,2025-08-11,Approved,,Mobile App,5040.0,18572.88,2025-08-11
APP11522,CUST10847,LEN1004,555000.0,530000.0,25.36,24,Home Renovation,2025-10-25,2025-10-27,Approved,,Mobile App,9275.0,28382.73,2025-10-30
APP11523,CUST10776,LEN1017,250000.0,,,24,Education,2024-05-29,,Pending,,Direct Telecall,,,
APP11524,CUST10424,LEN1013,180000.0,180000.0,18.52,60,Education,2025-05-15,2025-05-17,Approved,,DSA / Partner,4320.0,4621.89,2025-05-17
APP11525,CUST10888,LEN1015,290000.0,260000.0,27.3,60,Personal Expenses,2025-04-14,2025-04-14,Approved,,Direct Telecall,8450.0,7985.87,2025-04-16
APP11526,CUST10289,LEN1010,280000.0,230000.0,11.86,24,Personal Expenses,2025-06-26,2025-06-28,Approved,,DSA / Partner,5750.0,10811.87,2025-06-29
APP11527,CUST10921,LEN1007,530000.0,440000.0,11.16,18,Wedding,2024-10-03,2024-10-04,Approved,,DSA / Partner,12100.0,26660.73,2024-10-04
APP11528,CUST10481,LEN1016,480000.0,455000.0,18.9,36,Home Renovation,2024-10-01,2024-10-06,Approved,,Mobile App,12740.0,16655.49,2024-10-06
APP11529,CUST10557,LEN1017,225000.0,,,48,Vehicle Purchase,2024-03-05,,Rejected,Past Loan Default,Mobile App,,,
APP11530,CUST10220,LEN1008,310000.0,300000.0,19.13,18,Education,2025-07-23,2025-07-27,Approved,,Direct Telecall,6000.0,19303.72,2025-07-28
APP11531,CUST11286,LEN1016,545000.0,520000.0,24.87,6,Home Renovation,2024-12-01,2024-12-04,Approved,,Mobile App,14560.0,93060.69,2024-12-06
APP11532,CUST10003,LEN1016,155000.0,130000.0,25.04,6,Debt Consolidation,2025-03-11,2025-03-15,Approved,,Direct Telecall,3640.0,23276.28,2025-03-16
APP11533,CUST11288,LEN1013,500000.0,445000.0,17.46,36,Business Expansion,2025-01-24,2025-01-25,Approved,,Mobile App,10680.0,15967.53,2025-01-27
APP11534,CUST10094,LEN1011,410000.0,370000.0,18.5,60,Education,2024-12-07,2024-12-11,Approved,,Branch,8140.0,9496.5,2024-12-11
APP11535,CUST11413,LEN1003,50000.0,,,12,Education,2024-02-14,,Pending,,DSA / Partner,,,
APP11536,CUST10420,LEN1015,400000.0,,,48,Medical Emergency,2025-11-28,,Rejected,Past Loan Default,Mobile App,,,
APP11537,CUST10904,LEN1005,300000.0,,,12,Education,2024-04-09,,Rejected,Low Credit Score,Website,,,
APP11538,CUST10526,LEN1001,625000.0,575000.0,11.85,24,Medical Emergency,2025-10-20,2025-10-21,Approved,,Website,14375.0,27026.99,2025-10-21
APP11539,CUST10698,LEN1008,255000.0,240000.0,31.64,6,Debt Consolidation,2025-07-03,2025-07-04,Approved,,Branch,4800.0,43771.36,2025-07-04
APP11540,CUST10975,LEN1009,630000.0,,,48,Personal Expenses,2024-08-09,,Rejected,Insufficient Monthly Income,DSA / Partner,,,
APP11541,CUST10678,LEN1004,60000.0,,,36,Education,2024-10-11,,Rejected,Low Credit Score,Branch,,,
APP11542,CUST10875,LEN1012,600000.0,,,60,Wedding,2025-12-13,,Rejected,High Debt-to-Income Ratio,Branch,,,
APP11543,CUST10056,LEN1004,1000000.0,840000.0,15.98,36,Personal Expenses,2024-10-08,2024-10-09,Approved,,Direct Telecall,14700.0,29523.61,2024-10-09
APP11544,CUST10368,LEN1007,800000.0,650000.0,28.75,12,Home Renovation,2025-04-16,2025-04-20,Approved,,Website,17875.0,62967.64,2025-04-21
APP11545,CUST10065,LEN1004,1000000.0,950000.0,19.95,48,Education,2025-10-04,2025-10-09,Approved,,Website,16625.0,28883.54,2025-10-12
APP11546,CUST10316,LEN1003,570000.0,475000.0,13.7,12,Wedding,2024-01-08,2024-01-09,Approved,,DSA / Partner,7125.0,42581.86,2024-01-12
APP11547,CUST10223,LEN1003,495000.0,405000.0,11.19,12,Medical Emergency,2025-03-01,2025-03-02,Approved,,Mobile App,6075.0,35830.48,2025-03-04
APP11548,CUST11462,LEN1017,1000000.0,,,48,Business Expansion,2024-06-10,,Rejected,Past Loan Default,DSA / Partner,,,
APP11549,CUST11092,LEN1019,210000.0,,,24,Vehicle Purchase,2025-09-17,,Pending,,Mobile App,,,
APP11550,CUST10912,LEN1009,410000.0,345000.0,11.39,36,Education,2024-01-21,2024-01-25,Approved,,Direct Telecall,6210.0,11358.68,2024-01-28
APP11551,CUST10187,LEN1019,75000.0,,,48,Home Renovation,2024-08-23,,Pending,,Mobile App,,,
APP11552,CUST11435,LEN1018,1000000.0,,,6,Wedding,2025-10-27,,Pending,,DSA / Partner,,,
APP11553,CUST11190,LEN1005,65000.0,,,12,Education,2024-09-03,,Pending,,Mobile App,,,
APP11554,CUST10104,LEN1017,1000000.0,910000.0,18.09,36,Medical Emergency,2025-07-05,2025-07-09,Approved,,Mobile App,19110.0,32939.78,2025-07-09
APP11555,CUST10532,LEN1009,125000.0,110000.0,13.01,12,Home Renovation,2025-03-13,2025-03-14,Approved,,Mobile App,1980.0,9825.42,2025-03-15
APP11556,CUST11432,LEN1003,630000.0,,,36,Wedding,2025-03-08,,Rejected,Incomplete Documentation,Mobile App,,,
APP11557,CUST11299,LEN1018,390000.0,,,60,Business Expansion,2024-06-17,,Pending,,DSA / Partner,,,
APP11558,CUST11396,LEN1009,440000.0,,,18,Personal Expenses,2024-01-12,,Pending,,Mobile App,,,
APP11559,CUST10056,LEN1001,980000.0,,,48,Personal Expenses,2024-11-26,,Pending,,Mobile App,,,
APP11560,CUST10338,LEN1019,170000.0,,,48,Education,2024-04-10,,Rejected,Insufficient Monthly Income,DSA / Partner,,,
APP11561,CUST11104,LEN1012,335000.0,335000.0,22.63,48,Personal Expenses,2024-06-02,2024-06-07,Approved,,Direct Telecall,8375.0,10669.45,2024-06-07
APP11562,CUST11033,LEN1010,465000.0,,,18,Home Renovation,2025-07-12,,Rejected,High Debt-to-Income Ratio,Mobile App,,,
APP11563,CUST11230,LEN1019,380000.0,315000.0,15.99,18,Wedding,2024-03-19,2024-03-21,Approved,,Branch,9450.0,19798.29,2024-03-21
APP11564,CUST10644,LEN1013,475000.0,385000.0,13.74,36,Vehicle Purchase,2024-01-27,2024-02-01,Approved,,DSA / Partner,9240.0,13109.82,2024-02-03
APP11565,CUST10504,LEN1013,225000.0,190000.0,14.03,18,Medical Emergency,2025-06-12,2025-06-15,Approved,,Website,4560.0,11766.55,2025-06-15
APP11566,CUST10483,LEN1014,315000.0,295000.0,22.89,18,Education,2025-01-13,2025-01-14,Approved,,Website,5605.0,19517.45,2025-01-17
APP11567,CUST11495,LEN1002,235000.0,200000.0,14.79,6,Wedding,2025-02-20,2025-02-24,Approved,,Mobile App,4000.0,34785.93,2025-02-27
APP11568,CUST11266,LEN1012,600000.0,485000.0,25.03,6,Home Renovation,2024-03-07,2024-03-07,Approved,,Mobile App,12125.0,86836.0,2024-03-10
APP11569,CUST10518,LEN1017,135000.0,,,36,Personal Expenses,2025-10-02,,Rejected,Incomplete Documentation,Website,,,
APP11570,CUST10530,LEN1006,445000.0,,,24,Wedding,2025-06-12,,Rejected,High Debt-to-Income Ratio,Mobile App,,,
APP11571,CUST10775,LEN1007,800000.0,665000.0,16.89,6,Vehicle Purchase,2024-09-05,2024-09-10,Approved,,Website,18287.5,116356.85,2024-09-13
APP11572,CUST11268,LEN1010,860000.0,715000.0,14.3,36,Debt Consolidation,2024-10-31,2024-11-03,Approved,,DSA / Partner,17875.0,24541.32,2024-11-04
APP11573,CUST10755,LEN1017,215000.0,,,6,Debt Consolidation,2024-03-25,,Rejected,Insufficient Monthly Income,Website,,,
APP11574,CUST10084,LEN1013,125000.0,,,48,Vehicle Purchase,2024-12-29,,Rejected,KYC Verification Failed,Mobile App,,,
APP11575,CUST10596,LEN1002,125000.0,110000.0,23.76,60,Education,2025-11-22,2025-11-23,Approved,,Direct Telecall,2200.0,3149.17,2025-11-25
APP11576,CUST10393,LEN1001,1000000.0,960000.0,31.19,24,Vehicle Purchase,2025-02-25,2025-03-01,Approved,,Website,24000.0,54266.11,2025-03-01
APP11577,CUST10463,LEN1004,410000.0,385000.0,21.76,36,Home Renovation,2024-12-05,2024-12-09,Approved,,Website,6737.5,14655.57,2024-12-09
APP11578,CUST11380,LEN1011,110000.0,95000.0,14.23,48,Personal Expenses,2024-09-01,2024-09-03,Approved,,Website,2090.0,2606.99,2024-09-04
APP11579,CUST11078,LEN1009,275000.0,,,48,Medical Emergency,2024-08-15,,Pending,,DSA / Partner,,,
APP11580,CUST10290,LEN1004,135000.0,125000.0,20.06,48,Wedding,2025-04-22,2025-04-26,Approved,,Branch,2187.5,3807.79,2025-04-26
APP11581,CUST11243,LEN1007,295000.0,,,6,Education,2024-08-09,,Rejected,High Debt-to-Income Ratio,DSA / Partner,,,
APP11582,CUST10830,LEN1011,885000.0,875000.0,20.64,6,Vehicle Purchase,2024-03-19,2024-03-23,Approved,,Mobile App,19250.0,154737.24,2024-03-26
APP11583,CUST10671,LEN1013,140000.0,135000.0,16.65,36,Vehicle Purchase,2025-06-21,2025-06-22,Approved,,Branch,3240.0,4789.64,2025-06-23
APP11584,CUST10055,LEN1001,350000.0,290000.0,29.62,18,Vehicle Purchase,2025-07-16,2025-07-16,Approved,,Mobile App,7250.0,20149.2,2025-07-17
APP11585,CUST11410,LEN1013,315000.0,,,48,Wedding,2024-10-17,,Pending,,Website,,,
APP11586,CUST11221,LEN1004,550000.0,,,24,Personal Expenses,2025-11-27,,Rejected,High Debt-to-Income Ratio,Branch,,,
APP11587,CUST10803,LEN1012,600000.0,515000.0,16.91,18,Home Renovation,2024-03-19,2024-03-19,Approved,,Mobile App,12875.0,32593.0,2024-03-21
APP11588,CUST10223,LEN1018,240000.0,210000.0,10.58,12,Vehicle Purchase,2025-05-03,2025-05-04,Approved,,Branch,4200.0,18519.03,2025-05-07
APP11589,CUST10399,LEN1006,500000.0,450000.0,26.53,12,Education,2025-09-08,2025-09-11,Approved,,Branch,13500.0,43104.7,2025-09-13
APP11590,CUST10687,LEN1011,250000.0,235000.0,24.68,6,Debt Consolidation,2025-12-13,2025-12-14,Approved,,Mobile App,5170.0,42033.83,2025-12-17
APP11591,CUST10088,LEN1012,335000.0,,,60,Business Expansion,2025-05-19,,Rejected,Insufficient Monthly Income,Mobile App,,,
APP11592,CUST10878,LEN1014,755000.0,620000.0,19.88,48,Personal Expenses,2025-12-11,2025-12-14,Approved,,Branch,11780.0,18827.21,2025-12-14
APP11593,CUST10087,LEN1007,260000.0,230000.0,15.36,6,Education,2025-02-03,2025-02-03,Approved,,Website,6325.0,40068.87,2025-02-06
APP11594,CUST10316,LEN1015,130000.0,125000.0,14.34,48,Education,2024-06-28,2024-06-30,Approved,,Mobile App,4062.5,3437.17,2024-07-02
APP11595,CUST10107,LEN1014,265000.0,,,12,Vehicle Purchase,2024-04-21,,Rejected,Insufficient Monthly Income,Branch,,,
APP11596,CUST11283,LEN1016,205000.0,,,36,Home Renovation,2024-08-03,,Pending,,Branch,,,
APP11597,CUST11075,LEN1009,420000.0,410000.0,16.62,6,Medical Emergency,2024-11-07,2024-11-11,Approved,,Mobile App,7380.0,71683.76,2024-11-14
APP11598,CUST10398,LEN1011,145000.0,120000.0,15.47,24,Home Renovation,2024-02-17,2024-02-21,Approved,,DSA / Partner,2640.0,5845.23,2024-02-21
APP11599,CUST10110,LEN1004,580000.0,525000.0,13.48,24,Personal Expenses,2024-02-18,2024-02-22,Approved,,Branch,9187.5,25077.99,2024-02-22
APP11600,CUST10593,LEN1010,580000.0,,,6,Wedding,2025-08-19,,Rejected,High Debt-to-Income Ratio,Website,,,
APP11601,CUST10826,LEN1020,300000.0,290000.0,20.43,36,Vehicle Purchase,2025-08-09,2025-08-14,Approved,,Branch,10150.0,10841.08,2025-08-16
APP11602,CUST11132,LEN1020,300000.0,,,48,Wedding,2025-06-18,,Pending,,Mobile App,,,
APP11603,CUST10606,LEN1005,430000.0,365000.0,14.56,18,Vehicle Purchase,2025-08-05,2025-08-05,Approved,,Direct Telecall,8212.5,22694.94,2025-08-07
APP11604,CUST10044,LEN1017,1000000.0,,,36,Education,2024-07-13,,Pending,,Mobile App,,,
APP11605,CUST10222,LEN1006,195000.0,185000.0,28.64,60,Education,2024-05-24,2024-05-28,Approved,,Website,5550.0,5831.77,2024-05-28
APP11606,CUST10836,LEN1020,185000.0,,,36,Wedding,2025-02-11,,Pending,,Mobile App,,,
APP11607,CUST11312,LEN1004,395000.0,330000.0,14.23,24,Personal Expenses,2025-03-28,2025-04-01,Approved,,Direct Telecall,5775.0,15880.13,2025-04-02
APP11608,CUST11065,LEN1020,105000.0,105000.0,15.11,48,Business Expansion,2024-09-06,2024-09-11,Approved,,Direct Telecall,3675.0,2928.09,2024-09-11
APP11609,CUST10584,LEN1001,565000.0,515000.0,11.8,24,Medical Emergency,2025-12-12,2025-12-12,Approved,,Mobile App,12875.0,24194.77,2025-12-13
APP11610,CUST10832,LEN1019,500000.0,425000.0,12.85,36,Home Renovation,2025-11-07,2025-11-10,Approved,,DSA / Partner,12750.0,14289.24,2025-11-13
APP11611,CUST10706,LEN1014,820000.0,,,60,Education,2025-07-29,,Pending,,Mobile App,,,
APP11612,CUST10987,LEN1014,115000.0,,,60,Home Renovation,2025-06-25,,Pending,,Mobile App,,,
APP11613,CUST10643,LEN1019,275000.0,265000.0,28.45,60,Medical Emergency,2024-07-15,2024-07-16,Approved,,Website,7950.0,8323.08,2024-07-17
APP11614,CUST11204,LEN1010,900000.0,,,18,Personal Expenses,2024-06-17,,Rejected,Insufficient Monthly Income,Mobile App,,,
APP11615,CUST10459,LEN1001,120000.0,120000.0,11.67,60,Vehicle Purchase,2025-02-04,2025-02-04,Approved,,Branch,3000.0,2649.37,2025-02-04
APP11616,CUST10793,LEN1017,195000.0,190000.0,20.22,6,Education,2024-12-08,2024-12-08,Approved,,Branch,3990.0,33560.21,2024-12-08
APP11617,CUST10136,LEN1013,500000.0,465000.0,13.81,36,Debt Consolidation,2024-10-27,2024-11-01,Approved,,Mobile App,11160.0,15849.72,2024-11-03
APP11618,CUST10112,LEN1015,175000.0,160000.0,19.36,12,Education,2025-03-29,2025-03-29,Approved,,Branch,5200.0,14772.56,2025-03-31
APP11619,CUST10452,LEN1009,310000.0,265000.0,17.31,24,Wedding,2025-09-05,2025-09-10,Approved,,DSA / Partner,4770.0,13141.71,2025-09-13
APP11620,CUST10287,LEN1013,500000.0,435000.0,29.38,24,Home Renovation,2024-05-20,2024-05-20,Approved,,Branch,10440.0,24183.47,2024-05-23
APP11621,CUST11485,LEN1016,1000000.0,,,6,Home Renovation,2025-09-08,,Pending,,Branch,,,
APP11622,CUST10137,LEN1009,70000.0,60000.0,14.92,36,Debt Consolidation,2024-07-18,2024-07-18,Approved,,Mobile App,1080.0,2077.57,2024-07-19
APP11623,CUST10644,LEN1012,600000.0,495000.0,15.18,12,Education,2025-02-14,2025-02-14,Approved,,Website,12375.0,44719.92,2025-02-17
APP11624,CUST10022,LEN1007,800000.0,665000.0,14.7,12,Medical Emergency,2025-09-09,2025-09-10,Approved,,Mobile App,18287.5,59927.68,2025-09-13
APP11625,CUST10488,LEN1017,220000.0,200000.0,20.9,18,Home Renovation,2025-05-22,2025-05-25,Approved,,DSA / Partner,4200.0,13039.33,2025-05-25
APP11626,CUST10390,LEN1007,645000.0,590000.0,12.68,48,Debt Consolidation,2024-09-27,2024-09-28,Approved,,Website,16225.0,15734.68,2024-09-30
APP11627,CUST10098,LEN1005,615000.0,525000.0,31.97,18,Personal Expenses,2025-03-17,2025-03-18,Approved,,Mobile App,11812.5,37096.51,2025-03-21
APP11628,CUST10420,LEN1009,750000.0,740000.0,20.58,24,Wedding,2024-04-20,2024-04-25,Approved,,Branch,13320.0,37872.9,2024-04-28
APP11629,CUST11367,LEN1017,135000.0,125000.0,25.4,12,Medical Emergency,2024-06-14,2024-06-18,Approved,,Mobile App,2625.0,11904.8,2024-06-19
APP11630,CUST10210,LEN1007,140000.0,120000.0,12.99,24,Home Renovation,2025-07-13,2025-07-18,Approved,,Branch,3300.0,5704.46,2025-07-21
APP11631,CUST10479,LEN1014,750000.0,625000.0,19.6,12,Education,2025-06-11,2025-06-13,Approved,,Mobile App,11875.0,57776.98,2025-06-16
APP11632,CUST10060,LEN1011,125000.0,110000.0,19.69,60,Wedding,2024-01-24,2024-01-28,Approved,,Direct Telecall,2420.0,2895.39,2024-01-31
APP11633,CUST10825,LEN1004,310000.0,265000.0,11.72,48,Personal Expenses,2025-05-23,2025-05-24,Approved,,DSA / Partner,4637.5,6942.09,2025-05-24
APP11634,CUST10748,LEN1001,425000.0,,,12,Medical Emergency,2024-06-24,,Pending,,Direct Telecall,,,
APP11635,CUST10370,LEN1008,520000.0,485000.0,15.51,18,Home Renovation,2025-02-06,2025-02-06,Approved,,Mobile App,9700.0,30373.16,2025-02-08
APP11636,CUST11105,LEN1015,360000.0,,,48,Debt Consolidation,2025-08-06,,Rejected,High Debt-to-Income Ratio,DSA / Partner,,,
APP11637,CUST10150,LEN1017,300000.0,,,12,Medical Emergency,2024-05-22,,Pending,,Branch,,,
APP11638,CUST10671,LEN1019,310000.0,,,24,Personal Expenses,2025-08-27,,Pending,,Branch,,,
APP11639,CUST11095,LEN1009,250000.0,,,36,Debt Consolidation,2024-01-17,,Rejected,High Debt-to-Income Ratio,Branch,,,
APP11640,CUST10260,LEN1002,1000000.0,945000.0,30.01,60,Personal Expenses,2025-12-09,2025-12-13,Approved,,Branch,18900.0,30579.76,2025-12-16
APP11641,CUST11473,LEN1020,300000.0,260000.0,24.07,18,Debt Consolidation,2024-05-13,2024-05-18,Approved,,Direct Telecall,9100.0,17351.44,2024-05-18
APP11642,CUST11326,LEN1003,265000.0,,,24,Wedding,2025-12-12,,Rejected,Incomplete Documentation,Mobile App,,,
APP11643,CUST10904,LEN1003,410000.0,365000.0,23.44,12,Education,2025-02-15,2025-02-19,Approved,,Branch,5475.0,34415.41,2025-02-20
APP11644,CUST10054,LEN1020,190000.0,,,24,Medical Emergency,2024-03-06,,Pending,,Branch,,,
APP11645,CUST11474,LEN1015,400000.0,330000.0,29.78,36,Wedding,2025-07-08,2025-07-11,Approved,,DSA / Partner,10725.0,13969.29,2025-07-14
APP11646,CUST11472,LEN1005,485000.0,405000.0,20.97,12,Business Expansion,2025-08-13,2025-08-13,Approved,,Branch,9112.5,37705.25,2025-08-15
APP11647,CUST11396,LEN1017,60000.0,60000.0,18.22,48,Home Renovation,2025-10-02,2025-10-07,Approved,,Direct Telecall,1260.0,1769.41,2025-10-09
APP11648,CUST10062,LEN1012,380000.0,330000.0,11.87,24,Vehicle Purchase,2025-09-26,2025-09-26,Approved,,Direct Telecall,8250.0,15514.22,2025-09-26
APP11649,CUST11379,LEN1004,195000.0,190000.0,11.3,36,Home Renovation,2024-12-16,2024-12-17,Approved,,Direct Telecall,3325.0,6247.38,2024-12-20
APP11650,CUST10944,LEN1019,160000.0,135000.0,22.31,12,Business Expansion,2024-10-28,2024-10-29,Approved,,Branch,4050.0,12655.39,2024-10-31
APP11651,CUST10802,LEN1008,1000000.0,,,12,Medical Emergency,2025-02-18,,Pending,,Website,,,
APP11652,CUST10337,LEN1009,85000.0,,,48,Business Expansion,2025-06-29,,Rejected,KYC Verification Failed,Mobile App,,,
APP11653,CUST11480,LEN1016,110000.0,90000.0,20.76,18,Vehicle Purchase,2025-08-12,2025-08-13,Approved,,Mobile App,2520.0,5861.62,2025-08-14
APP11654,CUST10704,LEN1017,415000.0,405000.0,13.32,48,Business Expansion,2024-08-16,2024-08-16,Approved,,Mobile App,8505.0,10929.57,2024-08-19
APP11655,CUST10757,LEN1012,85000.0,85000.0,31.7,48,Wedding,2024-09-26,2024-09-30,Approved,,Branch,2125.0,3145.12,2024-10-02
APP11656,CUST10033,LEN1020,205000.0,,,24,Debt Consolidation,2024-08-17,,Pending,,Website,,,
APP11657,CUST10016,LEN1007,330000.0,320000.0,21.47,36,Medical Emergency,2025-06-08,2025-06-08,Approved,,Direct Telecall,8800.0,12133.38,2025-06-11
APP11658,CUST11227,LEN1016,125000.0,105000.0,21.28,12,Business Expansion,2024-08-29,2024-08-31,Approved,,Branch,2940.0,9791.06,2024-09-01
APP11659,CUST10808,LEN1010,125000.0,120000.0,27.29,18,Wedding,2024-11-30,2024-12-01,Approved,,Mobile App,3000.0,8198.49,2024-12-02
APP11660,CUST10750,LEN1020,205000.0,170000.0,25.01,60,Vehicle Purchase,2025-06-21,2025-06-24,Approved,,DSA / Partner,5950.0,4990.72,2025-06-26
APP11661,CUST10094,LEN1001,900000.0,,,18,Home Renovation,2025-10-20,,Rejected,Low Credit Score,Direct Telecall,,,
APP11662,CUST10581,LEN1003,170000.0,155000.0,25.75,18,Home Renovation,2025-01-27,2025-01-27,Approved,,DSA / Partner,2325.0,10471.86,2025-01-30
APP11663,CUST11150,LEN1002,320000.0,,,60,Home Renovation,2024-01-07,,Pending,,DSA / Partner,,,
APP11664,CUST10557,LEN1012,65000.0,,,60,Business Expansion,2024-06-15,,Rejected,High Debt-to-Income Ratio,DSA / Partner,,,
APP11665,CUST10678,LEN1018,240000.0,,,60,Vehicle Purchase,2024-02-29,,Rejected,KYC Verification Failed,DSA / Partner,,,
APP11666,CUST11196,LEN1017,240000.0,205000.0,13.09,60,Wedding,2025-03-28,2025-03-29,Approved,,Branch,4305.0,4673.83,2025-04-01
APP11667,CUST11447,LEN1011,135000.0,115000.0,12.26,48,Debt Consolidation,2025-10-09,2025-10-11,Approved,,Branch,2530.0,3043.09,2025-10-13
APP11668,CUST11460,LEN1020,300000.0,295000.0,31.81,36,Home Renovation,2025-09-21,2025-09-26,Approved,,Website,10325.0,12817.46,2025-09-29
APP11669,CUST10681,LEN1001,175000.0,145000.0,22.6,60,Personal Expenses,2024-02-13,2024-02-18,Approved,,Mobile App,3625.0,4054.36,2024-02-19
APP11670,CUST11201,LEN1008,100000.0,95000.0,31.22,12,Home Renovation,2024-04-28,2024-04-28,Approved,,Direct Telecall,1900.0,9318.38,2024-04-29
APP11671,CUST10012,LEN1011,105000.0,95000.0,19.85,6,Education,2025-10-10,2025-10-15,Approved,,Direct Telecall,2090.0,16762.55,2025-10-15
APP11672,CUST10582,LEN1010,160000.0,150000.0,24.61,36,Vehicle Purchase,2025-08-23,2025-08-24,Approved,,DSA / Partner,3750.0,5933.08,2025-08-27
APP11673,CUST11414,LEN1008,350000.0,,,48,Wedding,2024-10-26,,Rejected,Incomplete Documentation,Direct Telecall,,,
APP11674,CUST10847,LEN1005,1000000.0,,,12,Business Expansion,2024-06-20,,Rejected,KYC Verification Failed,Branch,,,
APP11675,CUST10590,LEN1007,490000.0,470000.0,26.72,6,Education,2025-07-10,2025-07-11,Approved,,Mobile App,12925.0,84550.11,2025-07-12
APP11676,CUST10129,LEN1005,425000.0,395000.0,21.39,12,Personal Expenses,2024-11-08,2024-11-13,Approved,,Direct Telecall,8887.5,36853.92,2024-11-13
APP11677,CUST10185,LEN1017,315000.0,295000.0,14.94,18,Wedding,2024-07-27,2024-07-27,Approved,,Mobile App,6195.0,18395.18,2024-07-28
APP11678,CUST10966,LEN1013,400000.0,390000.0,28.93,6,Wedding,2024-07-04,2024-07-06,Approved,,Mobile App,9360.0,70593.49,2024-07-08
APP11679,CUST10744,LEN1018,675000.0,655000.0,20.75,24,Home Renovation,2024-06-07,2024-06-09,Approved,,DSA / Partner,13100.0,33577.23,2024-06-10
APP11680,CUST11267,LEN1003,205000.0,185000.0,15.72,60,Wedding,2025-11-04,2025-11-07,Approved,,DSA / Partner,2775.0,4471.36,2025-11-07
APP11681,CUST11126,LEN1006,365000.0,325000.0,14.22,6,Wedding,2024-03-05,2024-03-08,Approved,,Mobile App,9750.0,56435.28,2024-03-09
APP11682,CUST11157,LEN1019,500000.0,415000.0,15.27,60,Personal Expenses,2024-07-05,2024-07-09,Approved,,Website,12450.0,9931.73,2024-07-10
APP11683,CUST10844,LEN1006,500000.0,,,48,Vehicle Purchase,2025-11-04,,Rejected,Past Loan Default,Website,,,
APP11684,CUST10155,LEN1010,240000.0,210000.0,14.65,36,Home Renovation,2024-06-19,2024-06-20,Approved,,Mobile App,5250.0,7243.78,2024-06-21
APP11685,CUST10656,LEN1018,760000.0,720000.0,11.89,18,Vehicle Purchase,2025-05-15,2025-05-20,Approved,,Mobile App,14400.0,43870.29,2025-05-23
APP11686,CUST10449,LEN1006,500000.0,435000.0,13.1,18,Education,2025-08-07,2025-08-11,Approved,,Mobile App,13050.0,26750.0,2025-08-14
APP11687,CUST11252,LEN1004,110000.0,100000.0,18.54,24,Wedding,2024-07-10,2024-07-11,Approved,,Mobile App,1750.0,5018.54,2024-07-11
APP11688,CUST10679,LEN1008,390000.0,,,36,Wedding,2025-05-24,,Pending,,Branch,,,
APP11689,CUST11473,LEN1004,815000.0,,,48,Business Expansion,2025-08-16,,Rejected,Past Loan Default,Mobile App,,,
APP11690,CUST11063,LEN1008,65000.0,55000.0,20.08,6,Medical Emergency,2025-01-08,2025-01-08,Approved,,Mobile App,1100.0,9710.95,2025-01-09
APP11691,CUST10355,LEN1002,855000.0,835000.0,23.64,18,Wedding,2025-12-03,2025-12-07,Approved,,Branch,16700.0,55549.45,2025-12-10
APP11692,CUST10716,LEN1007,555000.0,485000.0,14.29,48,Business Expansion,2025-06-10,2025-06-14,Approved,,Direct Telecall,13337.5,13324.0,2025-06-17
APP11693,CUST10125,LEN1002,125000.0,115000.0,12.94,18,Debt Consolidation,2025-02-01,2025-02-05,Approved,,Mobile App,2300.0,7063.25,2025-02-07
APP11694,CUST10225,LEN1015,90000.0,90000.0,25.35,60,Home Renovation,2025-08-07,2025-08-07,Approved,,Mobile App,2925.0,2660.12,2025-08-08
APP11695,CUST11317,LEN1019,300000.0,,,48,Business Expansion,2024-01-25,,Rejected,Low Credit Score,Direct Telecall,,,
APP11696,CUST10621,LEN1007,215000.0,205000.0,20.61,48,Education,2025-09-18,2025-09-22,Approved,,Mobile App,5637.5,6305.04,2025-09-25
APP11697,CUST10963,LEN1003,230000.0,230000.0,21.81,36,Wedding,2025-09-15,2025-09-15,Approved,,Mobile App,3450.0,8761.21,2025-09-16
APP11698,CUST11499,LEN1005,140000.0,125000.0,15.78,12,Medical Emergency,2025-04-16,2025-04-17,Approved,,Direct Telecall,2812.5,11328.35,2025-04-17
APP11699,CUST10236,LEN1020,300000.0,265000.0,17.06,48,Medical Emergency,2024-04-25,2024-04-26,Approved,,Mobile App,9275.0,7654.81,2024-04-26
APP11700,CUST10248,LEN1020,195000.0,,,24,Home Renovation,2024-12-17,,Pending,,Direct Telecall,,,
APP11701,CUST11356,LEN1017,1000000.0,,,12,Education,2024-08-07,,Pending,,Branch,,,
APP11702,CUST10076,LEN1010,225000.0,205000.0,19.51,24,Vehicle Purchase,2024-08-01,2024-08-04,Approved,,Website,5125.0,10384.63,2024-08-06
APP11703,CUST11067,LEN1004,120000.0,100000.0,13.67,60,Debt Consolidation,2024-04-12,2024-04-16,Approved,,Mobile App,1750.0,2309.75,2024-04-19
APP11704,CUST11281,LEN1017,310000.0,270000.0,13.99,18,Personal Expenses,2025-11-11,2025-11-15,Approved,,Branch,5670.0,16715.83,2025-11-17
APP11705,CUST10770,LEN1005,120000.0,,,60,Education,2025-01-10,,Rejected,KYC Verification Failed,Direct Telecall,,,
APP11706,CUST11478,LEN1013,305000.0,280000.0,11.54,6,Personal Expenses,2025-11-13,2025-11-18,Approved,,Mobile App,6720.0,48249.92,2025-11-21
APP11707,CUST10035,LEN1004,205000.0,,,24,Medical Emergency,2024-10-09,,Pending,,Mobile App,,,
APP11708,CUST10391,LEN1014,805000.0,705000.0,24.84,36,Business Expansion,2025-01-10,2025-01-11,Approved,,Branch,13395.0,27971.05,2025-01-12
APP11709,CUST10056,LEN1009,750000.0,,,48,Home Renovation,2024-05-24,,Rejected,Insufficient Monthly Income,Mobile App,,,
APP11710,CUST10111,LEN1014,105000.0,95000.0,14.41,36,Home Renovation,2024-08-24,2024-08-25,Approved,,DSA / Partner,1805.0,3265.82,2024-08-25
APP11711,CUST10908,LEN1003,455000.0,375000.0,20.38,60,Personal Expenses,2024-08-21,2024-08-25,Approved,,DSA / Partner,5625.0,10014.66,2024-08-25
APP11712,CUST10702,LEN1011,505000.0,470000.0,17.58,60,Home Renovation,2025-10-08,2025-10-13,Approved,,Direct Telecall,10340.0,11827.79,2025-10-15
APP11713,CUST10067,LEN1008,215000.0,195000.0,15.83,6,Business Expansion,2025-05-23,2025-05-26,Approved,,DSA / Partner,3900.0,34016.94,2025-05-28
APP11714,CUST10867,LEN1010,900000.0,860000.0,14.61,18,Wedding,2025-11-24,2025-11-26,Approved,,Branch,21500.0,53493.2,2025-11-29
APP11715,CUST10354,LEN1008,435000.0,390000.0,10.51,60,Medical Emergency,2024-09-14,2024-09-14,Approved,,Mobile App,7800.0,8384.55,2024-09-14
APP11716,CUST10243,LEN1017,115000.0,105000.0,10.8,12,Personal Expenses,2025-02-26,2025-03-01,Approved,,Direct Telecall,2205.0,9270.28,2025-03-03
APP11717,CUST10185,LEN1016,250000.0,225000.0,15.96,36,Personal Expenses,2024-01-14,2024-01-19,Approved,,Branch,6300.0,7905.89,2024-01-21
APP11718,CUST10918,LEN1004,75000.0,65000.0,14.17,6,Medical Emergency,2024-03-03,2024-03-03,Approved,,Website,1137.5,11285.45,2024-03-06
APP11719,CUST10928,LEN1004,450000.0,445000.0,20.18,24,Education,2024-03-22,2024-03-24,Approved,,Website,7787.5,22687.78,2024-03-26
APP11720,CUST11087,LEN1009,460000.0,435000.0,10.57,12,Vehicle Purchase,2024-04-26,2024-04-30,Approved,,Mobile App,7830.0,38358.83,2024-05-03
APP11721,CUST10373,LEN1012,295000.0,,,36,Business Expansion,2025-03-12,,Rejected,Incomplete Documentation,DSA / Partner,,,
APP11722,CUST10880,LEN1020,140000.0,110000.0,22.07,6,Education,2025-07-28,2025-08-02,Approved,,Mobile App,3850.0,19531.38,2025-08-03
APP11723,CUST11244,LEN1013,230000.0,,,60,Wedding,2025-03-23,,Pending,,Website,,,
APP11724,CUST10807,LEN1014,1000000.0,,,6,Business Expansion,2024-03-06,,Rejected,Past Loan Default,Branch,,,
APP11725,CUST10493,LEN1005,915000.0,,,24,Personal Expenses,2024-02-28,,Pending,,Mobile App,,,
APP11726,CUST10545,LEN1013,390000.0,360000.0,19.92,6,Debt Consolidation,2025-10-03,2025-10-03,Approved,,Website,8640.0,63533.82,2025-10-03
APP11727,CUST10916,LEN1019,400000.0,320000.0,19.48,24,Medical Emergency,2024-02-08,2024-02-12,Approved,,Website,9600.0,16205.48,2024-02-13
APP11728,CUST11114,LEN1018,145000.0,125000.0,24.37,48,Debt Consolidation,2024-01-04,2024-01-09,Approved,,Branch,2500.0,4100.84,2024-01-09
APP11729,CUST10649,LEN1006,235000.0,220000.0,19.23,36,Personal Expenses,2024-10-31,2024-11-03,Approved,,Branch,6600.0,8089.93,2024-11-06
APP11730,CUST11242,LEN1017,760000.0,640000.0,19.2,48,Education,2024-03-07,2024-03-12,Approved,,Direct Telecall,13440.0,19203.69,2024-03-12
APP11731,CUST10850,LEN1013,450000.0,,,48,Debt Consolidation,2025-02-24,,Rejected,Insufficient Monthly Income,Mobile App,,,
APP11732,CUST10204,LEN1005,200000.0,,,18,Personal Expenses,2025-05-06,,Rejected,Past Loan Default,DSA / Partner,,,
APP11733,CUST10546,LEN1008,205000.0,175000.0,15.6,12,Business Expansion,2024-07-06,2024-07-10,Approved,,DSA / Partner,3500.0,15844.79,2024-07-12
APP11734,CUST11194,LEN1019,500000.0,,,36,Wedding,2024-03-09,,Rejected,Incomplete Documentation,Mobile App,,,
APP11735,CUST10541,LEN1006,430000.0,385000.0,23.63,60,Home Renovation,2024-08-07,2024-08-11,Approved,,Mobile App,11550.0,10993.14,2024-08-12
APP11736,CUST10217,LEN1003,540000.0,,,60,Home Renovation,2025-11-12,,Pending,,Direct Telecall,,,
APP11737,CUST11351,LEN1001,430000.0,425000.0,12.9,48,Debt Consolidation,2025-07-12,2025-07-13,Approved,,Mobile App,10625.0,11380.6,2025-07-15
APP11738,CUST11402,LEN1020,300000.0,245000.0,14.89,36,Wedding,2024-04-24,2024-04-24,Approved,,Mobile App,8575.0,8479.81,2024-04-26
APP11739,CUST11355,LEN1017,90000.0,,,60,Medical Emergency,2025-02-12,,Pending,,Branch,,,
APP11740,CUST10533,LEN1010,695000.0,630000.0,15.74,12,Medical Emergency,2024-12-30,2024-12-31,Approved,,DSA / Partner,15750.0,57082.96,2025-01-03
APP11741,CUST11039,LEN1012,600000.0,510000.0,16.81,6,Home Renovation,2024-01-27,2024-01-30,Approved,,Mobile App,12750.0,89215.79,2024-02-01
APP11742,CUST10970,LEN1003,385000.0,315000.0,12.29,12,Education,2025-07-30,2025-07-30,Approved,,DSA / Partner,4725.0,28030.12,2025-07-30
APP11743,CUST10324,LEN1017,1000000.0,935000.0,15.22,48,Debt Consolidation,2025-09-06,2025-09-10,Approved,,Mobile App,19635.0,26126.14,2025-09-11
APP11744,CUST10949,LEN1013,500000.0,405000.0,13.73,48,Wedding,2025-10-12,2025-10-14,Approved,,Direct Telecall,9720.0,11012.45,2025-10-15
APP11745,CUST11462,LEN1004,545000.0,,,60,Medical Emergency,2025-03-09,,Rejected,Low Credit Score,Branch,,,
APP11746,CUST10727,LEN1014,120000.0,105000.0,16.19,36,Education,2025-05-14,2025-05-19,Approved,,Mobile App,1995.0,3701.35,2025-05-20
APP11747,CUST10683,LEN1013,295000.0,,,60,Wedding,2025-11-05,,Pending,,Branch,,,
APP11748,CUST11373,LEN1013,230000.0,215000.0,22.49,48,Personal Expenses,2025-03-07,2025-03-11,Approved,,Branch,5160.0,6831.13,2025-03-14
APP11749,CUST10786,LEN1018,310000.0,275000.0,14.51,18,Vehicle Purchase,2024-09-29,2024-09-29,Approved,,Mobile App,5500.0,17092.47,2024-10-02
APP11750,CUST10024,LEN1005,285000.0,,,6,Vehicle Purchase,2024-06-12,,Rejected,KYC Verification Failed,Mobile App,,,
APP11751,CUST11188,LEN1008,310000.0,255000.0,15.06,24,Debt Consolidation,2025-07-13,2025-07-17,Approved,,Branch,5100.0,12371.37,2025-07-18
APP11752,CUST10545,LEN1018,380000.0,370000.0,17.2,48,Education,2024-02-12,2024-02-14,Approved,,Branch,7400.0,10714.69,2024-02-17
APP11753,CUST10983,LEN1005,505000.0,410000.0,13.66,60,Wedding,2025-08-12,2025-08-12,Approved,,Branch,9225.0,9467.87,2025-08-12
APP11754,CUST10615,LEN1003,180000.0,155000.0,15.79,60,Medical Emergency,2024-09-11,2024-09-15,Approved,,Branch,2325.0,3752.03,2024-09-16
APP11755,CUST10419,LEN1014,160000.0,155000.0,11.53,12,Wedding,2025-02-21,2025-02-22,Approved,,Direct Telecall,2945.0,13737.51,2025-02-22
APP11756,CUST10522,LEN1011,355000.0,350000.0,22.87,6,Vehicle Purchase,2024-01-23,2024-01-25,Approved,,Website,7700.0,62285.61,2024-01-27
APP11757,CUST11015,LEN1005,175000.0,165000.0,20.44,36,Medical Emergency,2024-11-21,2024-11-26,Approved,,DSA / Partner,3712.5,6169.05,2024-11-28
APP11758,CUST10561,LEN1001,1000000.0,950000.0,11.95,24,Vehicle Purchase,2025-04-26,2025-05-01,Approved,,Mobile App,23750.0,44697.62,2025-05-01
APP11759,CUST11057,LEN1005,455000.0,,,36,Personal Expenses,2025-07-08,,Rejected,Incomplete Documentation,Branch,,,
APP11760,CUST10006,LEN1013,185000.0,150000.0,27.7,36,Home Renovation,2024-10-05,2024-10-09,Approved,,Mobile App,3600.0,6180.25,2024-10-09
APP11761,CUST10464,LEN1011,595000.0,,,24,Vehicle Purchase,2025-07-13,,Rejected,Insufficient Monthly Income,Website,,,
APP11762,CUST11263,LEN1018,695000.0,630000.0,27.94,12,Vehicle Purchase,2025-09-25,2025-09-29,Approved,,Direct Telecall,12600.0,60780.28,2025-10-02
APP11763,CUST11162,LEN1010,290000.0,,,60,Medical Emergency,2024-12-14,,Pending,,Website,,,
APP11764,CUST11205,LEN1009,685000.0,,,60,Personal Expenses,2024-05-07,,Rejected,Past Loan Default,Mobile App,,,
APP11765,CUST10277,LEN1020,300000.0,280000.0,14.71,6,Wedding,2024-09-09,2024-09-14,Approved,,Website,9800.0,48689.19,2024-09-14
APP11766,CUST10720,LEN1004,150000.0,125000.0,24.02,6,Vehicle Purchase,2024-03-04,2024-03-08,Approved,,Direct Telecall,2187.5,22316.98,2024-03-11
APP11767,CUST10425,LEN1014,265000.0,245000.0,14.55,24,Home Renovation,2025-06-11,2025-06-15,Approved,,Mobile App,4655.0,11826.91,2025-06-15
APP11768,CUST10777,LEN1016,110000.0,100000.0,19.15,6,Debt Consolidation,2024-11-01,2024-11-02,Approved,,Mobile App,2800.0,17609.85,2024-11-02
APP11769,CUST10601,LEN1013,500000.0,460000.0,23.21,48,Debt Consolidation,2025-07-24,2025-07-27,Approved,,Direct Telecall,11040.0,14796.65,2025-07-27
APP11770,CUST10670,LEN1014,225000.0,220000.0,15.02,6,Debt Consolidation,2025-03-09,2025-03-12,Approved,,Website,4180.0,38289.62,2025-03-14
APP11771,CUST11101,LEN1001,390000.0,325000.0,23.58,60,Debt Consolidation,2024-08-14,2024-08-18,Approved,,Website,8125.0,9270.53,2024-08-18
APP11772,CUST10871,LEN1005,115000.0,110000.0,12.85,60,Business Expansion,2025-02-18,2025-02-23,Approved,,Website,2475.0,2494.4,2025-02-24
APP11773,CUST10858,LEN1011,420000.0,365000.0,12.32,6,Medical Emergency,2025-10-09,2025-10-10,Approved,,DSA / Partner,8030.0,63037.88,2025-10-10
APP11774,CUST10019,LEN1014,80000.0,70000.0,16.39,12,Medical Emergency,2024-06-04,2024-06-07,Approved,,Mobile App,1330.0,6364.09,2024-06-10
APP11775,CUST10980,LEN1016,285000.0,,,12,Business Expansion,2024-03-09,,Rejected,Insufficient Monthly Income,Branch,,,
APP11776,CUST10057,LEN1004,175000.0,170000.0,31.13,18,Medical Emergency,2025-01-16,2025-01-18,Approved,,Mobile App,2975.0,11940.29,2025-01-21
APP11777,CUST10123,LEN1001,460000.0,420000.0,16.45,36,Personal Expenses,2025-04-30,2025-05-03,Approved,,Mobile App,10500.0,14859.43,2025-05-06
APP11778,CUST11145,LEN1005,240000.0,235000.0,14.64,6,Home Renovation,2025-09-01,2025-09-01,Approved,,Branch,5287.5,40855.98,2025-09-03
APP11779,CUST10914,LEN1005,285000.0,,,24,Debt Consolidation,2025-10-15,,Pending,,Mobile App,,,
APP11780,CUST10871,LEN1003,90000.0,80000.0,11.19,6,Home Renovation,2024-07-27,2024-07-30,Approved,,Mobile App,1200.0,13771.87,2024-08-01
APP11781,CUST10467,LEN1014,385000.0,345000.0,18.14,36,Vehicle Purchase,2024-02-19,2024-02-24,Approved,,Branch,6555.0,12496.82,2024-02-25
APP11782,CUST10755,LEN1009,400000.0,375000.0,19.66,12,Debt Consolidation,2024-05-06,2024-05-07,Approved,,Mobile App,6750.0,34676.95,2024-05-09
APP11783,CUST10519,LEN1012,600000.0,595000.0,17.72,18,Personal Expenses,2025-11-23,2025-11-28,Approved,,Mobile App,14875.0,37885.07,2025-11-30
APP11784,CUST10585,LEN1015,270000.0,225000.0,17.45,12,Education,2024-04-24,2024-04-29,Approved,,Mobile App,7312.5,20569.15,2024-05-02
APP11785,CUST10585,LEN1018,425000.0,400000.0,20.93,48,Wedding,2025-09-27,2025-09-30,Approved,,Direct Telecall,8000.0,12371.22,2025-10-03
APP11786,CUST10816,LEN1007,575000.0,465000.0,20.42,18,Home Renovation,2024-06-22,2024-06-26,Approved,,DSA / Partner,12787.5,30208.86,2024-06-29
APP11787,CUST11404,LEN1006,500000.0,,,24,Business Expansion,2024-01-13,,Pending,,Direct Telecall,,,
APP11788,CUST11342,LEN1018,105000.0,105000.0,16.0,60,Medical Emergency,2025-01-31,2025-02-02,Approved,,Branch,2100.0,2553.4,2025-02-04
APP11789,CUST11464,LEN1007,70000.0,65000.0,14.02,36,Education,2025-07-12,2025-07-16,Approved,,Website,1787.5,2222.18,2025-07-17
APP11790,CUST10678,LEN1008,255000.0,,,6,Personal Expenses,2025-10-11,,Rejected,Incomplete Documentation,Direct Telecall,,,
APP11791,CUST10213,LEN1017,95000.0,85000.0,18.86,60,Vehicle Purchase,2025-04-30,2025-04-30,Approved,,DSA / Partner,1785.0,2198.4,2025-05-03
APP11792,CUST10708,LEN1006,500000.0,,,18,Business Expansion,2024-09-25,,Rejected,Insufficient Monthly Income,Website,,,
APP11793,CUST10110,LEN1018,260000.0,235000.0,12.36,36,Business Expansion,2024-03-08,2024-03-11,Approved,,Direct Telecall,4700.0,7845.83,2024-03-11
APP11794,CUST10032,LEN1011,170000.0,,,36,Medical Emergency,2025-07-03,,Pending,,Mobile App,,,
APP11795,CUST10935,LEN1017,615000.0,,,18,Vehicle Purchase,2025-08-04,,Pending,,Branch,,,
APP11796,CUST11187,LEN1014,1000000.0,,,36,Home Renovation,2025-09-05,,Rejected,Low Credit Score,Direct Telecall,,,
APP11797,CUST10627,LEN1011,545000.0,,,48,Home Renovation,2024-04-17,,Rejected,KYC Verification Failed,DSA / Partner,,,
APP11798,CUST10921,LEN1005,255000.0,,,12,Personal Expenses,2025-09-04,,Rejected,Past Loan Default,Mobile App,,,
APP11799,CUST10781,LEN1009,110000.0,95000.0,11.85,12,Education,2025-10-26,2025-10-30,Approved,,Branch,1710.0,8433.97,2025-10-31
APP11800,CUST10488,LEN1019,185000.0,170000.0,16.73,12,Medical Emergency,2025-11-06,2025-11-07,Approved,,Direct Telecall,5100.0,15483.03,2025-11-08
APP11801,CUST10354,LEN1017,1000000.0,825000.0,12.95,6,Education,2024-05-29,2024-05-29,Approved,,Mobile App,17325.0,142739.94,2024-05-30
APP11802,CUST10472,LEN1006,500000.0,440000.0,18.51,6,Medical Emergency,2025-06-18,2025-06-18,Approved,,Direct Telecall,13200.0,77342.91,2025-06-18
APP11803,CUST10062,LEN1017,415000.0,340000.0,12.14,36,Wedding,2025-01-30,2025-02-01,Approved,,Direct Telecall,7140.0,11315.61,2025-02-02
APP11804,CUST10764,LEN1013,500000.0,,,18,Personal Expenses,2024-08-28,,Rejected,Past Loan Default,Direct Telecall,,,
APP11805,CUST10593,LEN1011,645000.0,615000.0,12.86,48,Medical Emergency,2025-06-06,2025-06-08,Approved,,Branch,13530.0,16456.21,2025-06-11
APP11806,CUST11128,LEN1005,255000.0,245000.0,30.76,18,Vehicle Purchase,2024-11-19,2024-11-19,Approved,,Branch,5512.5,17162.52,2024-11-19
APP11807,CUST10407,LEN1001,135000.0,120000.0,20.19,60,Vehicle Purchase,2024-01-04,2024-01-06,Approved,,Mobile App,3000.0,3191.97,2024-01-09
APP11808,CUST10897,LEN1003,430000.0,,,48,Personal Expenses,2025-03-19,,Rejected,Incomplete Documentation,DSA / Partner,,,
APP11809,CUST10799,LEN1014,370000.0,,,6,Personal Expenses,2025-02-06,,Pending,,Direct Telecall,,,
APP11810,CUST10760,LEN1010,645000.0,645000.0,26.11,48,Medical Emergency,2024-08-18,2024-08-21,Approved,,Direct Telecall,16125.0,21787.6,2024-08-23
APP11811,CUST10206,LEN1013,500000.0,405000.0,12.35,36,Debt Consolidation,2025-04-25,2025-04-27,Approved,,Branch,9720.0,13519.6,2025-04-28
APP11812,CUST10881,LEN1014,335000.0,,,18,Home Renovation,2025-07-01,,Pending,,DSA / Partner,,,
APP11813,CUST11487,LEN1019,500000.0,445000.0,13.64,24,Home Renovation,2025-09-13,2025-09-14,Approved,,DSA / Partner,13350.0,21290.13,2025-09-17
APP11814,CUST11143,LEN1018,215000.0,215000.0,15.52,48,Medical Emergency,2025-06-25,2025-06-28,Approved,,DSA / Partner,4300.0,6040.44,2025-06-28
APP11815,CUST10746,LEN1001,410000.0,365000.0,26.56,36,Vehicle Purchase,2025-01-06,2025-01-09,Approved,,Mobile App,9125.0,14815.18,2025-01-12
APP11816,CUST10048,LEN1020,300000.0,295000.0,15.82,6,Medical Emergency,2025-03-17,2025-03-19,Approved,,Mobile App,10325.0,51460.06,2025-03-22
APP11817,CUST11293,LEN1017,355000.0,305000.0,10.74,60,Home Renovation,2024-01-16,2024-01-16,Approved,,DSA / Partner,6405.0,6591.96,2024-01-18
APP11818,CUST10286,LEN1003,495000.0,490000.0,10.85,18,Business Expansion,2024-11-17,2024-11-20,Approved,,Branch,7350.0,29620.1,2024-11-23
APP11819,CUST10596,LEN1003,300000.0,,,12,Wedding,2025-01-29,,Pending,,Website,,,
APP11820,CUST11234,LEN1006,220000.0,205000.0,12.28,6,Home Renovation,2024-04-04,2024-04-05,Approved,,Website,6150.0,35400.78,2024-04-08
APP11821,CUST10546,LEN1006,165000.0,150000.0,14.9,36,Wedding,2025-06-08,2025-06-13,Approved,,Website,4500.0,5192.46,2025-06-15
APP11822,CUST11477,LEN1012,320000.0,,,12,Medical Emergency,2024-12-20,,Pending,,Branch,,,
APP11823,CUST11395,LEN1010,485000.0,465000.0,17.16,60,Personal Expenses,2025-03-21,2025-03-25,Approved,,Website,11625.0,11596.49,2025-03-26
APP11824,CUST10259,LEN1012,360000.0,295000.0,11.7,6,Personal Expenses,2024-02-20,2024-02-25,Approved,,Direct Telecall,7375.0,50858.04,2024-02-27
APP11825,CUST10840,LEN1009,530000.0,455000.0,20.4,24,Home Renovation,2024-05-19,2024-05-20,Approved,,Mobile App,8190.0,23246.6,2024-05-21
APP11826,CUST11147,LEN1020,180000.0,145000.0,23.65,48,Debt Consolidation,2024-02-29,2024-03-04,Approved,,Mobile App,5075.0,4699.25,2024-03-05
APP11827,CUST10330,LEN1009,560000.0,,,12,Medical Emergency,2025-03-05,,Rejected,Low Credit Score,Mobile App,,,
APP11828,CUST10798,LEN1018,330000.0,270000.0,12.86,60,Business Expansion,2025-05-08,2025-05-12,Approved,,Mobile App,5400.0,6124.0,2025-05-12
APP11829,CUST10188,LEN1004,460000.0,,,6,Home Renovation,2024-04-21,,Rejected,Incomplete Documentation,DSA / Partner,,,
APP11830,CUST10177,LEN1011,255000.0,215000.0,30.92,6,Personal Expenses,2025-01-06,2025-01-09,Approved,,Direct Telecall,4730.0,39133.39,2025-01-09
APP11831,CUST11167,LEN1005,190000.0,,,6,Wedding,2025-03-16,,Pending,,Mobile App,,,
APP11832,CUST11216,LEN1011,285000.0,,,6,Wedding,2025-10-31,,Rejected,Low Credit Score,Website,,,
APP11833,CUST11033,LEN1019,480000.0,405000.0,12.44,36,Business Expansion,2024-10-27,2024-10-31,Approved,,Direct Telecall,12150.0,13537.07,2024-11-03
APP11834,CUST10847,LEN1019,500000.0,460000.0,22.47,12,Vehicle Purchase,2024-05-14,2024-05-17,Approved,,Website,13800.0,43157.53,2024-05-17
APP11835,CUST10847,LEN1003,1000000.0,960000.0,25.07,60,Home Renovation,2024-07-26,2024-07-26,Approved,,DSA / Partner,14400.0,28216.68,2024-07-27
APP11836,CUST11486,LEN1003,175000.0,,,18,Personal Expenses,2024-12-26,,Pending,,Mobile App,,,
APP11837,CUST11150,LEN1020,235000.0,230000.0,11.14,48,Home Renovation,2025-04-24,2025-04-29,Approved,,Mobile App,8050.0,5960.12,2025-05-01
APP11838,CUST10897,LEN1009,605000.0,,,60,Education,2024-06-04,,Pending,,Website,,,
APP11839,CUST10862,LEN1017,80000.0,65000.0,18.49,60,Debt Consolidation,2025-03-21,2025-03-22,Approved,,Branch,1365.0,1667.95,2025-03-23
APP11840,CUST11470,LEN1009,405000.0,400000.0,22.66,36,Education,2024-11-06,2024-11-07,Approved,,Branch,7200.0,15413.09,2024-11-10
APP11841,CUST11292,LEN1010,185000.0,,,12,Personal Expenses,2024-12-08,,Rejected,Low Credit Score,Website,,,
APP11842,CUST10913,LEN1015,365000.0,,,48,Personal Expenses,2025-01-03,,Pending,,DSA / Partner,,,
APP11843,CUST10920,LEN1020,95000.0,80000.0,17.4,6,Business Expansion,2024-06-12,2024-06-12,Approved,,DSA / Partner,2800.0,14018.12,2024-06-12
APP11844,CUST11108,LEN1011,455000.0,420000.0,22.62,18,Medical Emergency,2025-05-20,2025-05-20,Approved,,Mobile App,9240.0,27732.42,2025-05-20
APP11845,CUST10479,LEN1004,810000.0,,,6,Wedding,2025-02-01,,Pending,,Branch,,,
APP11846,CUST10195,LEN1020,300000.0,,,6,Home Renovation,2024-10-29,,Rejected,Incomplete Documentation,Website,,,
APP11847,CUST10912,LEN1013,180000.0,145000.0,12.65,48,Home Renovation,2025-10-11,2025-10-13,Approved,,Mobile App,3480.0,3864.85,2025-10-14
APP11848,CUST10646,LEN1009,410000.0,385000.0,11.05,6,Home Renovation,2024-03-25,2024-03-27,Approved,,Mobile App,6930.0,66250.5,2024-03-29
APP11849,CUST10122,LEN1001,490000.0,,,24,Personal Expenses,2024-11-23,,Rejected,Low Credit Score,Mobile App,,,
APP11850,CUST10691,LEN1007,575000.0,540000.0,17.74,12,Business Expansion,2025-12-03,2025-12-08,Approved,,Direct Telecall,14850.0,49440.4,2025-12-10
APP11851,CUST10066,LEN1015,265000.0,250000.0,31.08,60,Wedding,2025-03-29,2025-04-01,Approved,,Mobile App,8125.0,8254.98,2025-04-01
APP11852,CUST10725,LEN1019,360000.0,340000.0,10.7,48,Personal Expenses,2025-11-13,2025-11-13,Approved,,Mobile App,10200.0,8738.03,2025-11-16
APP11853,CUST10590,LEN1020,165000.0,160000.0,26.8,18,Personal Expenses,2025-12-07,2025-12-09,Approved,,Mobile App,5600.0,10892.53,2025-12-11
APP11854,CUST10259,LEN1002,570000.0,535000.0,12.78,24,Personal Expenses,2025-09-18,2025-09-18,Approved,,Branch,10700.0,25379.63,2025-09-18
APP11855,CUST11112,LEN1010,150000.0,145000.0,15.39,6,Education,2024-12-10,2024-12-11,Approved,,Direct Telecall,3625.0,25262.97,2024-12-13
APP11856,CUST10709,LEN1008,890000.0,775000.0,26.52,48,Business Expansion,2024-02-16,2024-02-16,Approved,,Mobile App,15500.0,26358.15,2024-02-19
APP11857,CUST10998,LEN1019,500000.0,,,6,Personal Expenses,2025-08-07,,Rejected,Insufficient Monthly Income,DSA / Partner,,,
APP11858,CUST11122,LEN1002,60000.0,50000.0,24.51,24,Wedding,2024-09-26,2024-09-27,Approved,,DSA / Partner,1000.0,2656.3,2024-09-30
APP11859,CUST11026,LEN1009,675000.0,615000.0,11.37,12,Education,2024-07-17,2024-07-21,Approved,,Direct Telecall,11070.0,54460.92,2024-07-23
APP11860,CUST10461,LEN1001,40000.0,,,24,Wedding,2024-06-09,,Rejected,KYC Verification Failed,DSA / Partner,,,
APP11861,CUST10672,LEN1001,405000.0,,,48,Business Expansion,2024-03-15,,Pending,,Mobile App,,,
APP11862,CUST11011,LEN1007,220000.0,185000.0,13.91,18,Debt Consolidation,2025-02-04,2025-02-08,Approved,,Mobile App,5087.5,11446.51,2025-02-10
APP11863,CUST10377,LEN1019,70000.0,60000.0,16.08,12,Home Renovation,2024-08-14,2024-08-14,Approved,,Mobile App,1800.0,5446.12,2024-08-14
APP11864,CUST10066,LEN1019,120000.0,95000.0,30.61,24,Personal Expenses,2024-09-07,2024-09-11,Approved,,Website,2850.0,5341.59,2024-09-14
APP11865,CUST11046,LEN1009,225000.0,,,12,Medical Emergency,2025-01-28,,Rejected,Insufficient Monthly Income,Mobile App,,,
APP11866,CUST10910,LEN1008,240000.0,,,36,Personal Expenses,2025-11-25,,Rejected,KYC Verification Failed,Website,,,
APP11867,CUST10935,LEN1011,840000.0,815000.0,21.53,36,Wedding,2025-08-02,2025-08-06,Approved,,Website,17930.0,30927.41,2025-08-09
APP11868,CUST10639,LEN1006,195000.0,185000.0,27.16,12,Education,2025-11-18,2025-11-18,Approved,,DSA / Partner,5550.0,17777.67,2025-11-19
APP11869,CUST10938,LEN1012,515000.0,515000.0,16.18,12,Medical Emergency,2025-04-18,2025-04-23,Approved,,Website,12875.0,46770.27,2025-04-24
APP11870,CUST10003,LEN1015,120000.0,,,60,Business Expansion,2024-08-19,,Rejected,Incomplete Documentation,Mobile App,,,
APP11871,CUST11128,LEN1001,245000.0,235000.0,30.38,24,Home Renovation,2025-10-24,2025-10-25,Approved,,Mobile App,5875.0,13185.52,2025-10-25
APP11872,CUST10723,LEN1017,405000.0,380000.0,29.44,36,Wedding,2024-01-05,2024-01-08,Approved,,Direct Telecall,7980.0,16015.27,2024-01-08
APP11873,CUST10230,LEN1017,270000.0,245000.0,24.68,36,Business Expansion,2025-07-17,2025-07-19,Approved,,Website,5145.0,9699.74,2025-07-22
APP11874,CUST11414,LEN1016,195000.0,,,48,Medical Emergency,2025-07-23,,Rejected,Past Loan Default,DSA / Partner,,,
APP11875,CUST10092,LEN1002,1000000.0,905000.0,15.94,60,Business Expansion,2025-05-05,2025-05-09,Approved,,Mobile App,18100.0,21979.0,2025-05-10
APP11876,CUST10138,LEN1018,495000.0,445000.0,17.36,36,Home Renovation,2025-08-18,2025-08-22,Approved,,Branch,8900.0,15945.31,2025-08-24
APP11877,CUST10680,LEN1010,535000.0,445000.0,24.79,48,Medical Emergency,2024-05-21,2024-05-22,Approved,,Branch,11125.0,14702.85,2024-05-22
APP11878,CUST10111,LEN1006,260000.0,240000.0,16.03,36,Debt Consolidation,2024-05-10,2024-05-11,Approved,,Branch,7200.0,8441.24,2024-05-12
APP11879,CUST11357,LEN1005,125000.0,125000.0,12.46,6,Debt Consolidation,2025-05-13,2025-05-18,Approved,,Website,2812.5,21596.97,2025-05-19
APP11880,CUST11075,LEN1004,210000.0,195000.0,19.84,18,Education,2024-01-11,2024-01-16,Approved,,Direct Telecall,3412.5,12613.83,2024-01-16
APP11881,CUST10262,LEN1002,585000.0,485000.0,13.06,6,Debt Consolidation,2025-12-13,2025-12-14,Approved,,Direct Telecall,9700.0,83940.18,2025-12-17
APP11882,CUST11020,LEN1012,505000.0,475000.0,21.3,12,Medical Emergency,2025-01-16,2025-01-17,Approved,,Mobile App,11875.0,44297.46,2025-01-17
APP11883,CUST10856,LEN1011,205000.0,165000.0,31.91,24,Debt Consolidation,2024-07-20,2024-07-20,Approved,,DSA / Partner,3630.0,9388.61,2024-07-22
APP11884,CUST11465,LEN1020,75000.0,,,60,Wedding,2025-04-15,,Pending,,DSA / Partner,,,
APP11885,CUST10729,LEN1013,500000.0,470000.0,19.47,6,Education,2024-03-13,2024-03-17,Approved,,Mobile App,11280.0,82841.34,2024-03-17
APP11886,CUST10852,LEN1003,405000.0,385000.0,15.14,24,Personal Expenses,2025-08-19,2025-08-19,Approved,,Mobile App,5775.0,18692.98,2025-08-19
APP11887,CUST10540,LEN1008,575000.0,505000.0,21.89,48,Debt Consolidation,2025-09-26,2025-09-30,Approved,,Mobile App,10100.0,15880.43,2025-09-30
APP11888,CUST10416,LEN1004,145000.0,,,6,Personal Expenses,2025-02-19,,Rejected,Past Loan Default,Website,,,
APP11889,CUST10755,LEN1014,360000.0,305000.0,18.33,24,Wedding,2025-01-27,2025-01-28,Approved,,Mobile App,5795.0,15275.53,2025-01-28
APP11890,CUST11169,LEN1017,185000.0,,,18,Business Expansion,2024-11-06,,Rejected,Past Loan Default,Mobile App,,,
APP11891,CUST10588,LEN1009,130000.0,130000.0,19.61,6,Wedding,2025-02-04,2025-02-08,Approved,,DSA / Partner,2340.0,22922.65,2025-02-09
APP11892,CUST11469,LEN1008,320000.0,,,18,Personal Expenses,2025-10-24,,Rejected,Past Loan Default,Website,,,
APP11893,CUST10772,LEN1006,215000.0,190000.0,13.0,12,Home Renovation,2024-05-17,2024-05-17,Approved,,DSA / Partner,5700.0,16970.28,2024-05-19
APP11894,CUST10301,LEN1009,395000.0,390000.0,23.82,24,Home Renovation,2024-12-17,2024-12-19,Approved,,Direct Telecall,7020.0,20584.71,2024-12-21
APP11895,CUST11380,LEN1005,145000.0,,,36,Personal Expenses,2025-05-19,,Rejected,Past Loan Default,Branch,,,
APP11896,CUST11408,LEN1020,130000.0,110000.0,17.97,36,Vehicle Purchase,2025-10-16,2025-10-21,Approved,,Mobile App,3850.0,3975.11,2025-10-21
APP11897,CUST11348,LEN1020,300000.0,275000.0,25.04,24,Debt Consolidation,2024-07-24,2024-07-25,Approved,,Mobile App,9625.0,14682.69,2024-07-27
APP11898,CUST10944,LEN1006,305000.0,260000.0,22.3,48,Personal Expenses,2025-06-28,2025-06-29,Approved,,Website,7800.0,8233.98,2025-06-29
APP11899,CUST11413,LEN1008,45000.0,40000.0,26.27,48,Business Expansion,2025-06-25,2025-06-30,Approved,,Direct Telecall,800.0,1354.78,2025-07-02
APP11900,CUST10758,LEN1015,195000.0,185000.0,11.7,24,Debt Consolidation,2024-12-04,2024-12-09,Approved,,DSA / Partner,6012.5,8682.7,2024-12-11
APP11901,CUST11479,LEN1011,215000.0,195000.0,16.47,18,Education,2025-01-14,2025-01-16,Approved,,DSA / Partner,4290.0,12300.37,2025-01-19
APP11902,CUST10792,LEN1020,300000.0,295000.0,21.72,24,Medical Emergency,2024-08-01,2024-08-02,Approved,,DSA / Partner,10325.0,15263.3,2024-08-04
APP11903,CUST10585,LEN1012,95000.0,95000.0,20.72,48,Personal Expenses,2024-12-06,2024-12-08,Approved,,Branch,2375.0,2927.45,2024-12-08
APP11904,CUST10700,LEN1006,500000.0,460000.0,14.75,36,Home Renovation,2025-01-15,2025-01-18,Approved,,Website,13800.0,15889.79,2025-01-19
APP11905,CUST10232,LEN1008,175000.0,155000.0,12.65,60,Debt Consolidation,2024-09-02,2024-09-02,Approved,,Mobile App,3100.0,3499.02,2024-09-04
APP11906,CUST10372,LEN1013,210000.0,210000.0,15.49,60,Debt Consolidation,2025-11-14,2025-11-18,Approved,,Mobile App,5040.0,5050.06,2025-11-19
APP11907,CUST10508,LEN1006,500000.0,490000.0,14.22,60,Medical Emergency,2024-11-20,2024-11-20,Approved,,Website,14700.0,11457.41,2024-11-23
APP11908,CUST11161,LEN1014,75000.0,,,60,Wedding,2024-04-16,,Rejected,Incomplete Documentation,Mobile App,,,
APP11909,CUST10038,LEN1001,535000.0,,,48,Medical Emergency,2025-06-27,,Rejected,KYC Verification Failed,DSA / Partner,,,
APP11910,CUST10343,LEN1005,1000000.0,890000.0,13.25,6,Business Expansion,2025-07-16,2025-07-20,Approved,,Direct Telecall,20025.0,154118.25,2025-07-22
APP11911,CUST10652,LEN1006,150000.0,135000.0,25.54,60,Debt Consolidation,2024-06-29,2024-07-02,Approved,,Direct Telecall,4050.0,4005.28,2024-07-04
APP11912,CUST10547,LEN1016,85000.0,85000.0,20.71,24,Education,2024-06-16,2024-06-21,Approved,,Direct Telecall,2380.0,4355.68,2024-06-21
APP11913,CUST11417,LEN1017,250000.0,225000.0,21.75,18,Home Renovation,2025-03-31,2025-04-03,Approved,,Mobile App,4725.0,14761.69,2025-04-06
APP11914,CUST11397,LEN1011,145000.0,125000.0,21.4,12,Wedding,2024-04-24,2024-04-24,Approved,,Mobile App,2750.0,11663.23,2024-04-26
APP11915,CUST10313,LEN1015,400000.0,,,6,Personal Expenses,2024-11-29,,Pending,,Website,,,
APP11916,CUST11330,LEN1017,595000.0,535000.0,24.44,6,Personal Expenses,2024-06-04,2024-06-09,Approved,,Mobile App,11235.0,95629.53,2024-06-10
APP11917,CUST10135,LEN1010,150000.0,120000.0,11.4,24,Education,2025-03-11,2025-03-15,Approved,,Mobile App,3000.0,5615.25,2025-03-15
APP11918,CUST10446,LEN1013,255000.0,250000.0,27.27,48,Medical Emergency,2024-06-17,2024-06-18,Approved,,DSA / Partner,6000.0,8608.93,2024-06-21
APP11919,CUST11275,LEN1012,410000.0,375000.0,14.14,12,Vehicle Purchase,2024-01-28,2024-02-02,Approved,,Mobile App,9375.0,33694.88,2024-02-05
APP11920,CUST10505,LEN1012,180000.0,,,18,Business Expansion,2025-11-30,,Pending,,Direct Telecall,,,
APP11921,CUST10437,LEN1008,125000.0,105000.0,23.66,12,Wedding,2025-09-22,2025-09-26,Approved,,Mobile App,2100.0,9911.49,2025-09-27
APP11922,CUST10003,LEN1010,230000.0,190000.0,23.17,24,Education,2024-08-18,2024-08-18,Approved,,Website,4750.0,9966.97,2024-08-20
APP11923,CUST10072,LEN1016,105000.0,90000.0,15.36,6,Wedding,2025-06-07,2025-06-07,Approved,,Mobile App,2520.0,15679.12,2025-06-08
APP11924,CUST10410,LEN1013,70000.0,60000.0,14.63,6,Wedding,2024-06-08,2024-06-12,Approved,,Mobile App,1440.0,10431.02,2024-06-13
APP11925,CUST11144,LEN1018,835000.0,800000.0,12.39,12,Medical Emergency,2025-11-13,2025-11-18,Approved,,DSA / Partner,16000.0,71225.07,2025-11-20
APP11926,CUST11094,LEN1009,655000.0,,,24,Education,2025-03-29,,Pending,,Website,,,
APP11927,CUST10538,LEN1005,140000.0,,,12,Home Renovation,2024-06-14,,Rejected,Incomplete Documentation,Mobile App,,,
APP11928,CUST11042,LEN1001,670000.0,580000.0,25.95,60,Debt Consolidation,2024-06-06,2024-06-11,Approved,,Website,14500.0,17348.31,2024-06-12
APP11929,CUST11470,LEN1006,130000.0,110000.0,25.45,18,Vehicle Purchase,2025-01-21,2025-01-23,Approved,,Mobile App,3300.0,7415.41,2025-01-24
APP11930,CUST10762,LEN1002,350000.0,340000.0,17.1,12,Wedding,2024-03-09,2024-03-09,Approved,,Mobile App,6800.0,31025.75,2024-03-11
APP11931,CUST10813,LEN1016,375000.0,350000.0,17.61,60,Education,2025-05-12,2025-05-16,Approved,,Mobile App,9800.0,8813.61,2025-05-18
APP11932,CUST10250,LEN1018,160000.0,,,6,Medical Emergency,2025-01-29,,Rejected,High Debt-to-Income Ratio,Mobile App,,,
APP11933,CUST10822,LEN1002,930000.0,,,18,Vehicle Purchase,2025-08-07,,Rejected,Incomplete Documentation,Mobile App,,,
APP11934,CUST10970,LEN1012,210000.0,,,18,Debt Consolidation,2024-02-16,,Rejected,KYC Verification Failed,DSA / Partner,,,
APP11935,CUST10653,LEN1009,745000.0,605000.0,21.52,60,Home Renovation,2025-11-06,2025-11-11,Approved,,Direct Telecall,10890.0,16544.75,2025-11-13
APP11936,CUST10148,LEN1003,175000.0,150000.0,23.89,48,Business Expansion,2025-03-14,2025-03-19,Approved,,Website,2250.0,4881.16,2025-03-19
APP11937,CUST11181,LEN1013,480000.0,430000.0,20.14,12,Business Expansion,2025-07-14,2025-07-14,Approved,,DSA / Partner,10320.0,39861.65,2025-07-17
APP11938,CUST10002,LEN1005,225000.0,180000.0,12.37,12,Vehicle Purchase,2025-11-13,2025-11-18,Approved,,Mobile App,4050.0,16023.95,2025-11-21
APP11939,CUST10197,LEN1005,320000.0,315000.0,15.26,6,Home Renovation,2024-03-16,2024-03-21,Approved,,Website,7087.5,54861.29,2024-03-24
APP11940,CUST11271,LEN1013,500000.0,,,36,Wedding,2024-02-07,,Rejected,Past Loan Default,DSA / Partner,,,
APP11941,CUST11072,LEN1016,375000.0,315000.0,25.01,12,Vehicle Purchase,2025-05-10,2025-05-11,Approved,,DSA / Partner,8820.0,29940.45,2025-05-12
APP11942,CUST10897,LEN1013,500000.0,,,6,Wedding,2025-12-13,,Pending,,Website,,,
APP11943,CUST11182,LEN1017,440000.0,425000.0,25.69,24,Vehicle Purchase,2024-08-30,2024-09-04,Approved,,Website,8925.0,22830.3,2024-09-06
APP11944,CUST10416,LEN1004,190000.0,,,48,Vehicle Purchase,2024-11-12,,Pending,,Website,,,
APP11945,CUST10386,LEN1001,625000.0,515000.0,16.8,48,Business Expansion,2024-08-26,2024-08-26,Approved,,Mobile App,12875.0,14807.11,2024-08-26
APP11946,CUST10721,LEN1001,970000.0,,,24,Vehicle Purchase,2024-10-16,,Pending,,Website,,,
APP11947,CUST11154,LEN1015,400000.0,320000.0,28.58,18,Wedding,2024-02-21,2024-02-25,Approved,,Mobile App,10400.0,22067.6,2024-02-28
APP11948,CUST10811,LEN1010,180000.0,155000.0,14.9,48,Vehicle Purchase,2025-02-14,2025-02-17,Approved,,DSA / Partner,3875.0,4305.91,2025-02-19
APP11949,CUST10183,LEN1014,1000000.0,1000000.0,22.36,24,Business Expansion,2025-12-08,2025-12-10,Approved,,DSA / Partner,19000.0,52056.1,2025-12-10
APP11950,CUST10048,LEN1014,800000.0,645000.0,15.74,18,Education,2024-07-22,2024-07-24,Approved,,DSA / Partner,12255.0,40463.18,2024-07-27
APP11951,CUST11263,LEN1006,500000.0,,,24,Medical Emergency,2025-10-12,,Rejected,Past Loan Default,Mobile App,,,
APP11952,CUST11332,LEN1012,180000.0,,,48,Vehicle Purchase,2024-11-24,,Pending,,Mobile App,,,
APP11953,CUST10422,LEN1002,165000.0,140000.0,14.61,36,Wedding,2024-01-09,2024-01-10,Approved,,Direct Telecall,2800.0,4826.45,2024-01-11
APP11954,CUST10948,LEN1014,620000.0,600000.0,24.11,24,Debt Consolidation,2024-03-21,2024-03-25,Approved,,Mobile App,11400.0,31755.61,2024-03-27
APP11955,CUST11253,LEN1013,495000.0,420000.0,20.88,18,Vehicle Purchase,2025-03-21,2025-03-23,Approved,,Direct Telecall,10080.0,27378.54,2025-03-25
APP11956,CUST10454,LEN1010,570000.0,470000.0,23.89,60,Medical Emergency,2025-09-18,2025-09-22,Approved,,Website,11750.0,13490.95,2025-09-23
APP11957,CUST11245,LEN1008,730000.0,,,60,Debt Consolidation,2025-08-15,,Pending,,Website,,,
APP11958,CUST10924,LEN1010,130000.0,120000.0,24.41,18,Vehicle Purchase,2024-01-18,2024-01-23,Approved,,Website,3000.0,8028.32,2024-01-24
APP11959,CUST10300,LEN1008,75000.0,70000.0,15.7,18,Vehicle Purchase,2025-09-11,2025-09-12,Approved,,Mobile App,1400.0,4390.03,2025-09-14
APP11960,CUST10205,LEN1008,60000.0,55000.0,17.11,6,Wedding,2024-03-03,2024-03-06,Approved,,Mobile App,1100.0,9629.52,2024-03-06
APP11961,CUST10981,LEN1011,170000.0,155000.0,30.73,60,Business Expansion,2024-10-20,2024-10-22,Approved,,Mobile App,3410.0,5084.5,2024-10-24
APP11962,CUST10968,LEN1019,115000.0,90000.0,17.93,60,Home Renovation,2024-09-07,2024-09-11,Approved,,Mobile App,2700.0,2281.98,2024-09-14
APP11963,CUST10624,LEN1013,500000.0,480000.0,26.93,12,Education,2024-02-25,2024-03-01,Approved,,Branch,11520.0,46071.96,2024-03-03
APP11964,CUST10219,LEN1005,495000.0,,,12,Wedding,2025-02-06,,Rejected,KYC Verification Failed,Website,,,
APP11965,CUST11083,LEN1020,300000.0,290000.0,20.84,18,Business Expansion,2025-11-24,2025-11-28,Approved,,Direct Telecall,10150.0,18898.64,2025-12-01
APP11966,CUST10162,LEN1019,320000.0,,,6,Debt Consolidation,2025-01-04,,Rejected,Past Loan Default,Direct Telecall,,,
APP11967,CUST10612,LEN1007,260000.0,210000.0,17.58,18,Vehicle Purchase,2024-08-14,2024-08-18,Approved,,DSA / Partner,5775.0,13357.21,2024-08-20
APP11968,CUST10099,LEN1007,440000.0,,,12,Education,2024-06-10,,Pending,,DSA / Partner,,,
APP11969,CUST11374,LEN1005,165000.0,140000.0,22.4,12,Education,2025-04-13,2025-04-14,Approved,,Website,3150.0,13130.18,2025-04-14
APP11970,CUST10039,LEN1010,430000.0,400000.0,19.5,24,Vehicle Purchase,2025-12-10,2025-12-14,Approved,,Branch,10000.0,20260.75,2025-12-14
APP11971,CUST10067,LEN1018,965000.0,880000.0,14.41,48,Business Expansion,2024-05-24,2024-05-28,Approved,,Direct Telecall,17600.0,24228.68,2024-05-28
APP11972,CUST10314,LEN1003,725000.0,,,24,Wedding,2024-03-06,,Rejected,Insufficient Monthly Income,Website,,,
APP11973,CUST10540,LEN1007,665000.0,555000.0,23.73,18,Education,2024-02-29,2024-03-02,Approved,,Website,15262.5,36946.47,2024-03-02
APP11974,CUST10335,LEN1006,500000.0,435000.0,18.57,36,Debt Consolidation,2025-02-04,2025-02-06,Approved,,DSA / Partner,13050.0,15850.96,2025-02-07
APP11975,CUST10408,LEN1007,55000.0,45000.0,28.05,12,Education,2024-05-19,2024-05-23,Approved,,Mobile App,1237.5,4343.87,2024-05-23
APP11976,CUST10442,LEN1007,315000.0,270000.0,14.96,12,Personal Expenses,2024-07-21,2024-07-21,Approved,,Mobile App,7425.0,24364.65,2024-07-21
APP11977,CUST11373,LEN1014,640000.0,530000.0,23.44,18,Personal Expenses,2025-03-13,2025-03-17,Approved,,DSA / Partner,10070.0,35207.23,2025-03-19
APP11978,CUST10646,LEN1008,505000.0,440000.0,10.67,6,Home Renovation,2025-10-19,2025-10-20,Approved,,Website,8800.0,75632.36,2025-10-21
APP11979,CUST11192,LEN1018,910000.0,735000.0,14.39,60,Wedding,2024-08-28,2024-08-29,Approved,,Mobile App,14700.0,17251.14,2024-08-29
APP11980,CUST10261,LEN1018,375000.0,355000.0,16.38,6,Personal Expenses,2025-04-10,2025-04-15,Approved,,Mobile App,7100.0,62025.29,2025-04-16
APP11981,CUST10600,LEN1002,1000000.0,985000.0,14.35,6,Wedding,2025-02-27,2025-03-03,Approved,,Direct Telecall,19700.0,171105.79,2025-03-06
APP11982,CUST11495,LEN1004,325000.0,,,24,Wedding,2024-09-23,,Pending,,Website,,,
APP11983,CUST10848,LEN1004,540000.0,475000.0,24.24,60,Home Renovation,2024-02-21,2024-02-22,Approved,,Website,8312.5,13731.03,2024-02-25
APP11984,CUST10316,LEN1016,455000.0,,,18,Medical Emergency,2024-06-08,,Rejected,KYC Verification Failed,Mobile App,,,
APP11985,CUST11227,LEN1002,375000.0,355000.0,22.48,36,Business Expansion,2025-02-07,2025-02-09,Approved,,DSA / Partner,7100.0,13645.92,2025-02-10
APP11986,CUST10507,LEN1016,420000.0,405000.0,21.59,12,Wedding,2024-03-19,2024-03-19,Approved,,Branch,11340.0,37825.85,2024-03-19
APP11987,CUST10097,LEN1004,380000.0,330000.0,12.57,36,Personal Expenses,2025-12-14,2025-12-17,Approved,,Mobile App,5775.0,11050.78,2025-12-17
APP11988,CUST11372,LEN1003,835000.0,675000.0,12.39,6,Wedding,2025-12-11,2025-12-12,Approved,,Website,10125.0,116600.27,2025-12-13
APP11989,CUST10722,LEN1004,735000.0,615000.0,27.98,36,Debt Consolidation,2024-12-29,2024-12-29,Approved,,Direct Telecall,10762.5,25431.96,2025-01-01
APP11990,CUST10209,LEN1006,190000.0,,,24,Vehicle Purchase,2024-09-17,,Rejected,High Debt-to-Income Ratio,Direct Telecall,,,
APP11991,CUST10452,LEN1018,445000.0,370000.0,17.1,12,Personal Expenses,2024-10-23,2024-10-24,Approved,,Website,7400.0,33763.32,2024-10-27
APP11992,CUST11391,LEN1011,535000.0,,,18,Vehicle Purchase,2024-07-18,,Rejected,Incomplete Documentation,Mobile App,,,
APP11993,CUST10004,LEN1018,900000.0,800000.0,16.22,12,Debt Consolidation,2024-11-05,2024-11-05,Approved,,Website,16000.0,72668.0,2024-11-07
APP11994,CUST11029,LEN1017,205000.0,,,36,Business Expansion,2024-10-04,,Pending,,Mobile App,,,
APP11995,CUST10952,LEN1001,780000.0,,,6,Business Expansion,2025-11-30,,Pending,,Branch,,,
APP11996,CUST10774,LEN1017,845000.0,750000.0,27.62,6,Business Expansion,2025-11-29,2025-12-04,Approved,,Mobile App,15750.0,135260.69,2025-12-05
APP11997,CUST10814,LEN1014,255000.0,225000.0,14.38,12,Home Renovation,2024-11-20,2024-11-23,Approved,,Branch,4275.0,20242.35,2024-11-26
APP11998,CUST10972,LEN1011,810000.0,,,12,Business Expansion,2024-06-06,,Rejected,Low Credit Score,Branch,,,
APP11999,CUST10857,LEN1003,205000.0,170000.0,12.46,18,Medical Emergency,2025-09-11,2025-09-15,Approved,,Mobile App,2550.0,10403.31,2025-09-16
APP12000,CUST10310,LEN1019,350000.0,,,6,Business Expansion,2024-08-11,,Rejected,Low Credit Score,DSA / Partner,,,
APP12001,CUST10311,LEN1019,255000.0,215000.0,30.04,60,Vehicle Purchase,2025-03-22,2025-03-23,Approved,,Mobile App,6450.0,6961.26,2025-03-26
APP12002,CUST10353,LEN1020,300000.0,265000.0,18.07,48,Home Renovation,2025-03-17,2025-03-19,Approved,,Mobile App,9275.0,7794.07,2025-03-19
APP12003,CUST11324,LEN1018,185000.0,155000.0,18.97,12,Education,2024-04-19,2024-04-19,Approved,,Direct Telecall,3100.0,14282.05,2024-04-19
APP12004,CUST10559,LEN1019,500000.0,405000.0,19.43,60,Education,2024-06-09,2024-06-10,Approved,,Direct Telecall,12150.0,10601.98,2024-06-11
APP12005,CUST10194,LEN1006,455000.0,445000.0,10.84,18,Debt Consolidation,2025-11-09,2025-11-11,Approved,,Branch,13350.0,26897.83,2025-11-12
APP12006,CUST10892,LEN1018,295000.0,,,24,Vehicle Purchase,2024-01-09,,Rejected,Low Credit Score,Website,,,
APP12007,CUST11194,LEN1004,665000.0,,,18,Personal Expenses,2024-11-12,,Pending,,DSA / Partner,,,
APP12008,CUST10626,LEN1005,605000.0,505000.0,20.68,48,Personal Expenses,2025-02-01,2025-02-04,Approved,,Mobile App,11362.5,15550.89,2025-02-07
APP12009,CUST11308,LEN1017,295000.0,280000.0,25.8,60,Business Expansion,2024-12-01,2024-12-06,Approved,,Branch,5880.0,8350.21,2024-12-09
APP12010,CUST10578,LEN1013,500000.0,,,60,Medical Emergency,2025-03-21,,Rejected,Incomplete Documentation,Branch,,,
APP12011,CUST10265,LEN1007,400000.0,375000.0,18.52,12,Medical Emergency,2024-05-24,2024-05-25,Approved,,Branch,10312.5,34472.87,2024-05-26
APP12012,CUST10154,LEN1007,310000.0,260000.0,17.71,18,Medical Emergency,2024-10-18,2024-10-19,Approved,,Mobile App,7150.0,16553.58,2024-10-19
APP12013,CUST10577,LEN1016,385000.0,,,36,Medical Emergency,2025-04-27,,Pending,,Mobile App,,,
APP12014,CUST11260,LEN1015,165000.0,150000.0,19.3,60,Vehicle Purchase,2025-09-16,2025-09-20,Approved,,Branch,4875.0,3915.89,2025-09-20
APP12015,CUST11335,LEN1006,230000.0,,,12,Medical Emergency,2025-07-16,,Rejected,Low Credit Score,Direct Telecall,,,
APP12016,CUST10117,LEN1008,1000000.0,,,24,Vehicle Purchase,2025-12-05,,Pending,,Mobile App,,,
APP12017,CUST10345,LEN1001,265000.0,240000.0,11.08,18,Education,2024-06-14,2024-06-17,Approved,,Direct Telecall,6000.0,14533.33,2024-06-18
APP12018,CUST10198,LEN1001,425000.0,360000.0,18.93,6,Business Expansion,2024-10-03,2024-10-04,Approved,,Mobile App,9000.0,63355.95,2024-10-04
APP12019,CUST10728,LEN1018,445000.0,425000.0,21.41,24,Home Renovation,2025-08-01,2025-08-04,Approved,,Direct Telecall,8500.0,21924.58,2025-08-07
APP12020,CUST11094,LEN1014,225000.0,190000.0,12.17,24,Vehicle Purchase,2024-08-20,2024-08-21,Approved,,Mobile App,3610.0,8959.05,2024-08-24
APP12021,CUST11379,LEN1007,225000.0,205000.0,12.4,24,Vehicle Purchase,2024-03-26,2024-03-31,Approved,,Direct Telecall,5637.5,9688.4,2024-04-03
APP12022,CUST10363,LEN1013,500000.0,,,12,Vehicle Purchase,2024-11-08,,Rejected,Low Credit Score,Branch,,,
APP12023,CUST10002,LEN1003,455000.0,430000.0,10.96,48,Home Renovation,2024-08-19,2024-08-24,Approved,,Mobile App,6450.0,11105.22,2024-08-25
APP12024,CUST10716,LEN1006,405000.0,350000.0,16.32,36,Medical Emergency,2025-05-03,2025-05-08,Approved,,Branch,10500.0,12360.33,2025-05-08
APP12025,CUST10832,LEN1016,480000.0,455000.0,12.98,6,Personal Expenses,2025-10-06,2025-10-07,Approved,,DSA / Partner,12740.0,78729.99,2025-10-07
APP12026,CUST11301,LEN1018,555000.0,515000.0,23.39,60,Debt Consolidation,2024-03-17,2024-03-20,Approved,,Mobile App,10300.0,14633.72,2024-03-23
APP12027,CUST10240,LEN1015,400000.0,355000.0,16.07,48,Medical Emergency,2025-08-30,2025-09-04,Approved,,Website,11537.5,10073.53,2025-09-05
APP12028,CUST11109,LEN1010,500000.0,400000.0,15.68,24,Home Renovation,2025-11-22,2025-11-27,Approved,,Direct Telecall,10000.0,19524.14,2025-11-28
APP12029,CUST11437,LEN1013,315000.0,300000.0,15.37,48,Vehicle Purchase,2025-01-28,2025-01-30,Approved,,Branch,7200.0,8405.6,2025-01-30
APP12030,CUST10284,LEN1011,610000.0,515000.0,27.71,18,Home Renovation,2024-11-29,2024-12-02,Approved,,Website,11330.0,35292.39,2024-12-02
APP12031,CUST10911,LEN1010,495000.0,,,36,Personal Expenses,2024-10-01,,Rejected,Incomplete Documentation,DSA / Partner,,,
APP12032,CUST10974,LEN1005,615000.0,500000.0,28.68,24,Vehicle Purchase,2024-11-07,2024-11-11,Approved,,Branch,11250.0,27617.8,2024-11-14
APP12033,CUST10993,LEN1001,915000.0,855000.0,14.34,36,Wedding,2025-12-03,2025-12-05,Approved,,Website,21375.0,29363.26,2025-12-07
APP12034,CUST10831,LEN1009,105000.0,100000.0,13.93,36,Education,2025-05-31,2025-06-03,Approved,,Branch,1800.0,3414.36,2025-06-04
APP12035,CUST10592,LEN1015,365000.0,345000.0,18.96,48,Business Expansion,2025-02-12,2025-02-16,Approved,,Mobile App,11212.5,10308.26,2025-02-16
APP12036,CUST10780,LEN1010,605000.0,520000.0,24.98,36,Personal Expenses,2024-10-23,2024-10-24,Approved,,Website,13000.0,20669.61,2024-10-27
APP12037,CUST10021,LEN1011,675000.0,560000.0,14.93,6,Personal Expenses,2025-02-12,2025-02-15,Approved,,Mobile App,12320.0,97439.49,2025-02-18
APP12038,CUST10594,LEN1018,1000000.0,855000.0,20.27,6,Personal Expenses,2024-07-02,2024-07-04,Approved,,Branch,17100.0,151042.3,2024-07-04
APP12039,CUST10454,LEN1001,470000.0,,,36,Education,2024-02-12,,Rejected,KYC Verification Failed,Direct Telecall,,,
APP12040,CUST10989,LEN1010,240000.0,225000.0,17.75,36,Education,2025-09-01,2025-09-06,Approved,,Branch,5625.0,8106.1,2025-09-06
APP12041,CUST11134,LEN1012,455000.0,450000.0,14.9,60,Education,2024-06-01,2024-06-03,Approved,,Mobile App,11250.0,10681.86,2024-06-03
APP12042,CUST10097,LEN1001,205000.0,195000.0,11.71,48,Business Expansion,2025-02-03,2025-02-07,Approved,,Direct Telecall,4875.0,5107.38,2025-02-09
APP12043,CUST11322,LEN1007,150000.0,135000.0,15.83,18,Vehicle Purchase,2024-04-09,2024-04-10,Approved,,Website,3712.5,8474.77,2024-04-13
APP12044,CUST11109,LEN1010,580000.0,570000.0,16.25,36,Personal Expenses,2025-05-06,2025-05-11,Approved,,Branch,14250.0,20109.93,2025-05-11
APP12045,CUST11088,LEN1016,225000.0,,,48,Personal Expenses,2024-04-25,,Rejected,Incomplete Documentation,Mobile App,,,
APP12046,CUST10418,LEN1014,145000.0,,,48,Medical Emergency,2024-08-24,,Rejected,KYC Verification Failed,Mobile App,,,
APP12047,CUST10606,LEN1010,690000.0,680000.0,14.74,18,Home Renovation,2025-09-01,2025-09-03,Approved,,Branch,17000.0,42338.49,2025-09-05
APP12048,CUST10865,LEN1018,205000.0,205000.0,14.7,24,Business Expansion,2024-11-04,2024-11-05,Approved,,Mobile App,4100.0,9910.57,2024-11-05
APP12049,CUST10663,LEN1012,575000.0,565000.0,30.63,24,Wedding,2024-11-18,2024-11-19,Approved,,Mobile App,14125.0,31774.26,2024-11-20
APP12050,CUST10256,LEN1020,115000.0,105000.0,23.25,12,Education,2025-10-25,2025-10-25,Approved,,Direct Telecall,3675.0,9890.69,2025-10-27
APP12051,CUST11022,LEN1010,900000.0,,,24,Debt Consolidation,2024-10-22,,Rejected,Incomplete Documentation,Branch,,,
APP12052,CUST10667,LEN1012,290000.0,240000.0,15.99,36,Vehicle Purchase,2024-06-23,2024-06-24,Approved,,Website,6000.0,8436.5,2024-06-25
APP12053,CUST10641,LEN1001,175000.0,165000.0,17.56,6,Home Renovation,2024-12-07,2024-12-08,Approved,,Website,4125.0,28925.51,2024-12-08
APP12054,CUST10007,LEN1008,180000.0,175000.0,24.92,48,Home Renovation,2024-03-10,2024-03-11,Approved,,Mobile App,3500.0,5794.69,2024-03-12
APP12055,CUST11298,LEN1015,400000.0,365000.0,14.31,24,Debt Consolidation,2025-10-19,2025-10-21,Approved,,Branch,11862.5,17578.2,2025-10-23
APP12056,CUST11459,LEN1011,1000000.0,,,12,Home Renovation,2025-11-15,,Rejected,KYC Verification Failed,Branch,,,
APP12057,CUST10349,LEN1012,65000.0,,,60,Business Expansion,2025-02-19,,Rejected,Low Credit Score,Mobile App,,,
APP12058,CUST11029,LEN1011,200000.0,160000.0,20.63,36,Medical Emergency,2024-03-09,2024-03-13,Approved,,DSA / Partner,3520.0,5997.66,2024-03-13
APP12059,CUST10744,LEN1010,650000.0,555000.0,17.61,18,Wedding,2024-11-10,2024-11-12,Approved,,DSA / Partner,13875.0,35309.11,2024-11-13
APP12060,CUST10731,LEN1005,230000.0,190000.0,12.24,60,Debt Consolidation,2025-04-17,2025-04-22,Approved,,Mobile App,4275.0,4249.52,2025-04-25
APP12061,CUST10409,LEN1009,390000.0,330000.0,23.6,36,Education,2024-12-07,2024-12-07,Approved,,Mobile App,5940.0,12877.64,2024-12-08
APP12062,CUST10400,LEN1004,515000.0,,,24,Medical Emergency,2025-12-05,,Pending,,Mobile App,,,
APP12063,CUST10412,LEN1008,450000.0,,,36,Home Renovation,2024-02-08,,Pending,,DSA / Partner,,,
APP12064,CUST11051,LEN1016,380000.0,,,12,Medical Emergency,2024-06-27,,Rejected,Insufficient Monthly Income,Website,,,
APP12065,CUST11113,LEN1016,70000.0,65000.0,27.95,18,Vehicle Purchase,2024-11-19,2024-11-19,Approved,,Mobile App,1820.0,4462.12,2024-11-22
APP12066,CUST11417,LEN1010,250000.0,,,60,Education,2024-08-19,,Pending,,Website,,,
APP12067,CUST10989,LEN1017,60000.0,55000.0,17.43,36,Medical Emergency,2025-03-11,2025-03-13,Approved,,Website,1155.0,1972.69,2025-03-16
APP12068,CUST11017,LEN1003,890000.0,,,24,Vehicle Purchase,2025-08-29,,Pending,,Mobile App,,,
APP12069,CUST10815,LEN1019,500000.0,,,18,Education,2025-02-09,,Pending,,Mobile App,,,
APP12070,CUST10280,LEN1019,495000.0,,,18,Vehicle Purchase,2025-03-16,,Pending,,Direct Telecall,,,
APP12071,CUST10537,LEN1011,40000.0,35000.0,29.24,36,Personal Expenses,2024-02-07,2024-02-11,Approved,,Direct Telecall,770.0,1471.27,2024-02-13
APP12072,CUST10983,LEN1008,325000.0,270000.0,15.64,36,Education,2024-12-14,2024-12-18,Approved,,Direct Telecall,5400.0,9444.48,2024-12-21
APP12073,CUST11359,LEN1017,370000.0,,,18,Home Renovation,2024-10-28,,Rejected,Insufficient Monthly Income,Direct Telecall,,,
APP12074,CUST10568,LEN1017,635000.0,,,18,Wedding,2025-01-14,,Pending,,Branch,,,
APP12075,CUST10898,LEN1006,500000.0,470000.0,14.61,18,Wedding,2025-10-12,2025-10-16,Approved,,Website,14100.0,29234.66,2025-10-17
APP12076,CUST11062,LEN1004,455000.0,405000.0,23.96,6,Home Renovation,2024-03-14,2024-03-19,Approved,,Mobile App,7087.5,72294.82,2024-03-19
APP12077,CUST10282,LEN1010,205000.0,165000.0,22.71,12,Wedding,2025-04-18,2025-04-22,Approved,,Mobile App,4125.0,15499.51,2025-04-24
APP12078,CUST10538,LEN1011,445000.0,400000.0,16.13,60,Debt Consolidation,2025-03-11,2025-03-15,Approved,,Mobile App,8800.0,9754.87,2025-03-18
APP12079,CUST11072,LEN1004,240000.0,200000.0,23.56,48,Education,2024-01-31,2024-02-03,Approved,,Direct Telecall,3500.0,6471.81,2024-02-03
APP12080,CUST10168,LEN1019,235000.0,215000.0,20.51,24,Medical Emergency,2024-12-10,2024-12-10,Approved,,Website,6450.0,10996.24,2024-12-11
APP12081,CUST10216,LEN1015,225000.0,205000.0,18.47,6,Business Expansion,2024-05-31,2024-06-03,Approved,,Website,6662.5,36030.68,2024-06-04
APP12082,CUST10453,LEN1012,75000.0,70000.0,10.56,60,Business Expansion,2025-05-31,2025-06-05,Approved,,Direct Telecall,1750.0,1506.65,2025-06-08
APP12083,CUST10025,LEN1011,140000.0,,,48,Vehicle Purchase,2024-05-04,,Rejected,Low Credit Score,Mobile App,,,
APP12084,CUST11179,LEN1008,675000.0,,,6,Personal Expenses,2025-06-29,,Pending,,Mobile App,,,
APP12085,CUST10258,LEN1019,375000.0,325000.0,11.23,18,Home Renovation,2024-11-18,2024-11-21,Approved,,Direct Telecall,9750.0,19703.11,2024-11-21
APP12086,CUST11176,LEN1002,485000.0,,,18,Medical Emergency,2024-05-05,,Rejected,Low Credit Score,Branch,,,
APP12087,CUST10581,LEN1011,195000.0,165000.0,21.44,12,Debt Consolidation,2025-04-17,2025-04-19,Approved,,Mobile App,3630.0,15398.64,2025-04-22
APP12088,CUST10422,LEN1013,180000.0,170000.0,15.08,12,Wedding,2024-08-10,2024-08-14,Approved,,Mobile App,4080.0,15350.33,2024-08-17
APP12089,CUST11164,LEN1008,195000.0,,,12,Personal Expenses,2024-01-08,,Rejected,Incomplete Documentation,Direct Telecall,,,
APP12090,CUST10684,LEN1018,170000.0,160000.0,17.88,60,Vehicle Purchase,2025-01-10,2025-01-15,Approved,,Mobile App,3200.0,4052.51,2025-01-16
APP12091,CUST10177,LEN1011,765000.0,,,60,Vehicle Purchase,2025-08-21,,Rejected,Insufficient Monthly Income,Mobile App,,,
APP12092,CUST11164,LEN1006,275000.0,235000.0,18.33,60,Medical Emergency,2025-01-23,2025-01-28,Approved,,Mobile App,7050.0,6009.72,2025-01-28
APP12093,CUST11352,LEN1005,1000000.0,890000.0,25.29,12,Wedding,2024-07-05,2024-07-09,Approved,,DSA / Partner,20025.0,84714.64,2024-07-12
APP12094,CUST11332,LEN1013,345000.0,310000.0,18.26,18,Education,2024-06-30,2024-07-02,Approved,,Website,7440.0,19818.24,2024-07-04
APP12095,CUST10141,LEN1014,50000.0,50000.0,28.08,6,Wedding,2025-10-11,2025-10-16,Approved,,Website,950.0,9028.98,2025-10-18
APP12096,CUST10839,LEN1009,50000.0,45000.0,23.78,18,Medical Emergency,2024-07-12,2024-07-13,Approved,,Mobile App,810.0,2996.76,2024-07-16
APP12097,CUST10439,LEN1001,260000.0,,,24,Vehicle Purchase,2025-03-08,,Rejected,High Debt-to-Income Ratio,Mobile App,,,
APP12098,CUST11043,LEN1004,215000.0,195000.0,23.94,18,Debt Consolidation,2024-04-28,2024-05-02,Approved,,DSA / Partner,3412.5,13001.19,2024-05-04
APP12099,CUST10433,LEN1001,750000.0,660000.0,30.2,36,Personal Expenses,2025-05-22,2025-05-27,Approved,,DSA / Partner,16500.0,28090.39,2025-05-27
APP12100,CUST11167,LEN1006,175000.0,155000.0,22.42,36,Debt Consolidation,2025-06-05,2025-06-07,Approved,,Branch,4650.0,5953.25,2025-06-09
APP12101,CUST10230,LEN1008,450000.0,,,60,Business Expansion,2025-04-09,,Rejected,High Debt-to-Income Ratio,Branch,,,
APP12102,CUST11006,LEN1004,120000.0,,,12,Personal Expenses,2025-03-11,,Rejected,Past Loan Default,Direct Telecall,,,
APP12103,CUST11147,LEN1004,350000.0,295000.0,25.74,60,Vehicle Purchase,2024-02-05,2024-02-09,Approved,,Website,5162.5,8787.09,2024-02-09
APP12104,CUST11039,LEN1016,375000.0,,,24,Wedding,2025-01-02,,Pending,,Direct Telecall,,,
APP12105,CUST11049,LEN1008,330000.0,,,12,Vehicle Purchase,2025-05-01,,Rejected,Insufficient Monthly Income,Website,,,
APP12106,CUST10029,LEN1009,110000.0,,,48,Personal Expenses,2024-01-13,,Rejected,Past Loan Default,Branch,,,
APP12107,CUST10231,LEN1012,190000.0,175000.0,23.04,60,Vehicle Purchase,2024-07-09,2024-07-11,Approved,,Mobile App,4375.0,4937.36,2024-07-13
APP12108,CUST10342,LEN1002,350000.0,,,6,Home Renovation,2024-03-28,,Rejected,Past Loan Default,Mobile App,,,
APP12109,CUST10072,LEN1012,120000.0,100000.0,13.76,12,Personal Expenses,2024-10-13,2024-10-18,Approved,,Website,2500.0,8967.42,2024-10-21
APP12110,CUST11413,LEN1019,195000.0,160000.0,28.29,18,Medical Emergency,2024-08-08,2024-08-09,Approved,,Branch,4800.0,11010.71,2024-08-09
APP12111,CUST10122,LEN1020,300000.0,,,36,Debt Consolidation,2025-10-11,,Pending,,Mobile App,,,
APP12112,CUST10296,LEN1005,1000000.0,945000.0,19.06,36,Wedding,2025-08-24,2025-08-25,Approved,,Mobile App,21262.5,34668.61,2025-08-28
APP12113,CUST10524,LEN1019,150000.0,,,12,Home Renovation,2024-03-21,,Rejected,Insufficient Monthly Income,Website,,,
APP12114,CUST10612,LEN1005,210000.0,195000.0,17.36,6,Debt Consolidation,2025-10-23,2025-10-23,Approved,,Direct Telecall,4387.5,34165.28,2025-10-23
APP12115,CUST11093,LEN1020,125000.0,,,12,Debt Consolidation,2025-06-22,,Rejected,Insufficient Monthly Income,DSA / Partner,,,
APP12116,CUST10204,LEN1013,200000.0,175000.0,24.5,24,Personal Expenses,2025-07-13,2025-07-14,Approved,,Mobile App,4200.0,9296.17,2025-07-14
APP12117,CUST10311,LEN1002,100000.0,,,18,Education,2025-02-28,,Pending,,DSA / Partner,,,
APP12118,CUST11478,LEN1005,70000.0,65000.0,10.53,18,Education,2025-07-10,2025-07-13,Approved,,DSA / Partner,1462.5,3919.59,2025-07-16
APP12119,CUST11239,LEN1011,95000.0,80000.0,20.11,6,Wedding,2024-05-19,2024-05-19,Approved,,Mobile App,1760.0,14126.22,2024-05-19
APP12120,CUST10945,LEN1007,405000.0,360000.0,14.06,6,Education,2025-11-01,2025-11-01,Approved,,Mobile App,9900.0,62484.38,2025-11-02
APP12121,CUST11108,LEN1013,310000.0,,,48,Wedding,2025-11-01,,Rejected,Insufficient Monthly Income,Mobile App,,,
APP12122,CUST11016,LEN1005,170000.0,,,6,Debt Consolidation,2024-10-13,,Pending,,Website,,,
APP12123,CUST10835,LEN1004,1000000.0,,,6,Home Renovation,2024-03-11,,Rejected,Insufficient Monthly Income,Branch,,,
APP12124,CUST10013,LEN1015,200000.0,195000.0,15.8,12,Vehicle Purchase,2024-05-28,2024-05-30,Approved,,Mobile App,6337.5,17674.07,2024-05-31
APP12125,CUST10377,LEN1012,100000.0,85000.0,14.22,48,Vehicle Purchase,2024-05-27,2024-05-31,Approved,,Mobile App,2125.0,2332.14,2024-06-02
APP12126,CUST10169,LEN1005,640000.0,550000.0,12.97,48,Personal Expenses,2024-10-05,2024-10-08,Approved,,Branch,12375.0,14746.93,2024-10-09
APP12127,CUST10770,LEN1020,120000.0,110000.0,17.99,48,Home Renovation,2025-10-18,2025-10-19,Approved,,DSA / Partner,3850.0,3230.68,2025-10-20
APP12128,CUST10964,LEN1014,190000.0,155000.0,20.87,24,Debt Consolidation,2025-07-24,2025-07-25,Approved,,Direct Telecall,2945.0,7954.88,2025-07-27
APP12129,CUST10707,LEN1012,525000.0,,,18,Medical Emergency,2024-02-07,,Pending,,DSA / Partner,,,
APP12130,CUST10270,LEN1004,145000.0,135000.0,13.02,48,Medical Emergency,2025-07-03,2025-07-04,Approved,,Website,2362.5,3623.05,2025-07-07
APP12131,CUST11107,LEN1013,225000.0,215000.0,25.44,48,Debt Consolidation,2025-09-13,2025-09-15,Approved,,Direct Telecall,5160.0,7181.65,2025-09-18
APP12132,CUST11139,LEN1014,455000.0,,,36,Vehicle Purchase,2024-08-07,,Pending,,Mobile App,,,
APP12133,CUST10950,LEN1013,500000.0,425000.0,18.85,6,Debt Consolidation,2025-04-12,2025-04-13,Approved,,Website,10200.0,74778.27,2025-04-16
APP12134,CUST11347,LEN1018,300000.0,270000.0,24.14,36,Medical Emergency,2024-02-03,2024-02-07,Approved,,Branch,5400.0,10612.73,2024-02-08
APP12135,CUST10176,LEN1014,285000.0,,,6,Vehicle Purchase,2025-06-25,,Pending,,Branch,,,
APP12136,CUST10413,LEN1013,210000.0,,,48,Home Renovation,2024-11-29,,Rejected,High Debt-to-Income Ratio,Mobile App,,,
APP12137,CUST10571,LEN1018,145000.0,130000.0,13.94,24,Debt Consolidation,2024-02-10,2024-02-14,Approved,,DSA / Partner,2600.0,6237.99,2024-02-17
APP12138,CUST10653,LEN1009,605000.0,,,12,Personal Expenses,2024-03-08,,Pending,,Mobile App,,,
APP12139,CUST10341,LEN1007,315000.0,310000.0,10.5,24,Home Renovation,2025-01-02,2025-01-03,Approved,,Mobile App,8525.0,14376.57,2025-01-04
APP12140,CUST10005,LEN1002,100000.0,,,36,Vehicle Purchase,2024-10-25,,Rejected,Incomplete Documentation,Mobile App,,,
APP12141,CUST11463,LEN1013,385000.0,310000.0,12.06,36,Medical Emergency,2024-01-05,2024-01-09,Approved,,Branch,7440.0,10305.32,2024-01-09
APP12142,CUST10249,LEN1009,230000.0,230000.0,31.12,60,Personal Expenses,2025-08-16,2025-08-19,Approved,,Mobile App,4140.0,7600.28,2025-08-20
APP12143,CUST10482,LEN1005,1000000.0,935000.0,25.73,12,Wedding,2025-08-18,2025-08-22,Approved,,Direct Telecall,21037.5,89197.88,2025-08-25
APP12144,CUST11468,LEN1020,165000.0,165000.0,25.76,6,Business Expansion,2025-07-10,2025-07-14,Approved,,Website,5775.0,29602.73,2025-07-17
APP12145,CUST10984,LEN1009,580000.0,560000.0,13.42,6,Personal Expenses,2025-09-03,2025-09-07,Approved,,Mobile App,10080.0,97020.41,2025-09-09
APP12146,CUST11402,LEN1008,170000.0,170000.0,13.84,6,Medical Emergency,2024-09-07,2024-09-07,Approved,,Direct Telecall,3400.0,29487.98,2024-09-07
APP12147,CUST10652,LEN1003,340000.0,295000.0,21.79,36,Business Expansion,2024-09-22,2024-09-26,Approved,,Direct Telecall,4425.0,11234.16,2024-09-28
APP12148,CUST10308,LEN1001,110000.0,90000.0,24.84,18,Personal Expenses,2025-01-06,2025-01-08,Approved,,Mobile App,2250.0,6040.2,2025-01-11
APP12149,CUST10842,LEN1001,425000.0,415000.0,17.8,24,Debt Consolidation,2025-08-18,2025-08-21,Approved,,Website,10375.0,20678.42,2025-08-24
APP12150,CUST10905,LEN1005,565000.0,,,6,Personal Expenses,2024-05-21,,Pending,,Branch,,,
APP12151,CUST10547,LEN1001,395000.0,330000.0,17.21,48,Medical Emergency,2025-06-03,2025-06-04,Approved,,Direct Telecall,8250.0,9558.06,2025-06-07
APP12152,CUST11222,LEN1010,845000.0,765000.0,12.0,12,Vehicle Purchase,2024-02-04,2024-02-04,Approved,,Mobile App,19125.0,67969.32,2024-02-07
APP12153,CUST10537,LEN1011,205000.0,205000.0,28.53,24,Education,2025-10-14,2025-10-15,Approved,,Website,4510.0,11307.58,2025-10-16
APP12154,CUST10706,LEN1015,180000.0,145000.0,19.99,18,Medical Emergency,2025-09-26,2025-09-27,Approved,,Mobile App,4712.5,9389.97,2025-09-29
APP12155,CUST10220,LEN1018,80000.0,75000.0,20.89,24,Medical Emergency,2024-06-29,2024-07-01,Approved,,Direct Telecall,1500.0,3849.87,2024-07-01
APP12156,CUST10588,LEN1013,75000.0,65000.0,16.84,6,Personal Expenses,2025-09-08,2025-09-11,Approved,,DSA / Partner,1560.0,11371.61,2025-09-14
APP12157,CUST10049,LEN1002,45000.0,40000.0,16.73,36,Education,2024-05-26,2024-05-31,Approved,,Branch,800.0,1420.74,2024-06-01
APP12158,CUST10411,LEN1005,225000.0,185000.0,16.73,48,Vehicle Purchase,2024-12-25,2024-12-27,Approved,,Mobile App,4162.5,5312.38,2024-12-29
APP12159,CUST10024,LEN1016,355000.0,,,24,Business Expansion,2024-09-21,,Pending,,Mobile App,,,
APP12160,CUST10640,LEN1013,500000.0,,,18,Home Renovation,2025-03-26,,Pending,,Mobile App,,,
APP12161,CUST10859,LEN1008,900000.0,830000.0,22.73,18,Vehicle Purchase,2024-04-19,2024-04-19,Approved,,Mobile App,16600.0,54848.92,2024-04-21
APP12162,CUST11023,LEN1007,800000.0,680000.0,19.06,18,Wedding,2024-09-22,2024-09-25,Approved,,Mobile App,18700.0,43732.3,2024-09-25
APP12163,CUST11006,LEN1014,135000.0,110000.0,18.62,12,Business Expansion,2025-11-26,2025-11-27,Approved,,Mobile App,2090.0,10117.28,2025-11-30
APP12164,CUST10928,LEN1001,745000.0,,,60,Vehicle Purchase,2025-01-31,,Rejected,KYC Verification Failed,Direct Telecall,,,
APP12165,CUST11432,LEN1013,500000.0,495000.0,12.36,60,Home Renovation,2024-03-19,2024-03-22,Approved,,Website,11880.0,11101.26,2024-03-25
APP12166,CUST11118,LEN1015,350000.0,315000.0,16.01,60,Debt Consolidation,2024-10-27,2024-11-01,Approved,,Branch,10237.5,7661.86,2024-11-02
APP12167,CUST11185,LEN1002,595000.0,590000.0,13.92,18,Personal Expenses,2025-02-26,2025-03-02,Approved,,Mobile App,11800.0,36507.84,2025-03-04
APP12168,CUST11026,LEN1019,500000.0,430000.0,11.32,18,Home Renovation,2024-08-28,2024-08-29,Approved,,Mobile App,12900.0,26086.66,2024-08-31
APP12169,CUST10110,LEN1010,625000.0,,,48,Vehicle Purchase,2024-06-05,,Rejected,Low Credit Score,Branch,,,
APP12170,CUST10309,LEN1003,155000.0,,,48,Vehicle Purchase,2025-09-11,,Rejected,Incomplete Documentation,Website,,,
APP12171,CUST10730,LEN1006,205000.0,190000.0,17.82,36,Home Renovation,2025-02-13,2025-02-15,Approved,,Mobile App,5700.0,6851.81,2025-02-15
APP12172,CUST10254,LEN1004,1000000.0,910000.0,12.09,36,Wedding,2025-07-13,2025-07-16,Approved,,Mobile App,15925.0,30264.15,2025-07-17
APP12173,CUST10006,LEN1014,115000.0,110000.0,29.05,12,Business Expansion,2025-08-23,2025-08-27,Approved,,Direct Telecall,2090.0,10672.25,2025-08-28
APP12174,CUST11483,LEN1003,720000.0,,,18,Vehicle Purchase,2024-01-24,,Rejected,Insufficient Monthly Income,Branch,,,
APP12175,CUST10830,LEN1009,750000.0,750000.0,17.4,6,Business Expansion,2024-04-13,2024-04-14,Approved,,Mobile App,13500.0,131419.84,2024-04-16
APP12176,CUST10637,LEN1007,595000.0,,,18,Medical Emergency,2024-07-09,,Rejected,High Debt-to-Income Ratio,Direct Telecall,,,
APP12177,CUST10061,LEN1004,240000.0,210000.0,20.22,6,Debt Consolidation,2025-06-24,2025-06-25,Approved,,Branch,3675.0,37092.86,2025-06-28
APP12178,CUST10292,LEN1004,480000.0,405000.0,16.87,48,Vehicle Purchase,2024-02-29,2024-03-05,Approved,,Mobile App,7087.5,11659.07,2024-03-06
APP12179,CUST10216,LEN1020,220000.0,210000.0,16.74,60,Personal Expenses,2024-04-01,2024-04-01,Approved,,Mobile App,7350.0,5189.73,2024-04-02
APP12180,CUST10610,LEN1016,675000.0,640000.0,23.99,12,Medical Emergency,2025-05-23,2025-05-26,Approved,,Direct Telecall,17920.0,60515.04,2025-05-29
APP12181,CUST10094,LEN1004,835000.0,780000.0,19.31,60,Vehicle Purchase,2024-12-29,2024-12-29,Approved,,Mobile App,13650.0,20366.91,2024-12-31
APP12182,CUST10202,LEN1019,500000.0,485000.0,16.27,60,Wedding,2024-12-02,2024-12-07,Approved,,Branch,14550.0,11863.95,2024-12-07
APP12183,CUST10158,LEN1007,800000.0,665000.0,13.95,18,Education,2025-06-26,2025-06-29,Approved,,Website,18287.5,41158.01,2025-06-30
APP12184,CUST11144,LEN1017,880000.0,785000.0,12.84,60,Wedding,2024-01-04,2024-01-08,Approved,,Branch,16485.0,17796.93,2024-01-08
APP12185,CUST11465,LEN1008,120000.0,110000.0,12.04,24,Medical Emergency,2024-01-29,2024-02-02,Approved,,DSA / Partner,2200.0,5180.14,2024-02-05
APP12186,CUST10317,LEN1005,625000.0,560000.0,21.69,48,Vehicle Purchase,2025-05-07,2025-05-08,Approved,,Website,12600.0,17549.29,2025-05-11
APP12187,CUST10694,LEN1008,110000.0,105000.0,29.33,24,Medical Emergency,2024-07-05,2024-07-10,Approved,,Mobile App,2100.0,5834.69,2024-07-12
APP12188,CUST10721,LEN1015,400000.0,370000.0,12.51,36,Personal Expenses,2024-06-22,2024-06-24,Approved,,Mobile App,12025.0,12379.62,2024-06-25
APP12189,CUST10277,LEN1007,475000.0,435000.0,15.89,12,Home Renovation,2025-02-04,2025-02-07,Approved,,Mobile App,11962.5,39445.28,2025-02-10
APP12190,CUST11130,LEN1012,430000.0,345000.0,15.92,18,Vehicle Purchase,2025-04-28,2025-05-03,Approved,,Direct Telecall,8625.0,21672.42,2025-05-05
APP12191,CUST10136,LEN1014,860000.0,810000.0,16.32,6,Education,2025-01-08,2025-01-09,Approved,,Branch,15390.0,141498.33,2025-01-09
APP12192,CUST10660,LEN1002,895000.0,785000.0,26.13,60,Vehicle Purchase,2024-05-28,2024-05-28,Approved,,Website,15700.0,23563.72,2024-05-29
APP12193,CUST10405,LEN1012,340000.0,330000.0,19.69,60,Debt Consolidation,2024-10-15,2024-10-20,Approved,,Mobile App,8250.0,8686.16,2024-10-20
APP12194,CUST11270,LEN1018,410000.0,400000.0,12.01,36,Home Renovation,2025-07-08,2025-07-09,Approved,,Website,8000.0,13287.63,2025-07-09
APP12195,CUST10021,LEN1010,645000.0,620000.0,14.52,48,Vehicle Purchase,2024-03-17,2024-03-18,Approved,,Branch,15500.0,17104.58,2024-03-18
APP12196,CUST10302,LEN1004,175000.0,,,6,Vehicle Purchase,2025-01-08,,Rejected,Incomplete Documentation,DSA / Partner,,,
APP12197,CUST11127,LEN1013,500000.0,,,24,Education,2025-11-14,,Rejected,Past Loan Default,Mobile App,,,
APP12198,CUST10676,LEN1008,500000.0,400000.0,13.94,6,Medical Emergency,2024-11-29,2024-12-01,Approved,,Mobile App,8000.0,69403.31,2024-12-04
APP12199,CUST10862,LEN1009,350000.0,335000.0,20.36,12,Wedding,2025-08-22,2025-08-22,Approved,,Branch,6030.0,31090.31,2025-08-24
APP12200,CUST10968,LEN1008,285000.0,270000.0,20.59,18,Medical Emergency,2025-07-13,2025-07-16,Approved,,Mobile App,5400.0,17562.74,2025-07-18
APP12201,CUST10202,LEN1005,240000.0,210000.0,14.35,18,Wedding,2024-04-10,2024-04-13,Approved,,Branch,4725.0,13036.65,2024-04-13
APP12202,CUST11376,LEN1020,145000.0,125000.0,11.38,12,Vehicle Purchase,2024-06-06,2024-06-11,Approved,,Mobile App,4375.0,11069.88,2024-06-13
APP12203,CUST10574,LEN1014,330000.0,,,24,Home Renovation,2025-01-01,,Rejected,Low Credit Score,Mobile App,,,
APP12204,CUST10905,LEN1004,120000.0,100000.0,14.71,12,Personal Expenses,2025-04-19,2025-04-21,Approved,,Branch,1750.0,9012.15,2025-04-24
APP12205,CUST11089,LEN1008,325000.0,290000.0,14.49,48,Personal Expenses,2024-04-10,2024-04-11,Approved,,Mobile App,5800.0,7996.14,2024-04-11
APP12206,CUST10381,LEN1015,315000.0,,,6,Debt Consolidation,2024-11-28,,Rejected,Incomplete Documentation,Branch,,,
APP12207,CUST10941,LEN1006,320000.0,305000.0,14.74,12,Home Renovation,2024-09-22,2024-09-26,Approved,,Website,9150.0,27491.38,2024-09-29
APP12208,CUST10303,LEN1015,400000.0,355000.0,14.33,36,Debt Consolidation,2025-04-04,2025-04-04,Approved,,Mobile App,11537.5,12190.03,2025-04-07
APP12209,CUST11337,LEN1013,355000.0,350000.0,14.2,12,Wedding,2024-07-30,2024-08-03,Approved,,Mobile App,8400.0,31458.44,2024-08-06
APP12210,CUST10975,LEN1014,765000.0,680000.0,29.07,18,Home Renovation,2025-06-25,2025-06-28,Approved,,Mobile App,12920.0,47059.67,2025-06-28
APP12211,CUST10833,LEN1001,265000.0,225000.0,26.44,36,Vehicle Purchase,2025-11-26,2025-11-28,Approved,,Branch,5625.0,9118.21,2025-11-30
APP12212,CUST10482,LEN1009,245000.0,240000.0,24.06,60,Personal Expenses,2025-06-21,2025-06-22,Approved,,Direct Telecall,4320.0,6912.67,2025-06-25
APP12213,CUST10410,LEN1019,210000.0,,,6,Business Expansion,2025-04-05,,Rejected,Insufficient Monthly Income,Branch,,,
APP12214,CUST10528,LEN1001,245000.0,200000.0,23.42,48,Business Expansion,2025-04-06,2025-04-10,Approved,,DSA / Partner,5000.0,6456.4,2025-04-13
APP12215,CUST11024,LEN1011,145000.0,135000.0,16.72,12,Vehicle Purchase,2025-08-23,2025-08-27,Approved,,Mobile App,2970.0,12294.71,2025-08-29
APP12216,CUST10302,LEN1006,215000.0,190000.0,14.2,60,Vehicle Purchase,2024-05-13,2024-05-13,Approved,,Direct Telecall,5700.0,4440.69,2024-05-14
APP12217,CUST10360,LEN1005,210000.0,,,6,Medical Emergency,2025-01-14,,Pending,,DSA / Partner,,,
APP12218,CUST11334,LEN1016,145000.0,120000.0,20.03,6,Wedding,2025-03-09,2025-03-10,Approved,,Mobile App,3360.0,21184.53,2025-03-12
APP12219,CUST10234,LEN1010,290000.0,,,36,Vehicle Purchase,2025-07-20,,Rejected,High Debt-to-Income Ratio,Branch,,,
APP12220,CUST10067,LEN1012,335000.0,280000.0,16.08,6,Vehicle Purchase,2024-01-09,2024-01-10,Approved,,Branch,7000.0,48879.61,2024-01-11
APP12221,CUST10061,LEN1006,250000.0,,,36,Personal Expenses,2024-09-29,,Pending,,Mobile App,,,
APP12222,CUST10378,LEN1013,230000.0,210000.0,16.12,60,Medical Emergency,2025-03-08,2025-03-11,Approved,,Mobile App,5040.0,5120.19,2025-03-14
APP12223,CUST10040,LEN1007,800000.0,780000.0,16.77,6,Vehicle Purchase,2025-04-01,2025-04-03,Approved,,Mobile App,21450.0,136432.16,2025-04-03
APP12224,CUST10068,LEN1010,900000.0,755000.0,25.59,12,Home Renovation,2025-04-14,2025-04-17,Approved,,DSA / Partner,18875.0,71974.71,2025-04-18
APP12225,CUST10232,LEN1015,330000.0,,,18,Wedding,2024-09-04,,Pending,,DSA / Partner,,,
APP12226,CUST11138,LEN1001,455000.0,435000.0,11.48,36,Personal Expenses,2025-02-11,2025-02-11,Approved,,Direct Telecall,10875.0,14340.43,2025-02-12
APP12227,CUST10717,LEN1020,300000.0,255000.0,15.35,60,Business Expansion,2025-09-10,2025-09-11,Approved,,Mobile App,8925.0,6113.38,2025-09-14
APP12228,CUST11436,LEN1006,370000.0,,,24,Home Renovation,2024-03-30,,Pending,,Branch,,,
APP12229,CUST10328,LEN1019,190000.0,155000.0,25.88,24,Education,2025-10-29,2025-11-02,Approved,,Website,4650.0,8341.18,2025-11-05
APP12230,CUST10122,LEN1005,1000000.0,930000.0,25.14,48,Vehicle Purchase,2025-02-08,2025-02-11,Approved,,DSA / Partner,20925.0,30908.79,2025-02-12
APP12231,CUST11133,LEN1010,820000.0,780000.0,23.97,12,Wedding,2025-09-30,2025-09-30,Approved,,Website,19500.0,73745.16,2025-10-03
APP12232,CUST11481,LEN1001,230000.0,,,36,Vehicle Purchase,2024-01-03,,Pending,,Website,,,
APP12233,CUST10858,LEN1016,565000.0,,,60,Vehicle Purchase,2024-06-22,,Rejected,Low Credit Score,Mobile App,,,
APP12234,CUST11118,LEN1001,430000.0,,,6,Home Renovation,2024-02-17,,Pending,,Branch,,,
APP12235,CUST10340,LEN1006,500000.0,405000.0,17.74,18,Debt Consolidation,2025-09-26,2025-09-30,Approved,,Mobile App,12150.0,25791.17,2025-09-30
APP12236,CUST11198,LEN1008,160000.0,135000.0,21.13,12,Business Expansion,2024-09-10,2024-09-11,Approved,,Mobile App,2700.0,12578.78,2024-09-12
APP12237,CUST10733,LEN1003,130000.0,115000.0,31.84,60,Business Expansion,2024-12-05,2024-12-05,Approved,,Direct Telecall,1725.0,3851.65,2024-12-06
APP12238,CUST10692,LEN1010,250000.0,,,48,Personal Expenses,2025-02-18,,Rejected,Past Loan Default,Mobile App,,,
APP12239,CUST11033,LEN1018,495000.0,470000.0,11.24,18,Education,2024-07-17,2024-07-18,Approved,,Branch,9400.0,28495.91,2024-07-20
APP12240,CUST10505,LEN1013,500000.0,480000.0,13.68,36,Vehicle Purchase,2024-01-08,2024-01-12,Approved,,Mobile App,11520.0,16330.76,2024-01-13
APP12241,CUST10251,LEN1005,505000.0,420000.0,15.28,60,Debt Consolidation,2024-04-02,2024-04-05,Approved,,Website,9450.0,10053.61,2024-04-07
APP12242,CUST11226,LEN1013,145000.0,120000.0,16.4,60,Home Renovation,2024-04-30,2024-05-03,Approved,,Mobile App,2880.0,2943.73,2024-05-04
APP12243,CUST10155,LEN1016,380000.0,310000.0,13.64,36,Business Expansion,2024-06-12,2024-06-13,Approved,,Website,8680.0,10540.94,2024-06-15
APP12244,CUST11313,LEN1003,865000.0,795000.0,14.12,24,Business Expansion,2024-04-10,2024-04-13,Approved,,Branch,11925.0,38215.33,2024-04-13
APP12245,CUST11440,LEN1008,150000.0,125000.0,28.6,18,Education,2025-02-14,2025-02-16,Approved,,Direct Telecall,2500.0,8621.4,2025-02-19
APP12246,CUST10653,LEN1005,850000.0,695000.0,25.54,36,Vehicle Purchase,2025-01-27,2025-02-01,Approved,,Website,15637.5,27831.96,2025-02-01
APP12247,CUST11272,LEN1014,165000.0,,,60,Education,2024-01-05,,Pending,,Mobile App,,,
APP12248,CUST11170,LEN1019,210000.0,,,48,Debt Consolidation,2024-05-20,,Rejected,KYC Verification Failed,Website,,,
APP12249,CUST10126,LEN1007,130000.0,110000.0,22.73,6,Medical Emergency,2025-12-08,2025-12-08,Approved,,Website,3025.0,19567.76,2025-12-10
APP12250,CUST10193,LEN1009,310000.0,,,60,Home Renovation,2025-08-18,,Pending,,Mobile App,,,
APP12251,CUST11311,LEN1004,185000.0,165000.0,12.27,48,Personal Expenses,2025-03-28,2025-04-02,Approved,,Branch,2887.5,4366.99,2025-04-03
APP12252,CUST10535,LEN1015,150000.0,,,12,Business Expansion,2024-09-14,,Rejected,High Debt-to-Income Ratio,Direct Telecall,,,
APP12253,CUST10315,LEN1003,260000.0,225000.0,25.67,12,Debt Consolidation,2025-11-22,2025-11-22,Approved,,Direct Telecall,3375.0,21458.17,2025-11-23
APP12254,CUST10016,LEN1010,660000.0,595000.0,22.97,24,Wedding,2025-03-17,2025-03-21,Approved,,Mobile App,14875.0,31153.26,2025-03-22
APP12255,CUST10428,LEN1008,390000.0,340000.0,19.32,36,Vehicle Purchase,2024-04-07,2024-04-07,Approved,,Website,6800.0,12518.12,2024-04-08
APP12256,CUST10697,LEN1015,370000.0,300000.0,18.89,48,Debt Consolidation,2024-10-08,2024-10-13,Approved,,DSA / Partner,9750.0,8952.63,2024-10-15
APP12257,CUST11080,LEN1017,270000.0,255000.0,11.93,48,Home Renovation,2025-03-23,2025-03-26,Approved,,Website,5355.0,6706.37,2025-03-27
APP12258,CUST10037,LEN1017,220000.0,210000.0,22.88,24,Home Renovation,2025-08-21,2025-08-22,Approved,,Direct Telecall,4410.0,10985.89,2025-08-24
APP12259,CUST10765,LEN1003,505000.0,420000.0,16.12,24,Home Renovation,2024-06-11,2024-06-11,Approved,,Branch,6300.0,20588.6,2024-06-11
APP12260,CUST11093,LEN1006,310000.0,275000.0,19.03,60,Vehicle Purchase,2024-11-03,2024-11-04,Approved,,Mobile App,8250.0,7138.19,2024-11-06
APP12261,CUST10370,LEN1001,160000.0,,,12,Home Renovation,2024-10-07,,Rejected,Low Credit Score,Mobile App,,,
APP12262,CUST10589,LEN1019,450000.0,425000.0,28.56,36,Personal Expenses,2025-09-12,2025-09-13,Approved,,Mobile App,12750.0,17708.36,2025-09-16
APP12263,CUST10082,LEN1005,500000.0,,,6,Debt Consolidation,2024-02-23,,Rejected,Past Loan Default,Website,,,
APP12264,CUST10740,LEN1014,120000.0,95000.0,24.61,6,Wedding,2025-10-24,2025-10-28,Approved,,Website,1805.0,16989.06,2025-10-28
APP12265,CUST10103,LEN1003,515000.0,475000.0,17.19,12,Business Expansion,2025-07-05,2025-07-07,Approved,,Mobile App,7125.0,43365.1,2025-07-10
APP12266,CUST10192,LEN1003,400000.0,,,12,Vehicle Purchase,2025-12-12,,Rejected,Low Credit Score,Mobile App,,,
APP12267,CUST10860,LEN1001,675000.0,,,12,Wedding,2025-11-05,,Rejected,Low Credit Score,DSA / Partner,,,
APP12268,CUST10657,LEN1013,285000.0,285000.0,31.23,6,Vehicle Purchase,2025-04-30,2025-05-03,Approved,,Mobile App,6840.0,51919.25,2025-05-05
APP12269,CUST10448,LEN1017,395000.0,340000.0,23.37,18,Personal Expenses,2025-08-09,2025-08-10,Approved,,Mobile App,7140.0,22574.17,2025-08-12
APP12270,CUST10868,LEN1003,310000.0,255000.0,13.45,24,Home Renovation,2025-11-20,2025-11-21,Approved,,Mobile App,3825.0,12177.13,2025-11-24
APP12271,CUST10235,LEN1001,625000.0,620000.0,27.87,60,Debt Consolidation,2024-04-05,2024-04-06,Approved,,Website,15500.0,19255.61,2024-04-06
APP12272,CUST10797,LEN1012,250000.0,225000.0,28.84,60,Debt Consolidation,2024-07-20,2024-07-25,Approved,,Mobile App,5625.0,7120.02,2024-07-28
APP12273,CUST11072,LEN1012,600000.0,505000.0,22.33,24,Personal Expenses,2025-12-10,2025-12-12,Approved,,DSA / Partner,12625.0,26280.84,2025-12-13
APP12274,CUST11278,LEN1002,545000.0,530000.0,10.8,24,Medical Emergency,2024-12-01,2024-12-05,Approved,,DSA / Partner,10600.0,24652.97,2024-12-08
APP12275,CUST10041,LEN1003,565000.0,530000.0,16.78,24,Education,2024-11-02,2024-11-03,Approved,,Mobile App,7950.0,26148.41,2024-11-05
APP12276,CUST11148,LEN1008,755000.0,,,18,Debt Consolidation,2025-05-23,,Pending,,Mobile App,,,
APP12277,CUST10345,LEN1008,515000.0,495000.0,12.22,24,Business Expansion,2025-05-28,2025-05-31,Approved,,Mobile App,9900.0,23352.26,2025-05-31
APP12278,CUST10339,LEN1012,260000.0,,,60,Business Expansion,2024-08-18,,Pending,,Direct Telecall,,,
APP12279,CUST10776,LEN1005,170000.0,150000.0,22.07,36,Personal Expenses,2025-12-05,2025-12-08,Approved,,Website,3375.0,5734.0,2025-12-10
APP12280,CUST10130,LEN1001,605000.0,,,6,Business Expansion,2025-05-27,,Rejected,KYC Verification Failed,Mobile App,,,
APP12281,CUST11282,LEN1011,250000.0,235000.0,22.25,18,Home Renovation,2025-02-04,2025-02-08,Approved,,Mobile App,5170.0,15474.73,2025-02-08
APP12282,CUST10067,LEN1019,500000.0,445000.0,14.48,24,Medical Emergency,2025-11-19,2025-11-24,Approved,,Website,13350.0,21466.78,2025-11-27
APP12283,CUST10193,LEN1010,320000.0,,,36,Debt Consolidation,2024-08-05,,Pending,,Website,,,
APP12284,CUST10937,LEN1002,570000.0,550000.0,25.82,24,Medical Emergency,2025-04-07,2025-04-09,Approved,,Branch,11000.0,29581.1,2025-04-12
APP12285,CUST10526,LEN1014,585000.0,535000.0,12.93,12,Vehicle Purchase,2025-02-17,2025-02-17,Approved,,Mobile App,10165.0,47767.17,2025-02-19
APP12286,CUST11350,LEN1010,680000.0,620000.0,25.7,6,Business Expansion,2025-09-15,2025-09-16,Approved,,Branch,15500.0,111215.77,2025-09-19
APP12287,CUST10974,LEN1006,490000.0,425000.0,30.22,6,Personal Expenses,2024-11-11,2024-11-16,Approved,,Branch,12750.0,77206.05,2024-11-19
APP12288,CUST10042,LEN1010,485000.0,420000.0,16.76,18,Vehicle Purchase,2024-02-04,2024-02-09,Approved,,DSA / Partner,10500.0,26550.82,2024-02-10
APP12289,CUST10910,LEN1009,270000.0,,,36,Education,2024-01-28,,Rejected,Insufficient Monthly Income,Mobile App,,,
APP12290,CUST10990,LEN1015,400000.0,365000.0,10.91,6,Vehicle Purchase,2024-05-03,2024-05-08,Approved,,DSA / Partner,11862.5,62783.7,2024-05-09
APP12291,CUST10862,LEN1014,395000.0,315000.0,18.85,24,Debt Consolidation,2025-09-21,2025-09-25,Approved,,Mobile App,5985.0,15855.77,2025-09-28
APP12292,CUST10674,LEN1007,420000.0,,,18,Personal Expenses,2025-04-27,,Pending,,DSA / Partner,,,
APP12293,CUST10421,LEN1019,500000.0,470000.0,25.36,18,Home Renovation,2025-06-11,2025-06-15,Approved,,Direct Telecall,14100.0,31663.24,2025-06-18
APP12294,CUST10819,LEN1001,1000000.0,925000.0,19.11,18,Business Expansion,2025-11-17,2025-11-18,Approved,,Mobile App,23125.0,59510.94,2025-11-18
APP12295,CUST11423,LEN1015,180000.0,,,48,Vehicle Purchase,2024-03-20,,Pending,,Direct Telecall,,,
APP12296,CUST11117,LEN1013,500000.0,,,24,Personal Expenses,2025-02-04,,Rejected,High Debt-to-Income Ratio,DSA / Partner,,,
APP12297,CUST10383,LEN1002,395000.0,385000.0,13.64,24,Home Renovation,2025-11-23,2025-11-24,Approved,,Branch,7700.0,18419.55,2025-11-25
APP12298,CUST11043,LEN1020,120000.0,110000.0,23.15,36,Home Renovation,2024-05-02,2024-05-04,Approved,,DSA / Partner,3850.0,4266.67,2024-05-05
APP12299,CUST10478,LEN1015,110000.0,,,48,Personal Expenses,2025-03-09,,Pending,,Branch,,,
APP12300,CUST10631,LEN1020,160000.0,135000.0,15.62,24,Debt Consolidation,2024-01-31,2024-02-04,Approved,,Mobile App,4725.0,6585.53,2024-02-05
APP12301,CUST10179,LEN1008,1000000.0,870000.0,19.09,18,Personal Expenses,2024-10-16,2024-10-19,Approved,,Mobile App,17400.0,55964.12,2024-10-22
APP12302,CUST10055,LEN1013,355000.0,295000.0,28.27,6,Business Expansion,2025-03-25,2025-03-29,Approved,,Branch,7080.0,53299.3,2025-03-30
APP12303,CUST10557,LEN1008,165000.0,160000.0,24.52,36,Debt Consolidation,2024-09-08,2024-09-13,Approved,,Direct Telecall,3200.0,6321.02,2024-09-13
APP12304,CUST10955,LEN1018,215000.0,190000.0,24.24,24,Personal Expenses,2025-10-11,2025-10-16,Approved,,DSA / Partner,3800.0,10068.28,2025-10-17
APP12305,CUST11389,LEN1004,285000.0,265000.0,14.33,48,Personal Expenses,2025-01-23,2025-01-27,Approved,,Mobile App,4637.5,7285.46,2025-01-28
APP12306,CUST11340,LEN1017,115000.0,95000.0,21.37,6,Education,2024-02-17,2024-02-21,Approved,,DSA / Partner,1995.0,16834.73,2024-02-22
APP12307,CUST10845,LEN1010,70000.0,65000.0,13.69,6,Education,2025-06-09,2025-06-14,Approved,,Mobile App,1625.0,11269.99,2025-06-14
APP12308,CUST10931,LEN1006,270000.0,245000.0,19.47,36,Home Renovation,2025-02-28,2025-03-02,Approved,,Branch,7350.0,9039.05,2025-03-04
APP12309,CUST11079,LEN1011,775000.0,,,6,Personal Expenses,2024-05-30,,Rejected,Past Loan Default,DSA / Partner,,,
APP12310,CUST11040,LEN1019,500000.0,445000.0,22.45,36,Home Renovation,2025-10-24,2025-10-24,Approved,,Direct Telecall,13350.0,17098.52,2025-10-27
APP12311,CUST11106,LEN1001,230000.0,225000.0,22.99,36,Medical Emergency,2025-09-06,2025-09-06,Approved,,Direct Telecall,5625.0,8708.51,2025-09-07
APP12312,CUST10968,LEN1013,220000.0,,,6,Personal Expenses,2024-05-16,,Pending,,Branch,,,
APP12313,CUST10035,LEN1008,415000.0,415000.0,23.16,24,Personal Expenses,2024-06-28,2024-07-03,Approved,,Direct Telecall,8300.0,21767.9,2024-07-05
APP12314,CUST10575,LEN1009,240000.0,200000.0,11.26,60,Vehicle Purchase,2025-10-28,2025-11-01,Approved,,Direct Telecall,3600.0,4374.46,2025-11-04
APP12315,CUST10013,LEN1003,160000.0,135000.0,14.07,48,Debt Consolidation,2025-11-04,2025-11-06,Approved,,Direct Telecall,2025.0,3693.82,2025-11-07
APP12316,CUST10836,LEN1020,35000.0,,,6,Home Renovation,2025-04-14,,Rejected,KYC Verification Failed,Mobile App,,,
APP12317,CUST10510,LEN1001,225000.0,190000.0,11.63,18,Wedding,2024-03-01,2024-03-04,Approved,,DSA / Partner,4750.0,11553.96,2024-03-04
APP12318,CUST10271,LEN1010,390000.0,,,18,Home Renovation,2024-11-11,,Rejected,Low Credit Score,Direct Telecall,,,
APP12319,CUST10721,LEN1012,395000.0,375000.0,12.6,60,Vehicle Purchase,2025-05-28,2025-05-31,Approved,,Website,9375.0,8455.81,2025-06-02
APP12320,CUST10571,LEN1001,380000.0,370000.0,16.21,60,Vehicle Purchase,2024-10-05,2024-10-09,Approved,,Direct Telecall,9250.0,9039.02,2024-10-10
APP12321,CUST10244,LEN1012,355000.0,320000.0,17.82,36,Wedding,2024-09-11,2024-09-16,Approved,,DSA / Partner,8000.0,11539.89,2024-09-19
APP12322,CUST10842,LEN1005,815000.0,,,12,Education,2024-02-09,,Pending,,DSA / Partner,,,
APP12323,CUST10781,LEN1013,325000.0,265000.0,11.62,36,Vehicle Purchase,2025-08-22,2025-08-24,Approved,,Website,6360.0,8753.77,2025-08-27
APP12324,CUST11366,LEN1006,260000.0,235000.0,22.0,6,Debt Consolidation,2025-09-11,2025-09-14,Approved,,Mobile App,7050.0,41717.9,2025-09-15
APP12325,CUST10023,LEN1013,500000.0,440000.0,11.07,6,Wedding,2025-08-20,2025-08-22,Approved,,Branch,10560.0,75719.2,2025-08-25
APP12326,CUST11250,LEN1019,295000.0,,,36,Home Renovation,2025-09-09,,Pending,,Branch,,,
APP12327,CUST11123,LEN1008,145000.0,130000.0,12.63,60,Wedding,2025-07-23,2025-07-26,Approved,,DSA / Partner,2600.0,2933.33,2025-07-27
APP12328,CUST10763,LEN1014,210000.0,175000.0,18.9,6,Education,2025-06-21,2025-06-23,Approved,,Website,3325.0,30795.41,2025-06-24
APP12329,CUST10196,LEN1011,140000.0,,,36,Education,2024-03-27,,Pending,,Branch,,,
APP12330,CUST10317,LEN1005,335000.0,290000.0,24.3,6,Personal Expenses,2024-10-23,2024-10-28,Approved,,Mobile App,6525.0,51816.17,2024-10-31
APP12331,CUST10817,LEN1005,485000.0,450000.0,20.35,48,Medical Emergency,2025-10-29,2025-10-31,Approved,,Website,10125.0,13777.72,2025-10-31
APP12332,CUST10446,LEN1010,100000.0,100000.0,31.08,12,Wedding,2024-06-04,2024-06-07,Approved,,Website,2500.0,9801.91,2024-06-08
APP12333,CUST10068,LEN1019,500000.0,,,24,Business Expansion,2025-01-27,,Pending,,Direct Telecall,,,
APP12334,CUST10609,LEN1006,330000.0,,,48,Home Renovation,2024-01-12,,Pending,,Website,,,
APP12335,CUST10675,LEN1020,300000.0,250000.0,28.09,48,Home Renovation,2025-06-15,2025-06-16,Approved,,Mobile App,8750.0,8725.92,2025-06-16
APP12336,CUST11168,LEN1016,1000000.0,,,24,Medical Emergency,2024-09-24,,Pending,,Branch,,,
APP12337,CUST11145,LEN1020,300000.0,265000.0,13.98,36,Personal Expenses,2025-01-13,2025-01-13,Approved,,Direct Telecall,9275.0,9054.5,2025-01-13
APP12338,CUST10971,LEN1012,300000.0,265000.0,31.63,6,Wedding,2025-02-22,2025-02-25,Approved,,Branch,6625.0,48329.53,2025-02-27
APP12339,CUST10984,LEN1005,980000.0,,,48,Debt Consolidation,2024-11-13,,Pending,,Mobile App,,,
APP12340,CUST10508,LEN1010,425000.0,,,6,Home Renovation,2024-08-18,,Rejected,Low Credit Score,Website,,,
APP12341,CUST11345,LEN1007,400000.0,320000.0,18.78,36,Business Expansion,2024-04-09,2024-04-12,Approved,,DSA / Partner,8800.0,11694.36,2024-04-13
APP12342,CUST11316,LEN1006,115000.0,95000.0,15.27,18,Personal Expenses,2025-03-05,2025-03-10,Approved,,Mobile App,2850.0,5938.63,2025-03-11
APP12343,CUST10093,LEN1005,200000.0,180000.0,14.16,60,Medical Emergency,2024-07-22,2024-07-25,Approved,,Branch,4050.0,4203.23,2024-07-25
APP12344,CUST10389,LEN1010,900000.0,870000.0,17.86,60,Debt Consolidation,2024-10-08,2024-10-12,Approved,,Website,21750.0,22026.08,2024-10-12
APP12345,CUST10555,LEN1016,310000.0,270000.0,10.7,24,Vehicle Purchase,2024-08-18,2024-08-18,Approved,,Mobile App,7560.0,12546.54,2024-08-21
APP12346,CUST10847,LEN1011,260000.0,,,60,Medical Emergency,2025-10-06,,Rejected,Low Credit Score,DSA / Partner,,,
APP12347,CUST11410,LEN1018,655000.0,555000.0,19.49,18,Medical Emergency,2025-12-12,2025-12-16,Approved,,DSA / Partner,11100.0,35807.65,2025-12-18
APP12348,CUST10161,LEN1009,100000.0,,,12,Debt Consolidation,2025-09-11,,Rejected,Low Credit Score,Mobile App,,,
APP12349,CUST11144,LEN1012,600000.0,565000.0,12.92,18,Business Expansion,2024-03-21,2024-03-23,Approved,,Branch,14125.0,34696.81,2024-03-26
APP12350,CUST10534,LEN1009,250000.0,210000.0,15.53,36,Vehicle Purchase,2025-01-09,2025-01-12,Approved,,Direct Telecall,3780.0,7334.34,2025-01-12
APP12351,CUST11325,LEN1016,855000.0,785000.0,20.53,6,Personal Expenses,2024-01-12,2024-01-12,Approved,,Website,21980.0,138778.25,2024-01-14
APP12352,CUST10654,LEN1010,225000.0,220000.0,15.66,18,Personal Expenses,2025-09-10,2025-09-11,Approved,,Mobile App,5500.0,13793.09,2025-09-12
APP12353,CUST10167,LEN1018,55000.0,50000.0,19.85,12,Vehicle Purchase,2024-06-13,2024-06-13,Approved,,DSA / Partner,1000.0,4628.14,2024-06-14
APP12354,CUST11053,LEN1012,395000.0,365000.0,19.65,36,Vehicle Purchase,2024-10-12,2024-10-12,Approved,,Direct Telecall,9125.0,13499.7,2024-10-15
APP12355,CUST11094,LEN1018,115000.0,,,24,Business Expansion,2025-09-14,,Rejected,Incomplete Documentation,Mobile App,,,
APP12356,CUST10693,LEN1003,360000.0,340000.0,22.11,24,Debt Consolidation,2025-03-23,2025-03-24,Approved,,Direct Telecall,5100.0,17657.05,2025-03-25
APP12357,CUST10702,LEN1014,350000.0,300000.0,20.34,6,Education,2025-04-24,2025-04-28,Approved,,Branch,5700.0,53007.79,2025-04-28
APP12358,CUST10885,LEN1016,320000.0,,,48,Wedding,2025-09-02,,Pending,,Mobile App,,,
APP12359,CUST10345,LEN1002,1000000.0,,,48,Medical Emergency,2025-09-21,,Pending,,Branch,,,
APP12360,CUST10190,LEN1018,1000000.0,820000.0,30.12,60,Debt Consolidation,2024-03-21,2024-03-22,Approved,,Mobile App,16400.0,26590.26,2024-03-25
APP12361,CUST10776,LEN1004,75000.0,,,36,Debt Consolidation,2024-12-12,,Pending,,Branch,,,
APP12362,CUST11149,LEN1002,185000.0,170000.0,13.92,60,Vehicle Purchase,2024-07-09,2024-07-14,Approved,,Mobile App,3400.0,3948.56,2024-07-17
APP12363,CUST10067,LEN1010,900000.0,775000.0,15.34,60,Home Renovation,2024-01-19,2024-01-22,Approved,,Mobile App,19375.0,18575.8,2024-01-22
APP12364,CUST10975,LEN1016,1000000.0,945000.0,31.76,18,Debt Consolidation,2025-05-06,2025-05-06,Approved,,Website,26460.0,66673.66,2025-05-07
APP12365,CUST11312,LEN1007,150000.0,140000.0,15.99,60,Medical Emergency,2025-02-03,2025-02-07,Approved,,Website,3850.0,3403.78,2025-02-09
APP12366,CUST11494,LEN1008,800000.0,,,24,Wedding,2025-02-21,,Pending,,DSA / Partner,,,
APP12367,CUST10271,LEN1014,330000.0,280000.0,21.17,18,Vehicle Purchase,2025-01-07,2025-01-12,Approved,,Mobile App,5320.0,18291.56,2025-01-15
APP12368,CUST10151,LEN1018,135000.0,130000.0,13.62,12,Business Expansion,2025-07-22,2025-07-25,Approved,,DSA / Partner,2600.0,11649.09,2025-07-28
APP12369,CUST10100,LEN1011,430000.0,,,6,Vehicle Purchase,2024-02-12,,Pending,,Mobile App,,,
APP12370,CUST10812,LEN1013,335000.0,275000.0,18.94,60,Personal Expenses,2024-02-15,2024-02-20,Approved,,Website,6600.0,7124.58,2024-02-20
APP12371,CUST11326,LEN1014,255000.0,235000.0,12.28,6,Medical Emergency,2024-08-09,2024-08-10,Approved,,Mobile App,4465.0,40581.39,2024-08-10
APP12372,CUST10486,LEN1001,210000.0,,,12,Personal Expenses,2024-09-25,,Rejected,KYC Verification Failed,Branch,,,
APP12373,CUST10324,LEN1007,800000.0,,,24,Business Expansion,2025-04-23,,Rejected,Incomplete Documentation,Branch,,,
APP12374,CUST11224,LEN1012,85000.0,70000.0,24.61,6,Home Renovation,2024-02-12,2024-02-15,Approved,,DSA / Partner,1750.0,12518.25,2024-02-15
APP12375,CUST10273,LEN1015,245000.0,210000.0,25.08,60,Wedding,2025-11-08,2025-11-13,Approved,,Website,6825.0,6173.63,2025-11-14
APP12376,CUST10090,LEN1011,205000.0,200000.0,14.25,36,Debt Consolidation,2024-10-19,2024-10-19,Approved,,Direct Telecall,4400.0,6859.84,2024-10-19
APP12377,CUST11142,LEN1001,255000.0,220000.0,27.35,6,Vehicle Purchase,2025-10-06,2025-10-08,Approved,,Website,5500.0,39646.51,2025-10-10
APP12378,CUST10816,LEN1013,450000.0,405000.0,18.78,12,Business Expansion,2024-05-06,2024-05-08,Approved,,Mobile App,9720.0,37280.9,2024-05-11
APP12379,CUST10779,LEN1001,335000.0,325000.0,11.43,60,Vehicle Purchase,2025-03-06,2025-03-09,Approved,,Mobile App,8125.0,7136.18,2025-03-09
APP12380,CUST10917,LEN1001,300000.0,240000.0,14.17,60,Home Renovation,2025-02-19,2025-02-19,Approved,,DSA / Partner,6000.0,5605.55,2025-02-21
APP12381,CUST11033,LEN1012,95000.0,,,18,Education,2024-01-05,,Rejected,Low Credit Score,Direct Telecall,,,
APP12382,CUST10904,LEN1008,665000.0,640000.0,22.65,48,Medical Emergency,2025-05-23,2025-05-23,Approved,,DSA / Partner,12800.0,20390.41,2025-05-25
APP12383,CUST11079,LEN1015,400000.0,345000.0,11.13,18,Home Renovation,2024-09-18,2024-09-22,Approved,,Mobile App,11212.5,20899.65,2024-09-24
APP12384,CUST10630,LEN1015,255000.0,215000.0,19.59,6,Vehicle Purchase,2025-01-09,2025-01-11,Approved,,Website,6987.5,37908.38,2025-01-14
APP12385,CUST11196,LEN1002,200000.0,190000.0,13.3,24,Medical Emergency,2024-03-22,2024-03-27,Approved,,Branch,3800.0,9059.74,2024-03-30
APP12386,CUST10891,LEN1010,545000.0,480000.0,17.14,24,Education,2024-12-04,2024-12-05,Approved,,DSA / Partner,12000.0,23764.59,2024-12-06
APP12387,CUST10661,LEN1020,295000.0,290000.0,22.93,48,Wedding,2025-07-14,2025-07-17,Approved,,DSA / Partner,10150.0,9283.81,2025-07-17
APP12388,CUST10381,LEN1008,805000.0,730000.0,11.23,48,Wedding,2024-03-31,2024-03-31,Approved,,DSA / Partner,14600.0,18948.87,2024-03-31
APP12389,CUST11155,LEN1006,275000.0,,,36,Business Expansion,2025-05-15,,Rejected,High Debt-to-Income Ratio,DSA / Partner,,,
APP12390,CUST10445,LEN1007,645000.0,535000.0,15.24,12,Wedding,2025-11-29,2025-12-02,Approved,,Mobile App,14712.5,48348.81,2025-12-04
APP12391,CUST10531,LEN1002,140000.0,135000.0,12.95,36,Home Renovation,2024-09-02,2024-09-05,Approved,,Website,2700.0,4545.43,2024-09-08
APP12392,CUST11265,LEN1019,500000.0,490000.0,15.4,18,Home Renovation,2025-04-29,2025-05-04,Approved,,DSA / Partner,14700.0,30660.87,2025-05-05
APP12393,CUST10459,LEN1018,755000.0,640000.0,11.05,48,Home Renovation,2024-05-19,2024-05-23,Approved,,Mobile App,12800.0,16556.68,2024-05-23
APP12394,CUST10515,LEN1001,255000.0,230000.0,11.38,36,Education,2024-06-28,2024-06-29,Approved,,Mobile App,5750.0,7571.36,2024-07-01
APP12395,CUST11014,LEN1003,600000.0,575000.0,18.73,36,Home Renovation,2024-01-10,2024-01-12,Approved,,Branch,8625.0,20998.8,2024-01-12
APP12396,CUST10673,LEN1009,575000.0,495000.0,29.45,12,Vehicle Purchase,2025-03-29,2025-04-02,Approved,,Mobile App,8910.0,48122.31,2025-04-02
APP12397,CUST10414,LEN1018,420000.0,400000.0,25.92,6,Personal Expenses,2025-02-06,2025-02-07,Approved,,Mobile App,8000.0,71796.4,2025-02-08
APP12398,CUST10378,LEN1014,625000.0,555000.0,14.95,48,Home Renovation,2025-05-19,2025-05-20,Approved,,Mobile App,10545.0,15432.0,2025-05-20
APP12399,CUST10849,LEN1017,415000.0,,,6,Vehicle Purchase,2024-11-01,,Pending,,DSA / Partner,,,
APP12400,CUST11496,LEN1016,165000.0,150000.0,16.83,60,Wedding,2024-07-31,2024-08-03,Approved,,Mobile App,4200.0,3714.19,2024-08-03
APP12401,CUST10687,LEN1020,205000.0,,,36,Debt Consolidation,2025-10-07,,Rejected,KYC Verification Failed,Mobile App,,,
APP12402,CUST10174,LEN1002,905000.0,750000.0,18.78,60,Debt Consolidation,2024-02-24,2024-02-24,Approved,,Direct Telecall,15000.0,19364.74,2024-02-27
APP12403,CUST10970,LEN1012,255000.0,225000.0,13.28,24,Wedding,2024-05-21,2024-05-24,Approved,,DSA / Partner,5625.0,10726.53,2024-05-25
APP12404,CUST10029,LEN1002,180000.0,180000.0,19.39,24,Education,2025-11-09,2025-11-12,Approved,,Branch,3600.0,9107.69,2025-11-14
APP12405,CUST10844,LEN1003,470000.0,420000.0,19.18,24,Debt Consolidation,2025-09-01,2025-09-01,Approved,,Website,6300.0,21208.37,2025-09-02
APP12406,CUST11203,LEN1019,335000.0,285000.0,16.25,48,Debt Consolidation,2024-03-20,2024-03-24,Approved,,Branch,8550.0,8113.52,2024-03-27
APP12407,CUST10071,LEN1019,455000.0,420000.0,20.12,18,Business Expansion,2024-10-15,2024-10-16,Approved,,Mobile App,12600.0,27224.78,2024-10-17
APP12408,CUST10854,LEN1014,450000.0,450000.0,14.35,12,Home Renovation,2024-08-15,2024-08-18,Approved,,Direct Telecall,8550.0,40478.35,2024-08-18
APP12409,CUST10268,LEN1004,95000.0,80000.0,22.51,36,Medical Emergency,2024-04-16,2024-04-18,Approved,,Direct Telecall,1400.0,3076.38,2024-04-19
APP12410,CUST10516,LEN1001,40000.0,35000.0,19.68,6,Home Renovation,2025-04-06,2025-04-07,Approved,,Direct Telecall,875.0,6172.7,2025-04-08
APP12411,CUST10396,LEN1019,500000.0,415000.0,25.46,48,Debt Consolidation,2024-11-03,2024-11-08,Approved,,DSA / Partner,12450.0,13866.9,2024-11-09
APP12412,CUST10699,LEN1013,270000.0,,,48,Wedding,2025-06-09,,Rejected,Past Loan Default,Mobile App,,,
APP12413,CUST11078,LEN1005,395000.0,365000.0,24.28,12,Education,2025-06-22,2025-06-22,Approved,,DSA / Partner,8212.5,34563.73,2025-06-24
APP12414,CUST11347,LEN1018,300000.0,245000.0,24.52,18,Medical Emergency,2025-06-18,2025-06-23,Approved,,DSA / Partner,4900.0,16404.34,2025-06-24
APP12415,CUST11430,LEN1009,490000.0,465000.0,12.22,18,Vehicle Purchase,2025-04-23,2025-04-27,Approved,,Website,8370.0,28404.2,2025-04-29
APP12416,CUST10802,LEN1001,1000000.0,925000.0,19.1,18,Vehicle Purchase,2025-03-30,2025-04-02,Approved,,Direct Telecall,23125.0,59506.51,2025-04-03
APP12417,CUST11390,LEN1018,195000.0,170000.0,10.86,6,Wedding,2024-07-25,2024-07-29,Approved,,Mobile App,3400.0,29237.53,2024-07-29
APP12418,CUST11176,LEN1005,325000.0,265000.0,22.68,24,Vehicle Purchase,2024-01-08,2024-01-10,Approved,,Mobile App,5962.5,13836.86,2024-01-13
APP12419,CUST11402,LEN1017,235000.0,230000.0,16.35,18,Business Expansion,2025-11-12,2025-11-14,Approved,,DSA / Partner,4830.0,14495.06,2025-11-16
APP12420,CUST10735,LEN1016,395000.0,,,12,Debt Consolidation,2025-03-17,,Rejected,KYC Verification Failed,DSA / Partner,,,
APP12421,CUST10012,LEN1001,45000.0,45000.0,18.43,36,Wedding,2025-06-17,2025-06-21,Approved,,Website,1125.0,1636.58,2025-06-22
APP12422,CUST10597,LEN1002,150000.0,,,24,Vehicle Purchase,2024-09-18,,Rejected,KYC Verification Failed,Website,,,
APP12423,CUST10219,LEN1005,175000.0,165000.0,12.27,18,Debt Consolidation,2024-03-11,2024-03-14,Approved,,Website,3712.5,10082.74,2024-03-16
APP12424,CUST10011,LEN1005,540000.0,475000.0,18.95,60,Education,2025-06-25,2025-06-28,Approved,,Mobile App,10687.5,12308.7,2025-06-28
APP12425,CUST11050,LEN1008,665000.0,,,60,Wedding,2024-03-06,,Rejected,Insufficient Monthly Income,Mobile App,,,
APP12426,CUST10041,LEN1008,320000.0,,,6,Debt Consolidation,2024-06-06,,Pending,,Website,,,
APP12427,CUST10435,LEN1017,315000.0,275000.0,13.74,6,Home Renovation,2025-12-11,2025-12-15,Approved,,Mobile App,5775.0,47687.53,2025-12-16
APP12428,CUST10063,LEN1020,180000.0,170000.0,16.65,18,Medical Emergency,2024-10-02,2024-10-05,Approved,,Mobile App,5950.0,10737.89,2024-10-05
APP12429,CUST11244,LEN1016,550000.0,475000.0,10.96,60,Wedding,2024-10-06,2024-10-08,Approved,,Mobile App,13300.0,10318.18,2024-10-08
APP12430,CUST10430,LEN1012,185000.0,180000.0,14.95,18,Personal Expenses,2024-11-21,2024-11-23,Approved,,Website,4500.0,11225.03,2024-11-26
APP12431,CUST11416,LEN1016,275000.0,245000.0,15.45,36,Personal Expenses,2024-11-25,2024-11-26,Approved,,Branch,6860.0,8547.09,2024-11-28
APP12432,CUST11387,LEN1001,385000.0,,,36,Personal Expenses,2025-11-04,,Rejected,Insufficient Monthly Income,Mobile App,,,
APP12433,CUST10003,LEN1006,385000.0,,,18,Debt Consolidation,2025-10-28,,Pending,,Mobile App,,,
APP12434,CUST10091,LEN1008,745000.0,640000.0,13.02,18,Home Renovation,2025-06-17,2025-06-17,Approved,,Website,12800.0,39332.43,2025-06-20
APP12435,CUST10392,LEN1010,140000.0,,,12,Medical Emergency,2025-03-26,,Rejected,Incomplete Documentation,Branch,,,
APP12436,CUST10942,LEN1016,155000.0,135000.0,25.75,24,Wedding,2025-09-16,2025-09-21,Approved,,Website,3780.0,7256.06,2025-09-23
APP12437,CUST10137,LEN1017,420000.0,395000.0,14.18,48,Debt Consolidation,2025-06-19,2025-06-23,Approved,,Direct Telecall,8295.0,10829.66,2025-06-24
APP12438,CUST11242,LEN1011,625000.0,600000.0,17.82,36,Vehicle Purchase,2025-06-10,2025-06-14,Approved,,Direct Telecall,13200.0,21637.3,2025-06-17
APP12439,CUST10326,LEN1008,670000.0,635000.0,18.19,12,Home Renovation,2024-02-01,2024-02-05,Approved,,DSA / Partner,12700.0,58274.23,2024-02-08
APP12440,CUST11468,LEN1020,300000.0,260000.0,23.63,12,Wedding,2025-05-07,2025-05-07,Approved,,DSA / Partner,9100.0,24538.96,2025-05-10
APP12441,CUST10395,LEN1001,275000.0,270000.0,16.98,12,Education,2025-10-19,2025-10-19,Approved,,Direct Telecall,6750.0,24622.72,2025-10-19
APP12442,CUST10960,LEN1018,160000.0,155000.0,19.08,18,Home Renovation,2025-01-05,2025-01-08,Approved,,DSA / Partner,3100.0,9969.88,2025-01-08
APP12443,CUST10861,LEN1005,145000.0,130000.0,23.31,24,Home Renovation,2025-10-31,2025-11-04,Approved,,Mobile App,2925.0,6828.55,2025-11-04
APP12444,CUST10311,LEN1006,210000.0,180000.0,27.71,48,Personal Expenses,2025-03-14,2025-03-19,Approved,,Mobile App,5400.0,6243.55,2025-03-22
APP12445,CUST10114,LEN1018,270000.0,255000.0,16.91,24,Wedding,2024-11-26,2024-11-29,Approved,,Branch,5100.0,12596.75,2024-12-02
APP12446,CUST11017,LEN1011,470000.0,435000.0,16.78,36,Medical Emergency,2025-07-07,2025-07-10,Approved,,Branch,9570.0,15461.35,2025-07-11
APP12447,CUST10948,LEN1017,165000.0,,,36,Medical Emergency,2025-05-20,,Rejected,Past Loan Default,Website,,,
APP12448,CUST10119,LEN1018,260000.0,250000.0,17.52,18,Vehicle Purchase,2025-02-18,2025-02-20,Approved,,Mobile App,5000.0,15894.3,2025-02-23
APP12449,CUST10842,LEN1007,480000.0,430000.0,16.95,60,Home Renovation,2025-12-02,2025-12-03,Approved,,Mobile App,11825.0,10675.05,2025-12-06
APP12450,CUST11396,LEN1004,130000.0,125000.0,19.01,48,Personal Expenses,2024-12-07,2024-12-11,Approved,,Direct Telecall,2187.5,3738.17,2024-12-11
APP12451,CUST10317,LEN1019,480000.0,,,36,Vehicle Purchase,2024-04-10,,Pending,,Direct Telecall,,,
APP12452,CUST11047,LEN1005,285000.0,,,6,Wedding,2025-02-15,,Pending,,Mobile App,,,
APP12453,CUST10795,LEN1020,210000.0,175000.0,23.46,6,Personal Expenses,2025-08-23,2025-08-24,Approved,,DSA / Partner,6125.0,31194.59,2025-08-25
APP12454,CUST10794,LEN1018,470000.0,440000.0,20.34,12,Education,2025-06-07,2025-06-12,Approved,,Website,8800.0,40830.81,2025-06-14
APP12455,CUST11245,LEN1015,400000.0,360000.0,14.93,12,Business Expansion,2025-03-06,2025-03-10,Approved,,Mobile App,11700.0,32481.1,2025-03-13
APP12456,CUST11063,LEN1008,255000.0,225000.0,20.12,12,Business Expansion,2025-12-08,2025-12-11,Approved,,Website,4500.0,20855.69,2025-12-12
APP12457,CUST10208,LEN1006,500000.0,,,48,Education,2024-11-26,,Pending,,Mobile App,,,
APP12458,CUST10675,LEN1011,285000.0,280000.0,28.21,48,Business Expansion,2025-11-23,2025-11-28,Approved,,DSA / Partner,6160.0,9792.28,2025-11-28
APP12459,CUST11075,LEN1016,730000.0,690000.0,17.83,48,Education,2024-10-07,2024-10-07,Approved,,Branch,19320.0,20207.51,2024-10-09
APP12460,CUST10753,LEN1017,560000.0,,,6,Medical Emergency,2024-03-06,,Pending,,Website,,,
APP12461,CUST10632,LEN1016,215000.0,215000.0,20.09,48,Medical Emergency,2024-08-20,2024-08-20,Approved,,Mobile App,6020.0,6552.84,2024-08-21
APP12462,CUST10821,LEN1018,1000000.0,,,6,Business Expansion,2025-02-06,,Rejected,Past Loan Default,Direct Telecall,,,
APP12463,CUST11233,LEN1003,580000.0,515000.0,16.84,36,Wedding,2025-09-24,2025-09-25,Approved,,DSA / Partner,7725.0,18320.17,2025-09-26
APP12464,CUST11309,LEN1010,450000.0,405000.0,22.39,48,Debt Consolidation,2025-03-12,2025-03-15,Approved,,Website,10125.0,12845.87,2025-03-17
APP12465,CUST10051,LEN1008,475000.0,385000.0,14.23,24,Vehicle Purchase,2024-01-23,2024-01-24,Approved,,Website,7700.0,18526.82,2024-01-26
APP12466,CUST10983,LEN1007,405000.0,370000.0,15.04,36,Education,2024-12-29,2025-01-01,Approved,,Mobile App,10175.0,12833.42,2025-01-02
APP12467,CUST11232,LEN1005,845000.0,,,12,Medical Emergency,2025-02-06,,Rejected,Past Loan Default,Branch,,,
APP12468,CUST10427,LEN1002,125000.0,,,60,Medical Emergency,2025-07-26,,Pending,,Website,,,
APP12469,CUST10755,LEN1010,290000.0,250000.0,18.25,60,Education,2024-06-28,2024-07-03,Approved,,Mobile App,6250.0,6382.41,2024-07-05
APP12470,CUST10142,LEN1018,270000.0,,,48,Debt Consolidation,2024-09-10,,Pending,,Branch,,,
APP12471,CUST11195,LEN1014,1000000.0,860000.0,14.71,6,Wedding,2024-11-03,2024-11-06,Approved,,Mobile App,16340.0,149545.36,2024-11-08
APP12472,CUST10797,LEN1006,500000.0,465000.0,31.54,18,Business Expansion,2024-10-17,2024-10-20,Approved,,Branch,13950.0,32756.13,2024-10-22
APP12473,CUST11249,LEN1004,555000.0,,,24,Personal Expenses,2024-01-14,,Rejected,High Debt-to-Income Ratio,Website,,,
APP12474,CUST10340,LEN1003,405000.0,,,6,Vehicle Purchase,2025-07-19,,Rejected,Low Credit Score,Branch,,,
APP12475,CUST11323,LEN1010,375000.0,,,6,Education,2024-10-07,,Rejected,Incomplete Documentation,Website,,,
APP12476,CUST10983,LEN1013,375000.0,350000.0,15.95,6,Debt Consolidation,2024-07-27,2024-07-29,Approved,,Branch,8400.0,61076.91,2024-07-29
APP12477,CUST10264,LEN1019,500000.0,430000.0,15.45,60,Home Renovation,2025-02-18,2025-02-19,Approved,,Branch,12900.0,10331.52,2025-02-20
APP12478,CUST10059,LEN1005,145000.0,135000.0,19.44,60,Business Expansion,2024-01-31,2024-02-03,Approved,,Direct Telecall,3037.5,3534.74,2024-02-04
APP12479,CUST10239,LEN1018,1000000.0,,,24,Vehicle Purchase,2025-04-15,,Rejected,Low Credit Score,DSA / Partner,,,
APP12480,CUST11229,LEN1013,425000.0,350000.0,27.95,24,Vehicle Purchase,2024-01-02,2024-01-05,Approved,,Mobile App,8400.0,19202.06,2024-01-06
APP12481,CUST10570,LEN1006,500000.0,470000.0,31.88,6,Home Renovation,2024-05-16,2024-05-18,Approved,,Mobile App,14100.0,85776.11,2024-05-18
APP12482,CUST10149,LEN1007,405000.0,,,24,Education,2025-05-14,,Rejected,KYC Verification Failed,DSA / Partner,,,
APP12483,CUST11265,LEN1001,205000.0,175000.0,15.44,60,Wedding,2024-03-14,2024-03-16,Approved,,Branch,4375.0,4203.77,2024-03-19
APP12484,CUST10247,LEN1009,255000.0,,,36,Home Renovation,2024-09-08,,Pending,,Mobile App,,,
APP12485,CUST10718,LEN1003,670000.0,655000.0,14.01,60,Vehicle Purchase,2025-03-20,2025-03-23,Approved,,Website,9825.0,15244.1,2025-03-23
APP12486,CUST10226,LEN1018,435000.0,355000.0,12.25,24,Home Renovation,2024-08-11,2024-08-13,Approved,,DSA / Partner,7100.0,16752.56,2024-08-16
APP12487,CUST11255,LEN1011,340000.0,305000.0,23.25,60,Home Renovation,2024-07-06,2024-07-08,Approved,,Direct Telecall,6710.0,8641.96,2024-07-08
APP12488,CUST10612,LEN1020,125000.0,,,12,Business Expansion,2024-07-02,,Rejected,Incomplete Documentation,Mobile App,,,
APP12489,CUST10686,LEN1011,210000.0,205000.0,22.35,48,Education,2024-10-22,2024-10-26,Approved,,Website,4510.0,6497.76,2024-10-29
APP12490,CUST10986,LEN1005,160000.0,140000.0,24.8,36,Education,2024-01-01,2024-01-02,Approved,,Branch,3150.0,5551.58,2024-01-02
APP12491,CUST10518,LEN1012,210000.0,190000.0,12.24,48,Medical Emergency,2025-12-04,2025-12-05,Approved,,Website,4750.0,5025.85,2025-12-06
APP12492,CUST10733,LEN1003,180000.0,160000.0,30.96,48,Wedding,2025-06-13,2025-06-14,Approved,,Branch,2400.0,5850.64,2025-06-14
APP12493,CUST10275,LEN1001,265000.0,235000.0,19.46,36,Business Expansion,2024-09-06,2024-09-09,Approved,,Website,5875.0,8668.92,2024-09-09
APP12494,CUST11053,LEN1007,75000.0,,,36,Business Expansion,2024-02-22,,Rejected,Low Credit Score,Branch,,,
APP12495,CUST10205,LEN1018,125000.0,115000.0,18.03,12,Medical Emergency,2024-07-30,2024-07-30,Approved,,Website,2300.0,10544.84,2024-08-01
APP12496,CUST10469,LEN1014,280000.0,275000.0,16.67,24,Home Renovation,2024-04-16,2024-04-20,Approved,,Direct Telecall,5225.0,13553.06,2024-04-20
APP12497,CUST11124,LEN1015,190000.0,165000.0,14.47,36,Vehicle Purchase,2025-06-21,2025-06-23,Approved,,Direct Telecall,5362.5,5677.05,2025-06-26
APP12498,CUST10109,LEN1014,305000.0,295000.0,15.5,48,Personal Expenses,2025-03-14,2025-03-15,Approved,,Mobile App,5605.0,8285.03,2025-03-15
APP12499,CUST10763,LEN1009,425000.0,345000.0,17.41,48,Education,2025-02-17,2025-02-17,Approved,,Mobile App,6210.0,10028.32,2025-02-18
APP12500,CUST11029,LEN1014,320000.0,300000.0,20.63,48,Business Expansion,2024-01-20,2024-01-21,Approved,,Direct Telecall,5700.0,9230.11,2024-01-22
APP12501,CUST10591,LEN1004,305000.0,270000.0,10.61,60,Home Renovation,2025-02-17,2025-02-19,Approved,,Mobile App,4725.0,5818.08,2025-02-19
APP12502,CUST10525,LEN1011,430000.0,430000.0,18.37,36,Home Renovation,2024-04-07,2024-04-08,Approved,,Mobile App,9460.0,15625.46,2024-04-09
APP12503,CUST11064,LEN1005,255000.0,,,60,Home Renovation,2024-02-08,,Rejected,Low Credit Score,Website,,,
APP12504,CUST10655,LEN1008,700000.0,,,36,Home Renovation,2025-11-11,,Rejected,High Debt-to-Income Ratio,Mobile App,,,
APP12505,CUST10097,LEN1012,295000.0,280000.0,12.77,48,Personal Expenses,2025-11-10,2025-11-10,Approved,,Mobile App,7000.0,7479.77,2025-11-10
APP12506,CUST10426,LEN1009,335000.0,280000.0,19.42,12,Education,2024-04-13,2024-04-15,Approved,,Branch,5040.0,25860.0,2024-04-16
APP12507,CUST11059,LEN1013,500000.0,475000.0,27.6,6,Education,2024-09-06,2024-09-09,Approved,,Mobile App,11400.0,85660.31,2024-09-11
APP12508,CUST10683,LEN1005,215000.0,200000.0,18.48,12,Vehicle Purchase,2024-11-01,2024-11-01,Approved,,Website,4500.0,18381.72,2024-11-02
APP12509,CUST10541,LEN1019,275000.0,260000.0,24.68,24,Education,2024-06-27,2024-07-01,Approved,,Website,7800.0,13834.89,2024-07-03
APP12510,CUST10507,LEN1014,940000.0,,,48,Wedding,2024-09-05,,Rejected,KYC Verification Failed,Direct Telecall,,,
APP12511,CUST11356,LEN1019,500000.0,445000.0,17.62,48,Business Expansion,2025-09-28,2025-10-01,Approved,,Mobile App,13350.0,12983.68,2025-10-01
APP12512,CUST10686,LEN1006,500000.0,485000.0,22.41,24,Business Expansion,2025-07-30,2025-08-02,Approved,,Website,14550.0,25259.21,2025-08-03
APP12513,CUST10758,LEN1008,215000.0,,,36,Personal Expenses,2025-03-02,,Rejected,Insufficient Monthly Income,Branch,,,
APP12514,CUST10615,LEN1004,205000.0,,,60,Business Expansion,2024-09-12,,Rejected,Insufficient Monthly Income,Mobile App,,,
APP12515,CUST11192,LEN1012,310000.0,295000.0,15.53,24,Debt Consolidation,2025-03-20,2025-03-22,Approved,,DSA / Partner,7375.0,14377.96,2025-03-23
APP12516,CUST11150,LEN1019,360000.0,,,48,Vehicle Purchase,2025-10-11,,Pending,,Mobile App,,,
APP12517,CUST11181,LEN1018,670000.0,565000.0,20.61,48,Education,2024-10-23,2024-10-26,Approved,,Mobile App,11300.0,17377.32,2024-10-29
APP12518,CUST11214,LEN1005,145000.0,135000.0,20.4,18,Wedding,2024-06-09,2024-06-14,Approved,,Mobile App,3037.5,8769.01,2024-06-17
APP12519,CUST10403,LEN1018,495000.0,,,18,Debt Consolidation,2025-11-06,,Rejected,KYC Verification Failed,Mobile App,,,
APP12520,CUST10842,LEN1018,340000.0,310000.0,18.42,48,Vehicle Purchase,2025-11-15,2025-11-15,Approved,,Mobile App,6200.0,9174.43,2025-11-18
APP12521,CUST11497,LEN1018,115000.0,95000.0,24.08,36,Wedding,2025-10-16,2025-10-20,Approved,,Branch,1900.0,3731.11,2025-10-20
APP12522,CUST10851,LEN1004,380000.0,,,12,Medical Emergency,2025-02-07,,Pending,,Mobile App,,,
APP12523,CUST11056,LEN1007,595000.0,,,6,Personal Expenses,2024-01-24,,Rejected,Insufficient Monthly Income,Mobile App,,,
APP12524,CUST10427,LEN1016,120000.0,,,6,Wedding,2024-06-19,,Pending,,Direct Telecall,,,
APP12525,CUST10009,LEN1004,115000.0,115000.0,21.19,36,Vehicle Purchase,2025-07-21,2025-07-22,Approved,,DSA / Partner,2012.5,4343.86,2025-07-25
APP12526,CUST11499,LEN1009,385000.0,,,6,Home Renovation,2024-10-19,,Pending,,Mobile App,,,
APP12527,CUST10816,LEN1007,800000.0,690000.0,17.82,18,Wedding,2024-07-07,2024-07-08,Approved,,DSA / Partner,18975.0,43966.81,2024-07-09
APP12528,CUST10796,LEN1010,370000.0,305000.0,21.78,24,Education,2025-09-04,2025-09-08,Approved,,Mobile App,7625.0,15789.72,2025-09-10
APP12529,CUST10024,LEN1007,220000.0,,,36,Debt Consolidation,2025-11-11,,Pending,,Branch,,,
APP12530,CUST10164,LEN1004,155000.0,140000.0,16.99,24,Vehicle Purchase,2024-10-26,2024-10-29,Approved,,Direct Telecall,2450.0,6921.24,2024-11-01
APP12531,CUST11377,LEN1001,450000.0,,,36,Education,2024-12-02,,Rejected,High Debt-to-Income Ratio,Mobile App,,,
APP12532,CUST11229,LEN1004,70000.0,65000.0,29.47,24,Medical Emergency,2024-12-24,2024-12-24,Approved,,Mobile App,1137.5,3616.62,2024-12-27
APP12533,CUST11472,LEN1008,350000.0,295000.0,17.8,18,Personal Expenses,2024-07-18,2024-07-20,Approved,,Mobile App,5900.0,18794.59,2024-07-21
APP12534,CUST10976,LEN1014,700000.0,,,48,Education,2024-10-07,,Pending,,Direct Telecall,,,
APP12535,CUST11093,LEN1004,265000.0,265000.0,20.41,60,Debt Consolidation,2024-03-04,2024-03-07,Approved,,Mobile App,4637.5,7081.47,2024-03-08
APP12536,CUST10078,LEN1003,610000.0,490000.0,17.84,36,Medical Emergency,2025-02-14,2025-02-19,Approved,,Mobile App,7350.0,17675.37,2025-02-19
APP12537,CUST10052,LEN1002,1000000.0,905000.0,20.26,48,Home Renovation,2024-06-03,2024-06-06,Approved,,Mobile App,18100.0,27665.0,2024-06-09
APP12538,CUST10244,LEN1013,370000.0,300000.0,17.88,6,Medical Emergency,2025-09-08,2025-09-08,Approved,,Branch,7200.0,52639.63,2025-09-09
APP12539,CUST10529,LEN1017,430000.0,420000.0,20.98,18,Debt Consolidation,2024-09-24,2024-09-25,Approved,,Branch,8820.0,27398.81,2024-09-27
APP12540,CUST10405,LEN1003,990000.0,810000.0,20.28,48,Wedding,2025-11-18,2025-11-22,Approved,,Branch,12150.0,24769.59,2025-11-22
APP12541,CUST10421,LEN1018,660000.0,640000.0,25.43,6,Business Expansion,2024-04-11,2024-04-14,Approved,,DSA / Partner,12800.0,114716.44,2024-04-14
APP12542,CUST10417,LEN1005,255000.0,220000.0,11.89,6,Debt Consolidation,2024-05-18,2024-05-18,Approved,,Mobile App,4950.0,37948.68,2024-05-19
APP12543,CUST11067,LEN1018,375000.0,310000.0,15.15,6,Debt Consolidation,2024-05-02,2024-05-07,Approved,,Mobile App,6200.0,53973.55,2024-05-09
APP12544,CUST10650,LEN1005,545000.0,540000.0,14.98,48,Medical Emergency,2024-08-06,2024-08-10,Approved,,Branch,12150.0,15023.13,2024-08-12
APP12545,CUST11006,LEN1013,85000.0,70000.0,20.07,24,Education,2024-03-14,2024-03-14,Approved,,Branch,1680.0,3565.1,2024-03-14
APP12546,CUST11305,LEN1016,390000.0,390000.0,11.01,6,Vehicle Purchase,2025-08-14,2025-08-19,Approved,,Mobile App,10920.0,67103.2,2025-08-20
APP12547,CUST10244,LEN1012,150000.0,120000.0,18.08,6,Medical Emergency,2024-08-31,2024-09-02,Approved,,Direct Telecall,3000.0,21067.81,2024-09-02
APP12548,CUST10842,LEN1020,300000.0,265000.0,17.71,48,Home Renovation,2024-03-09,2024-03-11,Approved,,DSA / Partner,9275.0,7744.27,2024-03-13
APP12549,CUST10343,LEN1011,460000.0,450000.0,10.51,48,Wedding,2024-11-15,2024-11-20,Approved,,Direct Telecall,9900.0,11523.69,2024-11-22
APP12550,CUST10580,LEN1016,1000000.0,920000.0,24.11,6,Wedding,2025-07-09,2025-07-13,Approved,,Branch,25760.0,164294.56,2025-07-15
APP12551,CUST10873,LEN1013,500000.0,435000.0,12.27,36,Education,2024-02-01,2024-02-06,Approved,,Mobile App,10440.0,14504.39,2024-02-08
APP12552,CUST10887,LEN1015,345000.0,,,48,Vehicle Purchase,2025-01-09,,Pending,,Mobile App,,,
APP12553,CUST10746,LEN1017,350000.0,330000.0,28.79,12,Home Renovation,2025-10-15,2025-10-18,Approved,,DSA / Partner,6930.0,31974.66,2025-10-21
APP12554,CUST10273,LEN1012,270000.0,240000.0,24.35,6,Debt Consolidation,2024-01-09,2024-01-09,Approved,,DSA / Partner,6000.0,42888.38,2024-01-11
APP12555,CUST11340,LEN1009,120000.0,110000.0,25.81,12,Personal Expenses,2025-06-05,2025-06-06,Approved,,DSA / Partner,1980.0,10498.15,2025-06-08
APP12556,CUST10083,LEN1017,490000.0,485000.0,25.9,60,Medical Emergency,2024-01-04,2024-01-07,Approved,,Mobile App,10185.0,14492.43,2024-01-10
APP12557,CUST11109,LEN1020,210000.0,190000.0,13.62,18,Medical Emergency,2024-05-18,2024-05-21,Approved,,DSA / Partner,6650.0,11730.08,2024-05-22
APP12558,CUST10394,LEN1017,845000.0,700000.0,10.93,6,Business Expansion,2024-06-14,2024-06-15,Approved,,Direct Telecall,14700.0,120414.0,2024-06-16
APP12559,CUST10359,LEN1018,215000.0,210000.0,23.68,6,Debt Consolidation,2024-11-30,2024-12-02,Approved,,DSA / Partner,4200.0,37456.69,2024-12-04
APP12560,CUST10066,LEN1001,260000.0,250000.0,27.45,6,Debt Consolidation,2025-09-11,2025-09-11,Approved,,DSA / Partner,6250.0,45065.46,2025-09-11
APP12561,CUST10505,LEN1012,520000.0,515000.0,16.34,60,Business Expansion,2024-11-22,2024-11-23,Approved,,Mobile App,12875.0,12617.03,2024-11-24
APP12562,CUST11318,LEN1017,565000.0,465000.0,24.53,60,Personal Expenses,2024-10-23,2024-10-28,Approved,,DSA / Partner,9765.0,13520.54,2024-10-30
APP12563,CUST11003,LEN1018,370000.0,,,36,Wedding,2024-09-03,,Rejected,Low Credit Score,Branch,,,
APP12564,CUST10262,LEN1018,125000.0,,,6,Personal Expenses,2024-04-14,,Pending,,Website,,,
APP12565,CUST11274,LEN1010,825000.0,,,48,Business Expansion,2024-11-04,,Rejected,Low Credit Score,Mobile App,,,
APP12566,CUST11256,LEN1011,535000.0,460000.0,12.17,12,Medical Emergency,2024-09-25,2024-09-28,Approved,,Direct Telecall,10120.0,40907.03,2024-09-30
APP12567,CUST11288,LEN1005,720000.0,675000.0,20.68,12,Medical Emergency,2025-06-06,2025-06-07,Approved,,Direct Telecall,15187.5,62748.18,2025-06-07
APP12568,CUST10790,LEN1008,1000000.0,895000.0,15.3,24,Personal Expenses,2024-08-20,2024-08-20,Approved,,Direct Telecall,17900.0,43523.23,2024-08-21
APP12569,CUST10200,LEN1008,1000000.0,965000.0,11.71,36,Wedding,2024-09-02,2024-09-06,Approved,,Website,19300.0,31918.31,2024-09-06
APP12570,CUST10654,LEN1011,585000.0,535000.0,15.62,18,Wedding,2025-08-29,2025-08-29,Approved,,Website,11770.0,33532.18,2025-08-31
APP12571,CUST10383,LEN1019,450000.0,410000.0,13.74,6,Vehicle Purchase,2025-03-16,2025-03-18,Approved,,Branch,12300.0,71097.77,2025-03-20
APP12572,CUST10314,LEN1017,690000.0,560000.0,10.65,36,Vehicle Purchase,2025-01-21,2025-01-23,Approved,,Mobile App,11760.0,18241.0,2025-01-26
APP12573,CUST10942,LEN1008,140000.0,135000.0,21.51,60,Debt Consolidation,2025-03-30,2025-04-01,Approved,,Website,2700.0,3691.04,2025-04-02
APP12574,CUST10910,LEN1014,65000.0,55000.0,19.19,12,Vehicle Purchase,2025-07-27,2025-07-31,Approved,,Direct Telecall,1045.0,5073.6,2025-07-31
APP12575,CUST10287,LEN1012,500000.0,470000.0,29.73,6,Debt Consolidation,2025-05-05,2025-05-06,Approved,,Mobile App,11750.0,85264.29,2025-05-09
APP12576,CUST10606,LEN1009,285000.0,275000.0,15.95,60,Wedding,2024-11-26,2024-11-30,Approved,,Mobile App,4950.0,6680.16,2024-12-02
APP12577,CUST11384,LEN1006,340000.0,295000.0,21.12,12,Debt Consolidation,2024-08-05,2024-08-05,Approved,,Mobile App,8850.0,27485.56,2024-08-07
APP12578,CUST10164,LEN1015,400000.0,,,18,Medical Emergency,2024-12-04,,Rejected,KYC Verification Failed,Direct Telecall,,,
APP12579,CUST10506,LEN1013,260000.0,,,18,Business Expansion,2025-04-14,,Rejected,KYC Verification Failed,Website,,,
APP12580,CUST11198,LEN1001,260000.0,210000.0,22.46,60,Wedding,2025-01-22,2025-01-24,Approved,,Branch,5250.0,5855.03,2025-01-27
APP12581,CUST10126,LEN1008,465000.0,430000.0,22.76,12,Education,2024-05-27,2024-05-31,Approved,,Direct Telecall,8600.0,40403.03,2024-06-02
APP12582,CUST10735,LEN1006,500000.0,,,60,Medical Emergency,2025-10-17,,Rejected,Past Loan Default,Website,,,
APP12583,CUST10286,LEN1017,285000.0,260000.0,11.68,6,Debt Consolidation,2024-05-23,2024-05-28,Approved,,Mobile App,5460.0,44821.47,2024-05-28
APP12584,CUST10907,LEN1006,90000.0,,,18,Home Renovation,2024-05-22,,Pending,,Branch,,,
APP12585,CUST10269,LEN1001,955000.0,,,24,Wedding,2024-06-30,,Pending,,Branch,,,
APP12586,CUST10245,LEN1012,215000.0,200000.0,23.43,36,Home Renovation,2025-01-26,2025-01-26,Approved,,DSA / Partner,5000.0,7786.84,2025-01-29
APP12587,CUST10454,LEN1005,645000.0,,,60,Personal Expenses,2024-05-04,,Rejected,High Debt-to-Income Ratio,Mobile App,,,
APP12588,CUST11201,LEN1006,285000.0,235000.0,28.57,18,Business Expansion,2024-07-08,2024-07-13,Approved,,Mobile App,7050.0,16204.72,2024-07-13
APP12589,CUST10218,LEN1019,205000.0,,,12,Education,2025-09-25,,Rejected,High Debt-to-Income Ratio,Website,,,
APP12590,CUST11003,LEN1020,210000.0,195000.0,14.13,36,Personal Expenses,2024-02-29,2024-03-04,Approved,,Mobile App,6825.0,6676.96,2024-03-06
APP12591,CUST10882,LEN1004,285000.0,,,12,Business Expansion,2025-11-24,,Pending,,DSA / Partner,,,
APP12592,CUST10576,LEN1016,100000.0,85000.0,24.66,48,Business Expansion,2025-09-06,2025-09-10,Approved,,Website,2380.0,2802.26,2025-09-11
APP12593,CUST10465,LEN1001,315000.0,260000.0,14.28,60,Business Expansion,2024-08-10,2024-08-13,Approved,,Direct Telecall,6500.0,6087.55,2024-08-16
APP12594,CUST10954,LEN1018,530000.0,470000.0,11.36,18,Business Expansion,2024-10-23,2024-10-24,Approved,,DSA / Partner,9400.0,28522.03,2024-10-27
APP12595,CUST10027,LEN1004,570000.0,525000.0,13.24,60,Business Expansion,2025-11-24,2025-11-24,Approved,,Mobile App,9187.5,12009.96,2025-11-27
APP12596,CUST11022,LEN1014,1000000.0,870000.0,12.48,48,Vehicle Purchase,2024-02-29,2024-03-05,Approved,,Website,16530.0,23116.01,2024-03-08
APP12597,CUST10138,LEN1005,80000.0,75000.0,19.45,36,Home Renovation,2024-03-29,2024-04-01,Approved,,Branch,1687.5,2766.3,2024-04-01
APP12598,CUST10834,LEN1003,520000.0,,,36,Personal Expenses,2024-05-15,,Pending,,Mobile App,,,
APP12599,CUST10504,LEN1003,375000.0,350000.0,14.88,24,Wedding,2025-07-14,2025-07-17,Approved,,Direct Telecall,5250.0,16950.38,2025-07-20
APP12600,CUST11296,LEN1014,165000.0,155000.0,21.7,12,Home Renovation,2024-07-22,2024-07-24,Approved,,Mobile App,2945.0,14484.76,2024-07-25
APP12601,CUST10147,LEN1005,145000.0,125000.0,11.16,48,Debt Consolidation,2025-06-08,2025-06-11,Approved,,Direct Telecall,2812.5,3240.41,2025-06-11
APP12602,CUST10171,LEN1010,460000.0,,,36,Debt Consolidation,2024-01-23,,Pending,,Mobile App,,,
APP12603,CUST10083,LEN1001,895000.0,,,12,Wedding,2024-09-08,,Rejected,Past Loan Default,Website,,,
APP12604,CUST11102,LEN1019,500000.0,405000.0,14.02,12,Education,2025-12-15,2025-12-18,Approved,,Direct Telecall,12150.0,36367.59,2025-12-20
APP12605,CUST11228,LEN1017,850000.0,,,24,Education,2025-05-05,,Pending,,Mobile App,,,
APP12606,CUST11097,LEN1009,190000.0,170000.0,23.89,48,Education,2025-05-23,2025-05-25,Approved,,Direct Telecall,3060.0,5531.98,2025-05-26
APP12607,CUST11073,LEN1005,90000.0,85000.0,12.91,6,Debt Consolidation,2024-02-01,2024-02-02,Approved,,Direct Telecall,1912.5,14704.86,2024-02-05
APP12608,CUST10805,LEN1010,110000.0,105000.0,11.96,24,Education,2024-03-06,2024-03-08,Approved,,Website,2625.0,4940.75,2024-03-10
APP12609,CUST10708,LEN1008,1000000.0,,,12,Wedding,2025-11-19,,Rejected,Insufficient Monthly Income,Website,,,
APP12610,CUST10644,LEN1013,500000.0,450000.0,15.31,24,Debt Consolidation,2025-03-27,2025-03-28,Approved,,Branch,10800.0,21885.33,2025-03-29
APP12611,CUST10571,LEN1019,150000.0,130000.0,14.0,18,Medical Emergency,2024-11-10,2024-11-10,Approved,,Mobile App,3900.0,8048.97,2024-11-13
APP12612,CUST11185,LEN1005,840000.0,,,24,Business Expansion,2025-06-30,,Pending,,DSA / Partner,,,
APP12613,CUST10684,LEN1004,105000.0,,,48,Personal Expenses,2024-05-09,,Pending,,DSA / Partner,,,
APP12614,CUST10917,LEN1014,575000.0,540000.0,15.38,12,Education,2024-11-23,2024-11-27,Approved,,Direct Telecall,10260.0,48836.37,2024-11-28
APP12615,CUST10528,LEN1009,535000.0,460000.0,25.36,6,Home Renovation,2024-04-22,2024-04-27,Approved,,Branch,8280.0,82436.25,2024-04-29
APP12616,CUST10009,LEN1006,80000.0,,,12,Debt Consolidation,2025-04-17,,Pending,,DSA / Partner,,,
APP12617,CUST11127,LEN1001,460000.0,410000.0,16.14,18,Wedding,2025-08-03,2025-08-05,Approved,,Direct Telecall,10250.0,25798.27,2025-08-05
APP12618,CUST11065,LEN1010,245000.0,205000.0,15.37,6,Wedding,2024-07-27,2024-07-28,Approved,,Mobile App,5125.0,35714.57,2024-07-28
APP12619,CUST10600,LEN1015,400000.0,355000.0,15.72,60,Home Renovation,2024-07-16,2024-07-17,Approved,,Mobile App,11537.5,8580.18,2024-07-17
APP12620,CUST11163,LEN1009,280000.0,,,48,Vehicle Purchase,2025-02-13,,Rejected,Incomplete Documentation,DSA / Partner,,,
APP12621,CUST10912,LEN1001,480000.0,465000.0,12.85,24,Education,2024-05-23,2024-05-27,Approved,,Direct Telecall,11625.0,22074.2,2024-05-30
APP12622,CUST10411,LEN1001,85000.0,,,12,Home Renovation,2024-02-20,,Rejected,Incomplete Documentation,Mobile App,,,
APP12623,CUST11385,LEN1017,485000.0,,,18,Home Renovation,2024-09-16,,Rejected,Past Loan Default,DSA / Partner,,,
APP12624,CUST10417,LEN1007,315000.0,290000.0,10.57,12,Vehicle Purchase,2025-11-22,2025-11-26,Approved,,DSA / Partner,7975.0,25572.55,2025-11-27
APP12625,CUST11416,LEN1018,460000.0,,,24,Medical Emergency,2024-07-30,,Rejected,Insufficient Monthly Income,Direct Telecall,,,
APP12626,CUST10018,LEN1011,345000.0,,,18,Debt Consolidation,2025-09-05,,Pending,,DSA / Partner,,,
APP12627,CUST10273,LEN1001,350000.0,330000.0,21.35,18,Vehicle Purchase,2025-08-04,2025-08-05,Approved,,Website,8250.0,21586.62,2025-08-06
APP12628,CUST10536,LEN1020,300000.0,260000.0,12.97,60,Medical Emergency,2024-08-08,2024-08-08,Approved,,Branch,9100.0,5911.81,2024-08-08
APP12629,CUST10222,LEN1011,85000.0,80000.0,31.38,6,Wedding,2025-06-27,2025-07-02,Approved,,Website,1760.0,14579.91,2025-07-02
APP12630,CUST11108,LEN1002,160000.0,150000.0,21.4,36,Personal Expenses,2024-09-18,2024-09-18,Approved,,Website,3000.0,5682.11,2024-09-20
APP12631,CUST10496,LEN1003,515000.0,435000.0,18.05,24,Business Expansion,2025-12-04,2025-12-08,Approved,,Mobile App,6525.0,21727.49,2025-12-08
APP12632,CUST10563,LEN1017,530000.0,460000.0,13.74,24,Debt Consolidation,2024-11-23,2024-11-23,Approved,,DSA / Partner,9660.0,22029.47,2024-11-23
APP12633,CUST10212,LEN1013,500000.0,410000.0,13.02,18,Vehicle Purchase,2025-04-03,2025-04-06,Approved,,Website,9840.0,25197.34,2025-04-08
APP12634,CUST10074,LEN1003,1000000.0,,,36,Personal Expenses,2025-04-18,,Pending,,Mobile App,,,
APP12635,CUST11346,LEN1004,505000.0,,,36,Education,2024-04-15,,Rejected,Insufficient Monthly Income,DSA / Partner,,,
APP12636,CUST10192,LEN1004,190000.0,155000.0,12.21,24,Vehicle Purchase,2025-03-08,2025-03-11,Approved,,Branch,2712.5,7311.6,2025-03-14
APP12637,CUST10899,LEN1012,600000.0,,,48,Education,2024-07-22,,Rejected,High Debt-to-Income Ratio,Direct Telecall,,,
APP12638,CUST10848,LEN1003,440000.0,435000.0,23.73,6,Business Expansion,2024-12-06,2024-12-08,Approved,,Mobile App,6525.0,77599.77,2024-12-09
APP12639,CUST10524,LEN1012,215000.0,190000.0,21.83,6,Business Expansion,2024-12-01,2024-12-03,Approved,,DSA / Partner,4750.0,33713.19,2024-12-04
APP12640,CUST10747,LEN1008,1000000.0,,,36,Home Renovation,2024-06-12,,Rejected,Insufficient Monthly Income,Website,,,
APP12641,CUST10820,LEN1005,115000.0,,,60,Wedding,2025-07-26,,Rejected,Low Credit Score,Website,,,
APP12642,CUST10137,LEN1011,275000.0,245000.0,16.12,18,Vehicle Purchase,2025-07-15,2025-07-15,Approved,,DSA / Partner,5390.0,15413.72,2025-07-16
APP12643,CUST10014,LEN1005,545000.0,455000.0,19.92,18,Education,2025-04-18,2025-04-21,Approved,,Mobile App,10237.5,29449.76,2025-04-22
APP12644,CUST10523,LEN1011,95000.0,80000.0,18.88,18,Personal Expenses,2024-11-23,2024-11-25,Approved,,Mobile App,1760.0,5138.08,2024-11-28
APP12645,CUST10219,LEN1008,85000.0,,,36,Wedding,2024-01-08,,Pending,,Mobile App,,,
APP12646,CUST11097,LEN1019,500000.0,475000.0,22.2,12,Personal Expenses,2025-04-12,2025-04-17,Approved,,Direct Telecall,14250.0,44503.06,2025-04-18
APP12647,CUST10991,LEN1016,645000.0,555000.0,14.53,48,Medical Emergency,2025-05-28,2025-06-02,Approved,,Mobile App,15540.0,15314.16,2025-06-05
APP12648,CUST11337,LEN1017,455000.0,,,12,Personal Expenses,2024-03-03,,Pending,,Branch,,,
APP12649,CUST10018,LEN1015,400000.0,375000.0,11.34,12,Medical Emergency,2024-05-24,2024-05-25,Approved,,Mobile App,12187.5,33202.62,2024-05-27
APP12650,CUST11383,LEN1010,175000.0,155000.0,12.96,48,Personal Expenses,2025-11-05,2025-11-10,Approved,,Website,3875.0,4155.19,2025-11-13
APP12651,CUST10962,LEN1004,340000.0,310000.0,12.39,60,Vehicle Purchase,2025-11-25,2025-11-25,Approved,,Mobile App,5425.0,6957.03,2025-11-28
APP12652,CUST10748,LEN1020,300000.0,265000.0,16.78,60,Vehicle Purchase,2025-04-11,2025-04-15,Approved,,DSA / Partner,9275.0,6554.63,2025-04-18
APP12653,CUST11074,LEN1008,450000.0,415000.0,14.66,60,Debt Consolidation,2024-01-18,2024-01-19,Approved,,Mobile App,8300.0,9798.91,2024-01-21
APP12654,CUST10284,LEN1013,500000.0,420000.0,30.2,18,Education,2025-10-01,2025-10-02,Approved,,DSA / Partner,10080.0,29303.5,2025-10-02
APP12655,CUST11187,LEN1003,1000000.0,870000.0,11.35,12,Personal Expenses,2024-01-22,2024-01-27,Approved,,DSA / Partner,13050.0,77034.15,2024-01-28
APP12656,CUST10863,LEN1002,355000.0,290000.0,16.23,18,Wedding,2025-08-23,2025-08-25,Approved,,Direct Telecall,5800.0,18259.91,2025-08-25
APP12657,CUST11438,LEN1004,115000.0,,,24,Home Renovation,2024-01-10,,Rejected,Low Credit Score,DSA / Partner,,,
APP12658,CUST11033,LEN1002,150000.0,,,18,Education,2024-09-24,,Rejected,Insufficient Monthly Income,Direct Telecall,,,
APP12659,CUST10689,LEN1020,300000.0,,,36,Education,2024-11-22,,Pending,,Mobile App,,,
APP12660,CUST10592,LEN1017,355000.0,325000.0,17.07,12,Business Expansion,2024-04-01,2024-04-05,Approved,,DSA / Partner,6825.0,29652.34,2024-04-08
APP12661,CUST10967,LEN1019,110000.0,110000.0,13.45,18,Vehicle Purchase,2025-06-01,2025-06-04,Approved,,Mobile App,3300.0,6782.35,2025-06-06
APP12662,CUST11391,LEN1008,615000.0,,,6,Education,2025-05-21,,Rejected,Incomplete Documentation,Mobile App,,,
APP12663,CUST10285,LEN1014,645000.0,585000.0,14.37,12,Home Renovation,2025-02-06,2025-02-10,Approved,,Website,11115.0,52627.36,2025-02-11
APP12664,CUST11476,LEN1016,525000.0,,,18,Personal Expenses,2024-02-05,,Rejected,Incomplete Documentation,Mobile App,,,
APP12665,CUST11384,LEN1005,150000.0,,,24,Personal Expenses,2024-11-07,,Rejected,Incomplete Documentation,Mobile App,,,
APP12666,CUST10773,LEN1001,290000.0,250000.0,25.14,36,Personal Expenses,2024-12-12,2024-12-15,Approved,,Branch,6250.0,9958.48,2024-12-15
APP12667,CUST10821,LEN1007,800000.0,,,48,Education,2024-11-23,,Rejected,Insufficient Monthly Income,Mobile App,,,
APP12668,CUST11343,LEN1007,800000.0,785000.0,21.38,48,Education,2024-04-01,2024-04-01,Approved,,Mobile App,21587.5,24468.8,2024-04-01
APP12669,CUST11078,LEN1020,275000.0,260000.0,25.07,6,Wedding,2024-04-26,2024-04-28,Approved,,Branch,9100.0,46556.48,2024-04-28
APP12670,CUST10356,LEN1017,485000.0,395000.0,29.31,12,Business Expansion,2024-10-12,2024-10-16,Approved,,Direct Telecall,8295.0,38373.47,2024-10-17
APP12671,CUST11280,LEN1002,625000.0,580000.0,14.81,12,Personal Expenses,2024-08-13,2024-08-13,Approved,,Website,11600.0,52297.84,2024-08-14
APP12672,CUST10856,LEN1013,65000.0,,,48,Personal Expenses,2024-03-25,,Rejected,High Debt-to-Income Ratio,Branch,,,
APP12673,CUST10281,LEN1014,675000.0,670000.0,24.87,18,Debt Consolidation,2025-12-15,2025-12-15,Approved,,DSA / Partner,12730.0,44975.79,2025-12-17
APP12674,CUST11471,LEN1008,95000.0,90000.0,20.77,60,Medical Emergency,2024-12-23,2024-12-28,Approved,,Mobile App,1800.0,2423.17,2024-12-29
APP12675,CUST10018,LEN1020,255000.0,220000.0,10.92,12,Wedding,2025-05-30,2025-06-03,Approved,,Branch,7700.0,19435.76,2025-06-03
APP12676,CUST10632,LEN1005,160000.0,,,36,Education,2025-02-21,,Rejected,Incomplete Documentation,DSA / Partner,,,
APP12677,CUST10730,LEN1001,360000.0,320000.0,20.41,6,Vehicle Purchase,2025-03-13,2025-03-17,Approved,,DSA / Partner,8000.0,56552.84,2025-03-20
APP12678,CUST10981,LEN1013,380000.0,335000.0,29.2,12,Education,2024-08-29,2024-09-03,Approved,,DSA / Partner,8040.0,32526.5,2024-09-05
APP12679,CUST10051,LEN1003,430000.0,,,24,Home Renovation,2025-02-15,,Rejected,High Debt-to-Income Ratio,DSA / Partner,,,
APP12680,CUST11213,LEN1006,85000.0,,,24,Vehicle Purchase,2025-06-11,,Rejected,Incomplete Documentation,DSA / Partner,,,
APP12681,CUST11055,LEN1001,920000.0,810000.0,25.75,48,Education,2025-10-21,2025-10-23,Approved,,DSA / Partner,20250.0,27197.21,2025-10-24
APP12682,CUST10384,LEN1018,395000.0,,,36,Personal Expenses,2024-10-25,,Rejected,Past Loan Default,DSA / Partner,,,
APP12683,CUST11196,LEN1008,405000.0,350000.0,11.93,36,Medical Emergency,2024-11-27,2024-11-30,Approved,,Mobile App,7000.0,11613.31,2024-12-01
APP12684,CUST10889,LEN1011,1000000.0,805000.0,16.03,60,Wedding,2024-10-30,2024-11-03,Approved,,DSA / Partner,17710.0,19588.87,2024-11-05
APP12685,CUST11090,LEN1001,360000.0,295000.0,13.34,6,Debt Consolidation,2025-03-27,2025-03-30,Approved,,Mobile App,7375.0,51097.28,2025-04-01
APP12686,CUST10989,LEN1018,215000.0,215000.0,20.4,36,Medical Emergency,2025-08-27,2025-08-30,Approved,,Mobile App,4300.0,8034.06,2025-09-01
APP12687,CUST10191,LEN1018,320000.0,,,6,Medical Emergency,2025-06-22,,Rejected,Insufficient Monthly Income,Website,,,
APP12688,CUST10081,LEN1002,515000.0,,,18,Personal Expenses,2025-09-09,,Rejected,High Debt-to-Income Ratio,Mobile App,,,
APP12689,CUST10537,LEN1009,145000.0,130000.0,31.35,48,Home Renovation,2025-04-02,2025-04-04,Approved,,Branch,2340.0,4783.4,2025-04-07
APP12690,CUST10102,LEN1008,410000.0,330000.0,26.7,60,Home Renovation,2024-07-19,2024-07-20,Approved,,Branch,6600.0,10017.57,2024-07-22
APP12691,CUST11298,LEN1001,210000.0,190000.0,14.1,36,Vehicle Purchase,2024-02-06,2024-02-06,Approved,,Direct Telecall,4750.0,6502.98,2024-02-09
APP12692,CUST11355,LEN1020,250000.0,220000.0,27.34,12,Home Renovation,2024-07-12,2024-07-12,Approved,,Mobile App,7700.0,21160.34,2024-07-12
APP12693,CUST10788,LEN1006,390000.0,315000.0,10.91,6,Wedding,2024-07-19,2024-07-21,Approved,,Direct Telecall,9450.0,54183.19,2024-07-22
APP12694,CUST10789,LEN1014,160000.0,145000.0,20.09,48,Wedding,2024-09-01,2024-09-06,Approved,,Website,2755.0,4419.36,2024-09-08
APP12695,CUST10051,LEN1011,315000.0,,,60,Medical Emergency,2024-10-10,,Rejected,KYC Verification Failed,Direct Telecall,,,
APP12696,CUST10801,LEN1020,300000.0,285000.0,12.13,24,Wedding,2024-02-20,2024-02-23,Approved,,Website,9975.0,13433.25,2024-02-24
APP12697,CUST10742,LEN1010,150000.0,140000.0,11.34,18,Education,2024-12-04,2024-12-09,Approved,,Website,3500.0,8494.63,2024-12-12
APP12698,CUST11125,LEN1018,665000.0,620000.0,20.44,24,Business Expansion,2024-07-22,2024-07-26,Approved,,Branch,12400.0,31688.83,2024-07-27
APP12699,CUST10608,LEN1018,570000.0,565000.0,15.43,12,Business Expansion,2025-07-14,2025-07-17,Approved,,Direct Telecall,11300.0,51110.66,2025-07-20
APP12700,CUST10443,LEN1014,325000.0,275000.0,13.68,60,Debt Consolidation,2024-11-16,2024-11-21,Approved,,Branch,5225.0,6353.24,2024-11-24
APP12701,CUST10969,LEN1012,475000.0,455000.0,19.46,6,Debt Consolidation,2024-06-11,2024-06-15,Approved,,Mobile App,11375.0,80195.2,2024-06-16
APP12702,CUST11346,LEN1009,410000.0,355000.0,18.96,60,Vehicle Purchase,2025-12-08,2025-12-10,Approved,,Branch,6390.0,9201.08,2025-12-10
APP12703,CUST11483,LEN1010,500000.0,460000.0,23.71,6,Business Expansion,2024-02-02,2024-02-05,Approved,,Direct Telecall,11500.0,82054.91,2024-02-08
APP12704,CUST10339,LEN1001,50000.0,50000.0,23.88,12,Debt Consolidation,2025-09-09,2025-09-14,Approved,,Mobile App,1250.0,4725.08,2025-09-17
APP12705,CUST10916,LEN1008,665000.0,570000.0,20.07,24,Home Renovation,2024-11-18,2024-11-20,Approved,,Branch,11400.0,29030.1,2024-11-20
APP12706,CUST10495,LEN1018,1000000.0,910000.0,14.62,6,Vehicle Purchase,2024-12-09,2024-12-11,Approved,,Mobile App,18200.0,158199.24,2024-12-11
APP12707,CUST11386,LEN1005,645000.0,520000.0,22.01,48,Personal Expenses,2024-12-17,2024-12-21,Approved,,Website,11700.0,16385.98,2024-12-21
APP12708,CUST10639,LEN1007,175000.0,150000.0,30.13,6,Home Renovation,2025-09-02,2025-09-07,Approved,,DSA / Partner,4125.0,27242.36,2025-09-08
APP12709,CUST10459,LEN1016,575000.0,550000.0,12.67,60,Business Expansion,2024-03-21,2024-03-21,Approved,,Mobile App,15400.0,12421.47,2024-03-21
APP12710,CUST10292,LEN1008,450000.0,395000.0,17.41,36,Personal Expenses,2024-06-19,2024-06-22,Approved,,Website,7900.0,14163.56,2024-06-24
APP12711,CUST10306,LEN1018,250000.0,215000.0,30.18,48,Vehicle Purchase,2025-11-14,2025-11-18,Approved,,Mobile App,4300.0,7763.81,2025-11-20
APP12712,CUST11016,LEN1008,340000.0,295000.0,13.83,36,Business Expansion,2024-10-26,2024-10-31,Approved,,Website,5900.0,10058.06,2024-11-03
APP12713,CUST10084,LEN1020,280000.0,240000.0,21.48,48,Medical Emergency,2024-08-25,2024-08-30,Approved,,Branch,8400.0,7493.87,2024-09-01
APP12714,CUST10705,LEN1012,180000.0,,,48,Education,2025-04-09,,Rejected,Incomplete Documentation,Direct Telecall,,,
APP12715,CUST10065,LEN1014,400000.0,,,12,Medical Emergency,2025-04-11,,Pending,,DSA / Partner,,,
APP12716,CUST10410,LEN1008,220000.0,205000.0,16.01,24,Medical Emergency,2024-03-29,2024-03-31,Approved,,Mobile App,4100.0,10038.42,2024-04-03
APP12717,CUST11473,LEN1006,500000.0,405000.0,22.36,18,Medical Emergency,2025-03-10,2025-03-10,Approved,,Mobile App,12150.0,26690.83,2025-03-13
APP12718,CUST10804,LEN1006,305000.0,,,36,Personal Expenses,2025-08-07,,Rejected,High Debt-to-Income Ratio,DSA / Partner,,,
APP12719,CUST10172,LEN1020,190000.0,175000.0,20.78,12,Personal Expenses,2025-09-25,2025-09-28,Approved,,Mobile App,6125.0,16276.44,2025-10-01
APP12720,CUST10122,LEN1010,775000.0,745000.0,23.75,48,Business Expansion,2025-09-22,2025-09-23,Approved,,Direct Telecall,18625.0,24185.52,2025-09-26
APP12721,CUST10903,LEN1008,390000.0,375000.0,12.98,6,Home Renovation,2024-10-14,2024-10-18,Approved,,Mobile App,7500.0,64887.36,2024-10-18
APP12722,CUST10632,LEN1017,95000.0,75000.0,18.22,6,Debt Consolidation,2024-06-04,2024-06-05,Approved,,Direct Telecall,1575.0,13172.61,2024-06-08
APP12723,CUST10610,LEN1012,140000.0,,,48,Home Renovation,2024-06-28,,Pending,,Branch,,,
APP12724,CUST11480,LEN1008,90000.0,85000.0,18.54,18,Home Renovation,2025-01-05,2025-01-08,Approved,,DSA / Partner,1700.0,5445.4,2025-01-09
APP12725,CUST11242,LEN1020,145000.0,,,48,Business Expansion,2025-08-27,,Pending,,Website,,,
APP12726,CUST10050,LEN1010,705000.0,655000.0,11.25,12,Medical Emergency,2024-07-26,2024-07-30,Approved,,Branch,16375.0,57966.4,2024-08-01
APP12727,CUST10461,LEN1003,265000.0,240000.0,13.94,48,Home Renovation,2025-08-22,2025-08-27,Approved,,Direct Telecall,3600.0,6551.13,2025-08-27
APP12728,CUST10657,LEN1001,365000.0,,,48,Medical Emergency,2025-04-23,,Pending,,Direct Telecall,,,
APP12729,CUST11239,LEN1005,285000.0,,,60,Business Expansion,2025-04-07,,Pending,,Mobile App,,,
APP12730,CUST10438,LEN1006,325000.0,300000.0,12.73,60,Vehicle Purchase,2025-12-02,2025-12-07,Approved,,Mobile App,9000.0,6784.53,2025-12-10
APP12731,CUST10469,LEN1020,135000.0,130000.0,20.06,6,Education,2025-08-03,2025-08-06,Approved,,DSA / Partner,4550.0,22951.86,2025-08-07
APP12732,CUST11392,LEN1015,205000.0,170000.0,12.04,24,Medical Emergency,2025-01-02,2025-01-05,Approved,,Mobile App,5525.0,8005.67,2025-01-08
APP12733,CUST10003,LEN1015,350000.0,285000.0,22.44,18,Medical Emergency,2024-07-20,2024-07-20,Approved,,Website,9262.5,18793.51,2024-07-20
APP12734,CUST10364,LEN1001,85000.0,70000.0,18.78,48,Vehicle Purchase,2025-06-17,2025-06-21,Approved,,Direct Telecall,1750.0,2084.89,2025-06-21
APP12735,CUST10437,LEN1010,325000.0,295000.0,23.32,6,Home Renovation,2024-11-19,2024-11-22,Approved,,Branch,7375.0,52564.44,2024-11-22
APP12736,CUST10487,LEN1002,220000.0,205000.0,18.62,36,Education,2025-02-21,2025-02-23,Approved,,Website,4100.0,7475.16,2025-02-25
APP12737,CUST11281,LEN1003,730000.0,,,48,Home Renovation,2025-03-10,,Pending,,Mobile App,,,
APP12738,CUST11110,LEN1017,190000.0,,,6,Education,2025-11-11,,Pending,,Branch,,,
APP12739,CUST10271,LEN1015,320000.0,270000.0,22.94,6,Business Expansion,2024-09-06,2024-09-06,Approved,,Mobile App,8775.0,48058.38,2024-09-08
APP12740,CUST10328,LEN1005,110000.0,90000.0,24.88,12,Home Renovation,2024-08-29,2024-09-03,Approved,,Website,2025.0,8548.74,2024-09-04
APP12741,CUST11404,LEN1003,600000.0,565000.0,12.41,48,Vehicle Purchase,2024-05-04,2024-05-05,Approved,,Branch,8475.0,14992.61,2024-05-08
APP12742,CUST10019,LEN1008,180000.0,180000.0,15.74,48,Medical Emergency,2025-05-05,2025-05-09,Approved,,Direct Telecall,3600.0,5077.31,2025-05-09
APP12743,CUST10955,LEN1017,605000.0,505000.0,21.31,18,Wedding,2025-05-08,2025-05-10,Approved,,DSA / Partner,10605.0,33024.31,2025-05-11
APP12744,CUST10166,LEN1009,595000.0,530000.0,23.23,6,Personal Expenses,2024-01-10,2024-01-12,Approved,,DSA / Partner,9540.0,94413.89,2024-01-14
APP12745,CUST10057,LEN1018,750000.0,,,18,Medical Emergency,2024-08-09,,Pending,,Mobile App,,,
APP12746,CUST10940,LEN1001,1000000.0,925000.0,25.01,6,Medical Emergency,2024-03-23,2024-03-25,Approved,,Branch,23125.0,165605.74,2024-03-27
APP12747,CUST10532,LEN1012,150000.0,130000.0,11.67,24,Home Renovation,2025-02-08,2025-02-08,Approved,,Branch,3250.0,6099.54,2025-02-09
APP12748,CUST10929,LEN1014,460000.0,445000.0,24.47,12,Wedding,2025-12-01,2025-12-06,Approved,,DSA / Partner,8455.0,42180.3,2025-12-09
APP12749,CUST10290,LEN1014,215000.0,205000.0,19.97,18,Vehicle Purchase,2024-05-17,2024-05-20,Approved,,Mobile App,3895.0,13273.5,2024-05-23
APP12750,CUST11114,LEN1008,725000.0,645000.0,22.06,18,Business Expansion,2024-07-31,2024-08-04,Approved,,DSA / Partner,12900.0,42413.74,2024-08-07
APP12751,CUST10587,LEN1002,160000.0,160000.0,12.78,12,Education,2025-11-02,2025-11-04,Approved,,Direct Telecall,3200.0,14274.25,2025-11-07
APP12752,CUST10141,LEN1010,105000.0,95000.0,30.39,24,Vehicle Purchase,2025-05-21,2025-05-21,Approved,,Mobile App,2375.0,5330.81,2025-05-23
APP12753,CUST11393,LEN1004,50000.0,,,24,Vehicle Purchase,2025-12-01,,Rejected,KYC Verification Failed,Mobile App,,,
APP12754,CUST10357,LEN1004,155000.0,,,18,Education,2025-09-07,,Rejected,Insufficient Monthly Income,Mobile App,,,
APP12755,CUST11090,LEN1014,275000.0,265000.0,11.66,24,Debt Consolidation,2024-01-28,2024-01-31,Approved,,DSA / Partner,5035.0,12432.44,2024-02-03
APP12756,CUST11215,LEN1017,1000000.0,,,6,Education,2025-07-18,,Pending,,DSA / Partner,,,
APP12757,CUST11145,LEN1008,105000.0,95000.0,15.46,18,Education,2025-11-30,2025-12-03,Approved,,DSA / Partner,1900.0,5947.14,2025-12-04
APP12758,CUST11414,LEN1003,555000.0,530000.0,19.71,36,Home Renovation,2024-05-28,2024-06-01,Approved,,Direct Telecall,7950.0,19618.47,2024-06-01
APP12759,CUST11355,LEN1006,320000.0,,,6,Vehicle Purchase,2025-09-04,,Pending,,Website,,,
APP12760,CUST10457,LEN1009,105000.0,85000.0,21.56,18,Personal Expenses,2025-12-03,2025-12-07,Approved,,DSA / Partner,1530.0,5568.82,2025-12-10
APP12761,CUST10349,LEN1005,145000.0,120000.0,10.76,18,Wedding,2025-06-15,2025-06-15,Approved,,Mobile App,2700.0,7248.91,2025-06-18
APP12762,CUST11427,LEN1019,495000.0,,,24,Personal Expenses,2024-12-08,,Rejected,Incomplete Documentation,DSA / Partner,,,
APP12763,CUST10918,LEN1017,195000.0,,,60,Debt Consolidation,2025-05-03,,Pending,,Branch,,,
APP12764,CUST10584,LEN1019,415000.0,410000.0,10.9,36,Personal Expenses,2024-06-14,2024-06-17,Approved,,Website,12300.0,13403.47,2024-06-17
APP12765,CUST10227,LEN1009,255000.0,230000.0,17.02,24,Business Expansion,2024-12-30,2025-01-03,Approved,,DSA / Partner,4140.0,11373.93,2025-01-03
APP12766,CUST10020,LEN1014,145000.0,120000.0,14.78,12,Business Expansion,2024-09-06,2024-09-06,Approved,,DSA / Partner,2280.0,10818.54,2024-09-07
APP12767,CUST11222,LEN1015,400000.0,380000.0,12.76,18,Business Expansion,2024-07-01,2024-07-01,Approved,,DSA / Partner,12350.0,23307.56,2024-07-04
APP12768,CUST11223,LEN1010,265000.0,215000.0,12.22,12,Wedding,2025-06-03,2025-06-04,Approved,,Branch,5375.0,19124.62,2025-06-04
APP12769,CUST10803,LEN1017,1000000.0,,,12,Personal Expenses,2024-07-31,,Pending,,Mobile App,,,
APP12770,CUST11317,LEN1001,610000.0,585000.0,15.62,24,Wedding,2024-07-12,2024-07-12,Approved,,Website,14625.0,28537.32,2024-07-15
APP12771,CUST10455,LEN1007,390000.0,360000.0,12.08,6,Education,2025-04-26,2025-04-28,Approved,,Mobile App,9900.0,62131.64,2025-04-28
APP12772,CUST10093,LEN1010,195000.0,,,60,Personal Expenses,2025-05-02,,Pending,,Mobile App,,,
APP12773,CUST11378,LEN1006,500000.0,,,48,Debt Consolidation,2025-06-12,,Rejected,KYC Verification Failed,Website,,,
APP12774,CUST11032,LEN1008,305000.0,300000.0,19.01,24,Education,2025-09-04,2025-09-04,Approved,,Direct Telecall,6000.0,15124.04,2025-09-05
APP12775,CUST10987,LEN1009,525000.0,,,12,Home Renovation,2024-11-25,,Rejected,KYC Verification Failed,Mobile App,,,
APP12776,CUST10217,LEN1015,400000.0,,,6,Home Renovation,2025-07-25,,Rejected,Low Credit Score,Website,,,
APP12777,CUST11289,LEN1009,455000.0,440000.0,25.96,60,Vehicle Purchase,2024-04-18,2024-04-23,Approved,,Mobile App,7920.0,13163.39,2024-04-24
APP12778,CUST10832,LEN1002,205000.0,190000.0,11.57,36,Vehicle Purchase,2025-08-08,2025-08-08,Approved,,Mobile App,3800.0,6271.77,2025-08-09
APP12779,CUST11482,LEN1018,250000.0,210000.0,21.36,12,Medical Emergency,2025-02-02,2025-02-03,Approved,,Website,4200.0,19590.19,2025-02-03
APP12780,CUST10964,LEN1020,300000.0,280000.0,18.49,48,Business Expansion,2024-02-17,2024-02-22,Approved,,Branch,9800.0,8296.87,2024-02-24
APP12781,CUST10743,LEN1019,405000.0,370000.0,15.77,12,Debt Consolidation,2024-02-02,2024-02-06,Approved,,Direct Telecall,11100.0,33530.16,2024-02-07
APP12782,CUST11439,LEN1004,845000.0,835000.0,20.67,48,Education,2025-10-28,2025-10-31,Approved,,Website,14612.5,25708.38,2025-11-03
APP12783,CUST11041,LEN1003,210000.0,175000.0,23.2,12,Education,2025-04-26,2025-04-26,Approved,,Branch,2625.0,16480.25,2025-04-29
APP12784,CUST11419,LEN1005,115000.0,,,48,Education,2024-10-27,,Rejected,Low Credit Score,Direct Telecall,,,
APP12785,CUST11447,LEN1006,95000.0,90000.0,13.34,48,Home Renovation,2024-06-23,2024-06-23,Approved,,Direct Telecall,2700.0,2429.69,2024-06-24
APP12786,CUST10126,LEN1014,335000.0,295000.0,22.61,12,Home Renovation,2024-08-28,2024-08-28,Approved,,Direct Telecall,5605.0,27697.02,2024-08-28
APP12787,CUST11115,LEN1004,205000.0,,,18,Debt Consolidation,2024-06-21,,Pending,,Website,,,
APP12788,CUST10608,LEN1018,655000.0,,,18,Home Renovation,2025-11-15,,Pending,,Direct Telecall,,,
APP12789,CUST10064,LEN1006,500000.0,460000.0,23.25,12,Business Expansion,2025-12-15,2025-12-17,Approved,,Mobile App,13800.0,43330.63,2025-12-17
APP12790,CUST10242,LEN1017,310000.0,250000.0,25.03,6,Business Expansion,2024-10-07,2024-10-09,Approved,,DSA / Partner,5250.0,44760.82,2024-10-09
APP12791,CUST10633,LEN1016,405000.0,325000.0,14.5,36,Medical Emergency,2025-04-23,2025-04-28,Approved,,Mobile App,9100.0,11186.82,2025-04-29
APP12792,CUST10615,LEN1011,560000.0,,,48,Personal Expenses,2024-07-02,,Rejected,Insufficient Monthly Income,Branch,,,
APP12793,CUST10156,LEN1003,105000.0,95000.0,11.04,12,Business Expansion,2024-11-23,2024-11-27,Approved,,DSA / Partner,1425.0,8398.03,2024-11-28
APP12794,CUST10073,LEN1006,305000.0,285000.0,16.5,24,Vehicle Purchase,2025-08-20,2025-08-24,Approved,,DSA / Partner,8550.0,14022.67,2025-08-25
APP12795,CUST10344,LEN1019,185000.0,,,12,Vehicle Purchase,2025-08-05,,Rejected,KYC Verification Failed,Mobile App,,,
APP12796,CUST10191,LEN1003,365000.0,,,36,Education,2025-11-24,,Rejected,Low Credit Score,Branch,,,
APP12797,CUST11273,LEN1008,505000.0,470000.0,26.98,18,Home Renovation,2025-10-31,2025-10-31,Approved,,Website,9400.0,32038.63,2025-11-03
APP12798,CUST10870,LEN1006,325000.0,275000.0,14.47,12,Debt Consolidation,2024-07-14,2024-07-18,Approved,,DSA / Partner,8250.0,24752.31,2024-07-19
APP12799,CUST10488,LEN1009,70000.0,,,18,Medical Emergency,2025-06-23,,Rejected,Insufficient Monthly Income,Direct Telecall,,,
APP12800,CUST10894,LEN1020,150000.0,125000.0,14.32,6,Vehicle Purchase,2024-10-21,2024-10-25,Approved,,Website,4375.0,21712.07,2024-10-26
APP12801,CUST10786,LEN1020,300000.0,,,36,Business Expansion,2024-01-22,,Pending,,Website,,,
APP12802,CUST10922,LEN1009,260000.0,215000.0,24.82,60,Personal Expenses,2024-12-21,2024-12-25,Approved,,Branch,3870.0,6287.87,2024-12-27
APP12803,CUST11247,LEN1009,200000.0,175000.0,16.22,24,Personal Expenses,2025-08-05,2025-08-08,Approved,,Mobile App,3150.0,8586.95,2025-08-10
APP12804,CUST10670,LEN1007,255000.0,,,6,Wedding,2024-12-02,,Rejected,Low Credit Score,DSA / Partner,,,
APP12805,CUST10530,LEN1015,175000.0,165000.0,25.01,36,Education,2024-02-08,2024-02-10,Approved,,Mobile App,5362.5,6561.24,2024-02-12
APP12806,CUST10280,LEN1018,430000.0,410000.0,12.33,24,Education,2024-10-18,2024-10-21,Approved,,Website,8200.0,19363.37,2024-10-24
APP12807,CUST11058,LEN1014,385000.0,340000.0,13.91,36,Debt Consolidation,2024-01-17,2024-01-22,Approved,,DSA / Partner,6460.0,11605.54,2024-01-22
APP12808,CUST10888,LEN1019,190000.0,,,60,Debt Consolidation,2025-03-26,,Pending,,Branch,,,
APP12809,CUST10169,LEN1003,105000.0,,,60,Education,2024-09-23,,Pending,,Branch,,,
APP12810,CUST11467,LEN1015,155000.0,135000.0,14.54,24,Wedding,2025-03-04,2025-03-09,Approved,,Website,4387.5,6516.23,2025-03-11
APP12811,CUST10157,LEN1018,210000.0,185000.0,15.52,24,Personal Expenses,2024-04-08,2024-04-10,Approved,,Direct Telecall,3700.0,9015.8,2024-04-11
APP12812,CUST10419,LEN1010,525000.0,455000.0,13.15,18,Vehicle Purchase,2025-06-13,2025-06-15,Approved,,Branch,11375.0,27990.51,2025-06-17
APP12813,CUST10035,LEN1011,500000.0,430000.0,21.77,24,Education,2024-12-17,2024-12-22,Approved,,DSA / Partner,9460.0,22258.8,2024-12-24
APP12814,CUST10365,LEN1018,740000.0,610000.0,25.8,24,Home Renovation,2025-04-01,2025-04-02,Approved,,Website,12200.0,32801.99,2025-04-04
APP12815,CUST10115,LEN1008,215000.0,205000.0,31.26,60,Wedding,2024-06-25,2024-06-27,Approved,,DSA / Partner,4100.0,6791.98,2024-06-27
APP12816,CUST11289,LEN1014,420000.0,400000.0,23.1,12,Debt Consolidation,2024-09-07,2024-09-11,Approved,,Branch,7600.0,37649.84,2024-09-11
APP12817,CUST11375,LEN1013,120000.0,115000.0,26.6,36,Business Expansion,2024-01-20,2024-01-20,Approved,,Mobile App,2760.0,4670.26,2024-01-21
APP12818,CUST10900,LEN1018,420000.0,390000.0,21.11,36,Business Expansion,2025-09-17,2025-09-19,Approved,,Mobile App,7800.0,14715.31,2025-09-21
APP12819,CUST10302,LEN1016,205000.0,,,36,Vehicle Purchase,2024-02-19,,Rejected,High Debt-to-Income Ratio,DSA / Partner,,,
APP12820,CUST10794,LEN1011,350000.0,295000.0,17.94,6,Education,2025-03-08,2025-03-10,Approved,,Direct Telecall,6490.0,51771.12,2025-03-11
APP12821,CUST11288,LEN1020,300000.0,,,36,Vehicle Purchase,2024-09-07,,Rejected,High Debt-to-Income Ratio,Direct Telecall,,,
APP12822,CUST10215,LEN1018,105000.0,,,12,Education,2025-01-14,,Rejected,Insufficient Monthly Income,Mobile App,,,
APP12823,CUST11392,LEN1014,85000.0,80000.0,13.16,48,Personal Expenses,2024-08-13,2024-08-15,Approved,,DSA / Partner,1520.0,2152.56,2024-08-17
APP12824,CUST10732,LEN1015,215000.0,210000.0,14.73,24,Home Renovation,2025-02-27,2025-03-02,Approved,,Direct Telecall,6825.0,10155.28,2025-03-05
APP12825,CUST11103,LEN1011,270000.0,,,36,Wedding,2024-09-28,,Pending,,DSA / Partner,,,
APP12826,CUST11016,LEN1012,385000.0,,,48,Debt Consolidation,2024-09-02,,Pending,,Direct Telecall,,,
APP12827,CUST10585,LEN1017,480000.0,,,12,Business Expansion,2025-04-01,,Rejected,Incomplete Documentation,Mobile App,,,
APP12828,CUST10942,LEN1009,370000.0,,,60,Personal Expenses,2025-05-02,,Pending,,Mobile App,,,
APP12829,CUST10798,LEN1015,175000.0,,,24,Debt Consolidation,2024-09-28,,Pending,,Mobile App,,,
APP12830,CUST10308,LEN1001,355000.0,290000.0,24.02,24,Vehicle Purchase,2024-12-29,2024-12-31,Approved,,DSA / Partner,7250.0,15335.51,2025-01-01
APP12831,CUST10611,LEN1003,255000.0,,,60,Wedding,2025-10-29,,Rejected,High Debt-to-Income Ratio,Mobile App,,,
APP12832,CUST10122,LEN1020,300000.0,275000.0,22.46,60,Personal Expenses,2024-02-17,2024-02-17,Approved,,Direct Telecall,9625.0,7667.3,2024-02-20
APP12833,CUST10764,LEN1013,500000.0,,,36,Home Renovation,2024-10-24,,Rejected,Incomplete Documentation,Mobile App,,,
APP12834,CUST10540,LEN1011,230000.0,205000.0,22.31,60,Business Expansion,2025-11-03,2025-11-04,Approved,,Direct Telecall,4510.0,5698.07,2025-11-05
APP12835,CUST11387,LEN1005,405000.0,,,24,Personal Expenses,2025-11-30,,Rejected,Incomplete Documentation,Direct Telecall,,,
APP12836,CUST10028,LEN1002,325000.0,310000.0,15.96,6,Medical Emergency,2024-03-02,2024-03-06,Approved,,Mobile App,6200.0,54098.23,2024-03-08
APP12837,CUST10864,LEN1003,195000.0,160000.0,17.05,48,Vehicle Purchase,2024-03-23,2024-03-25,Approved,,Website,2400.0,4620.95,2024-03-26
APP12838,CUST10918,LEN1009,140000.0,125000.0,14.83,6,Debt Consolidation,2024-11-09,2024-11-09,Approved,,Direct Telecall,2250.0,21743.68,2024-11-12
APP12839,CUST11047,LEN1016,240000.0,210000.0,19.55,18,Wedding,2025-08-20,2025-08-23,Approved,,Direct Telecall,5880.0,13554.89,2025-08-24
APP12840,CUST11451,LEN1020,130000.0,115000.0,24.04,18,Home Renovation,2025-02-17,2025-02-19,Approved,,Website,4025.0,7672.99,2025-02-19
APP12841,CUST11079,LEN1020,190000.0,180000.0,10.51,48,Home Renovation,2024-08-26,2024-08-27,Approved,,Direct Telecall,6300.0,4609.48,2024-08-28
APP12842,CUST11017,LEN1014,1000000.0,,,60,Personal Expenses,2024-10-11,,Pending,,Website,,,
APP12843,CUST10986,LEN1008,375000.0,,,24,Home Renovation,2024-03-09,,Pending,,Mobile App,,,
APP12844,CUST10519,LEN1002,405000.0,,,12,Medical Emergency,2025-02-01,,Pending,,Branch,,,
APP12845,CUST10771,LEN1002,470000.0,430000.0,13.01,18,Wedding,2024-08-06,2024-08-08,Approved,,Mobile App,8600.0,26424.47,2024-08-11
APP12846,CUST11025,LEN1011,205000.0,,,24,Debt Consolidation,2024-05-11,,Rejected,Low Credit Score,Website,,,
APP12847,CUST10385,LEN1011,445000.0,,,18,Medical Emergency,2025-11-19,,Pending,,Mobile App,,,
APP12848,CUST10341,LEN1008,330000.0,300000.0,12.74,24,Education,2024-03-25,2024-03-30,Approved,,Website,6000.0,14225.94,2024-04-02
APP12849,CUST10848,LEN1010,750000.0,,,60,Wedding,2024-11-05,,Pending,,DSA / Partner,,,
APP12850,CUST10196,LEN1007,95000.0,90000.0,10.53,12,Business Expansion,2025-06-01,2025-06-03,Approved,,Mobile App,2475.0,7934.63,2025-06-05
APP12851,CUST10401,LEN1009,575000.0,,,24,Business Expansion,2024-03-21,,Rejected,KYC Verification Failed,Branch,,,
APP12852,CUST10431,LEN1020,210000.0,195000.0,18.75,60,Business Expansion,2024-06-20,2024-06-24,Approved,,Direct Telecall,6825.0,5031.62,2024-06-26
APP12853,CUST10704,LEN1020,300000.0,,,6,Debt Consolidation,2025-11-24,,Rejected,Low Credit Score,Direct Telecall,,,
APP12854,CUST10350,LEN1018,605000.0,530000.0,22.79,18,Business Expansion,2024-04-23,2024-04-27,Approved,,Branch,10600.0,35039.47,2024-04-28
APP12855,CUST10441,LEN1018,160000.0,,,60,Medical Emergency,2024-08-13,,Rejected,KYC Verification Failed,Branch,,,
APP12856,CUST11091,LEN1019,310000.0,310000.0,13.38,48,Personal Expenses,2024-02-26,2024-02-26,Approved,,Direct Telecall,9300.0,8375.11,2024-02-28
APP12857,CUST10789,LEN1007,230000.0,190000.0,19.28,48,Home Renovation,2024-06-09,2024-06-11,Approved,,Website,5225.0,5709.13,2024-06-14
APP12858,CUST10496,LEN1002,1000000.0,905000.0,17.28,48,Medical Emergency,2024-03-05,2024-03-06,Approved,,Mobile App,18100.0,26245.1,2024-03-08
APP12859,CUST10186,LEN1003,515000.0,,,24,Medical Emergency,2024-09-12,,Rejected,Low Credit Score,Mobile App,,,
APP12860,CUST10681,LEN1012,310000.0,260000.0,22.03,60,Personal Expenses,2024-11-24,2024-11-26,Approved,,Mobile App,6500.0,7185.35,2024-11-28
APP12861,CUST10022,LEN1015,400000.0,,,6,Medical Emergency,2025-09-23,,Pending,,Mobile App,,,
APP12862,CUST10835,LEN1012,600000.0,530000.0,13.02,18,Business Expansion,2025-04-12,2025-04-15,Approved,,Website,13250.0,32572.17,2025-04-16
APP12863,CUST10626,LEN1011,700000.0,,,18,Medical Emergency,2024-07-07,,Rejected,Past Loan Default,Branch,,,
APP12864,CUST11211,LEN1004,70000.0,55000.0,14.49,36,Debt Consolidation,2024-06-05,2024-06-05,Approved,,Website,962.5,1892.89,2024-06-05
APP12865,CUST10047,LEN1014,540000.0,505000.0,21.56,48,Vehicle Purchase,2025-01-24,2025-01-24,Approved,,Direct Telecall,9595.0,15790.18,2025-01-25
APP12866,CUST10328,LEN1009,200000.0,165000.0,25.14,48,Medical Emergency,2025-07-02,2025-07-03,Approved,,DSA / Partner,2970.0,5483.82,2025-07-04
APP12867,CUST11408,LEN1003,405000.0,340000.0,20.04,24,Business Expansion,2025-02-15,2025-02-19,Approved,,Direct Telecall,5100.0,17311.22,2025-02-22
APP12868,CUST10300,LEN1001,255000.0,245000.0,15.65,48,Debt Consolidation,2025-08-09,2025-08-14,Approved,,DSA / Partner,6125.0,6899.53,2025-08-14
APP12869,CUST10023,LEN1012,600000.0,,,12,Business Expansion,2024-05-12,,Rejected,High Debt-to-Income Ratio,DSA / Partner,,,
APP12870,CUST11129,LEN1015,50000.0,40000.0,29.91,12,Home Renovation,2024-02-01,2024-02-04,Approved,,Mobile App,1300.0,3897.71,2024-02-06
APP12871,CUST11145,LEN1011,525000.0,480000.0,16.32,48,Home Renovation,2024-07-14,2024-07-15,Approved,,Website,10560.0,13682.13,2024-07-17
APP12872,CUST10181,LEN1010,495000.0,495000.0,13.15,48,Personal Expenses,2025-11-24,2025-11-29,Approved,,Website,12375.0,13316.49,2025-11-29
APP12873,CUST11447,LEN1005,215000.0,175000.0,12.16,36,Vehicle Purchase,2025-01-24,2025-01-25,Approved,,Mobile App,3937.5,5825.89,2025-01-26
APP12874,CUST10537,LEN1001,110000.0,,,18,Debt Consolidation,2024-09-26,,Rejected,Insufficient Monthly Income,DSA / Partner,,,
APP12875,CUST10818,LEN1020,300000.0,280000.0,31.84,6,Personal Expenses,2024-03-26,2024-03-30,Approved,,Website,9800.0,51094.98,2024-04-01
APP12876,CUST10893,LEN1013,500000.0,,,18,Education,2024-04-06,,Rejected,Insufficient Monthly Income,Mobile App,,,
APP12877,CUST10675,LEN1012,215000.0,195000.0,29.1,12,Education,2025-07-26,2025-07-30,Approved,,Branch,4875.0,18923.77,2025-08-02
APP12878,CUST11491,LEN1013,210000.0,,,48,Education,2024-07-29,,Rejected,Insufficient Monthly Income,Mobile App,,,
APP12879,CUST11350,LEN1002,375000.0,,,12,Home Renovation,2024-01-24,,Rejected,Low Credit Score,Branch,,,
APP12880,CUST10201,LEN1007,635000.0,545000.0,15.78,6,Debt Consolidation,2025-08-26,2025-08-26,Approved,,DSA / Partner,14987.5,95059.45,2025-08-26
APP12881,CUST10439,LEN1017,105000.0,,,18,Medical Emergency,2024-09-19,,Pending,,Direct Telecall,,,
APP12882,CUST11068,LEN1019,410000.0,375000.0,13.35,60,Business Expansion,2024-09-08,2024-09-12,Approved,,Direct Telecall,11250.0,8599.74,2024-09-14
APP12883,CUST10631,LEN1003,285000.0,275000.0,15.72,60,Medical Emergency,2025-04-15,2025-04-17,Approved,,Website,4125.0,6646.62,2025-04-18
APP12884,CUST10631,LEN1015,110000.0,100000.0,15.45,12,Business Expansion,2025-02-22,2025-02-26,Approved,,Mobile App,3250.0,9047.08,2025-02-28
APP12885,CUST11493,LEN1008,180000.0,,,48,Vehicle Purchase,2024-01-09,,Pending,,DSA / Partner,,,
APP12886,CUST11140,LEN1009,395000.0,375000.0,18.42,60,Vehicle Purchase,2025-06-25,2025-06-27,Approved,,Direct Telecall,6750.0,9608.42,2025-06-30
APP12887,CUST11411,LEN1005,350000.0,,,12,Business Expansion,2025-11-09,,Rejected,Past Loan Default,Direct Telecall,,,
APP12888,CUST11359,LEN1006,500000.0,,,12,Home Renovation,2025-07-03,,Pending,,Direct Telecall,,,
APP12889,CUST10004,LEN1004,635000.0,515000.0,16.21,12,Education,2024-08-02,2024-08-06,Approved,,Website,9012.5,46777.59,2024-08-08
APP12890,CUST10875,LEN1018,835000.0,775000.0,18.81,48,Vehicle Purchase,2025-02-23,2025-02-27,Approved,,DSA / Partner,15500.0,23094.96,2025-03-02
APP12891,CUST10571,LEN1011,325000.0,,,12,Wedding,2024-10-14,,Rejected,Past Loan Default,Website,,,
APP12892,CUST10667,LEN1019,240000.0,225000.0,13.84,12,Medical Emergency,2024-12-31,2025-01-03,Approved,,Mobile App,6750.0,20185.17,2025-01-05
APP12893,CUST10706,LEN1011,790000.0,745000.0,20.85,12,Wedding,2025-07-04,2025-07-04,Approved,,Website,16390.0,69316.14,2025-07-04
APP12894,CUST11446,LEN1010,300000.0,260000.0,26.81,24,Home Renovation,2025-03-30,2025-04-04,Approved,,DSA / Partner,6500.0,14113.83,2025-04-04
APP12895,CUST11264,LEN1020,300000.0,275000.0,22.84,18,Business Expansion,2024-10-01,2024-10-03,Approved,,Mobile App,9625.0,18187.55,2024-10-03
APP12896,CUST10734,LEN1014,410000.0,375000.0,11.21,6,Vehicle Purchase,2025-06-26,2025-07-01,Approved,,DSA / Partner,7125.0,64559.32,2025-07-01
APP12897,CUST10103,LEN1019,500000.0,440000.0,17.44,18,Home Renovation,2024-04-22,2024-04-22,Approved,,Mobile App,13200.0,27957.23,2024-04-22
APP12898,CUST10671,LEN1019,350000.0,290000.0,18.91,48,Home Renovation,2024-10-14,2024-10-18,Approved,,Mobile App,8700.0,8657.27,2024-10-19
APP12899,CUST10626,LEN1020,195000.0,180000.0,18.89,24,Vehicle Purchase,2024-02-19,2024-02-21,Approved,,Branch,6300.0,9063.93,2024-02-24
APP12900,CUST11342,LEN1002,535000.0,515000.0,14.17,60,Personal Expenses,2024-01-09,2024-01-11,Approved,,Website,10300.0,12028.59,2024-01-11
APP12901,CUST10148,LEN1011,245000.0,,,24,Education,2025-06-23,,Pending,,Website,,,
APP12902,CUST10818,LEN1013,500000.0,425000.0,28.56,24,Medical Emergency,2024-11-30,2024-11-30,Approved,,Website,10200.0,23449.06,2024-12-02
APP12903,CUST10502,LEN1019,115000.0,,,24,Personal Expenses,2025-03-23,,Rejected,Insufficient Monthly Income,Branch,,,
APP12904,CUST10548,LEN1013,500000.0,,,12,Wedding,2024-02-19,,Pending,,Mobile App,,,
APP12905,CUST11289,LEN1011,415000.0,,,24,Debt Consolidation,2025-08-10,,Pending,,Branch,,,
APP12906,CUST10129,LEN1004,900000.0,855000.0,25.63,12,Business Expansion,2025-03-31,2025-04-01,Approved,,DSA / Partner,14962.5,81524.41,2025-04-03
APP12907,CUST10088,LEN1006,485000.0,470000.0,17.56,18,Business Expansion,2025-10-26,2025-10-27,Approved,,Direct Telecall,14100.0,29890.23,2025-10-27
APP12908,CUST11380,LEN1016,350000.0,285000.0,14.06,60,Business Expansion,2024-05-22,2024-05-23,Approved,,Branch,7980.0,6640.32,2024-05-26
APP12909,CUST10533,LEN1007,800000.0,720000.0,14.44,18,Vehicle Purchase,2025-10-18,2025-10-21,Approved,,DSA / Partner,19800.0,44727.52,2025-10-21
APP12910,CUST10914,LEN1018,190000.0,155000.0,20.04,60,Personal Expenses,2024-12-17,2024-12-21,Approved,,DSA / Partner,3100.0,4110.0,2024-12-21
APP12911,CUST11244,LEN1017,160000.0,,,24,Business Expansion,2024-03-11,,Rejected,High Debt-to-Income Ratio,Website,,,
APP12912,CUST11173,LEN1009,730000.0,635000.0,12.52,60,Debt Consolidation,2024-06-18,2024-06-21,Approved,,Branch,11430.0,14292.65,2024-06-23
APP12913,CUST11270,LEN1018,135000.0,,,60,Education,2025-10-21,,Pending,,Branch,,,
APP12914,CUST10689,LEN1019,500000.0,,,24,Wedding,2024-12-24,,Rejected,Insufficient Monthly Income,DSA / Partner,,,
APP12915,CUST10654,LEN1019,500000.0,430000.0,15.38,24,Personal Expenses,2024-11-29,2024-12-04,Approved,,Website,12900.0,20926.98,2024-12-05
APP12916,CUST11308,LEN1010,175000.0,,,60,Vehicle Purchase,2025-04-27,,Pending,,Branch,,,
APP12917,CUST11347,LEN1016,70000.0,,,60,Vehicle Purchase,2024-06-27,,Pending,,Branch,,,
APP12918,CUST10289,LEN1001,635000.0,,,18,Personal Expenses,2025-02-18,,Pending,,DSA / Partner,,,
APP12919,CUST11422,LEN1008,280000.0,255000.0,18.65,6,Business Expansion,2025-01-03,2025-01-03,Approved,,Mobile App,5100.0,44841.53,2025-01-03
APP12920,CUST10225,LEN1004,445000.0,,,48,Debt Consolidation,2025-04-10,,Pending,,DSA / Partner,,,
APP12921,CUST10469,LEN1010,340000.0,330000.0,19.5,18,Education,2024-03-14,2024-03-19,Approved,,Direct Telecall,8250.0,21292.62,2024-03-22
APP12922,CUST10274,LEN1006,320000.0,280000.0,21.61,18,Wedding,2024-12-10,2024-12-12,Approved,,Branch,8400.0,18351.13,2024-12-14
APP12923,CUST11328,LEN1016,210000.0,190000.0,15.4,24,Business Expansion,2025-01-18,2025-01-20,Approved,,Direct Telecall,5320.0,9248.61,2025-01-21
APP12924,CUST10487,LEN1005,355000.0,345000.0,19.57,18,Business Expansion,2024-01-19,2024-01-23,Approved,,Branch,7762.5,22272.05,2024-01-25
APP12925,CUST10996,LEN1020,300000.0,280000.0,23.07,24,Business Expansion,2024-04-10,2024-04-11,Approved,,Branch,9800.0,14674.26,2024-04-13
APP12926,CUST11287,LEN1004,350000.0,,,24,Home Renovation,2024-08-06,,Pending,,Mobile App,,,
APP12927,CUST11342,LEN1010,290000.0,245000.0,15.94,18,Personal Expenses,2024-04-14,2024-04-17,Approved,,DSA / Partner,6125.0,15392.88,2024-04-17
APP12928,CUST10522,LEN1016,410000.0,,,24,Education,2024-05-07,,Pending,,Website,,,
APP12929,CUST11139,LEN1012,415000.0,,,36,Business Expansion,2025-06-14,,Pending,,Mobile App,,,
APP12930,CUST11460,LEN1007,755000.0,610000.0,28.82,18,Business Expansion,2025-02-16,2025-02-17,Approved,,Direct Telecall,16775.0,42139.27,2025-02-20
APP12931,CUST10207,LEN1001,115000.0,110000.0,18.53,18,Personal Expenses,2024-02-10,2024-02-10,Approved,,Direct Telecall,2750.0,7046.46,2024-02-13
APP12932,CUST10943,LEN1019,480000.0,425000.0,24.03,18,Personal Expenses,2025-07-10,2025-07-14,Approved,,DSA / Partner,12750.0,28354.62,2025-07-16
APP12933,CUST10643,LEN1004,310000.0,285000.0,30.71,48,Home Renovation,2025-01-08,2025-01-13,Approved,,Mobile App,4987.5,10379.73,2025-01-16
APP12934,CUST10912,LEN1013,500000.0,500000.0,11.6,18,Education,2025-05-13,2025-05-18,Approved,,DSA / Partner,12000.0,30398.2,2025-05-20
APP12935,CUST11441,LEN1017,680000.0,,,6,Wedding,2025-04-10,,Pending,,Mobile App,,,
APP12936,CUST10263,LEN1005,620000.0,525000.0,14.6,12,Debt Consolidation,2024-08-06,2024-08-06,Approved,,Mobile App,11812.5,47286.58,2024-08-07
APP12937,CUST11254,LEN1001,155000.0,150000.0,14.5,12,Personal Expenses,2025-04-24,2025-04-27,Approved,,Branch,3750.0,13503.38,2025-04-29
APP12938,CUST11259,LEN1008,300000.0,,,60,Education,2025-05-06,,Pending,,Website,,,
APP12939,CUST11459,LEN1019,500000.0,450000.0,26.23,60,Medical Emergency,2024-10-01,2024-10-06,Approved,,Direct Telecall,13500.0,13534.55,2024-10-06
APP12940,CUST11361,LEN1002,1000000.0,,,48,Education,2025-10-05,,Rejected,Insufficient Monthly Income,Website,,,
APP12941,CUST10748,LEN1018,780000.0,775000.0,18.11,24,Personal Expenses,2024-06-27,2024-07-02,Approved,,Branch,15500.0,38732.38,2024-07-05
APP12942,CUST10486,LEN1016,690000.0,,,18,Medical Emergency,2025-06-02,,Rejected,Past Loan Default,Mobile App,,,
APP12943,CUST10800,LEN1014,315000.0,,,6,Medical Emergency,2025-11-19,,Rejected,High Debt-to-Income Ratio,Mobile App,,,
APP12944,CUST10402,LEN1006,235000.0,225000.0,10.75,48,Home Renovation,2024-06-11,2024-06-11,Approved,,Website,6750.0,5787.96,2024-06-14
APP12945,CUST11315,LEN1018,550000.0,,,12,Business Expansion,2024-11-09,,Rejected,Insufficient Monthly Income,Branch,,,
APP12946,CUST10653,LEN1015,400000.0,375000.0,21.99,48,Debt Consolidation,2025-01-16,2025-01-21,Approved,,DSA / Partner,12187.5,11812.74,2025-01-23
APP12947,CUST10574,LEN1010,385000.0,360000.0,15.82,6,Medical Emergency,2025-06-29,2025-07-04,Approved,,Direct Telecall,9000.0,62798.71,2025-07-06
APP12948,CUST10175,LEN1007,295000.0,275000.0,14.02,24,Education,2024-01-19,2024-01-20,Approved,,Branch,7562.5,13206.14,2024-01-20
APP12949,CUST11414,LEN1019,225000.0,,,60,Vehicle Purchase,2024-11-04,,Rejected,Low Credit Score,Branch,,,
APP12950,CUST11100,LEN1009,750000.0,620000.0,10.58,6,Debt Consolidation,2025-11-17,2025-11-17,Approved,,DSA / Partner,11160.0,106545.35,2025-11-19
APP12951,CUST11356,LEN1017,855000.0,840000.0,17.09,12,Business Expansion,2024-03-02,2024-03-05,Approved,,Website,17640.0,76647.87,2024-03-06
APP12952,CUST11110,LEN1007,800000.0,715000.0,12.83,6,Education,2025-06-04,2025-06-06,Approved,,Mobile App,19662.5,123665.5,2025-06-09
APP12953,CUST10989,LEN1002,260000.0,,,6,Vehicle Purchase,2025-11-11,,Rejected,Insufficient Monthly Income,Direct Telecall,,,
APP12954,CUST10892,LEN1004,585000.0,555000.0,22.93,12,Wedding,2024-05-27,2024-05-30,Approved,,DSA / Partner,9712.5,52193.61,2024-06-02
APP12955,CUST11340,LEN1016,390000.0,350000.0,21.3,6,Vehicle Purchase,2024-04-06,2024-04-10,Approved,,Mobile App,9800.0,62010.42,2024-04-13
APP12956,CUST11149,LEN1002,305000.0,245000.0,16.17,6,Vehicle Purchase,2024-08-15,2024-08-20,Approved,,Branch,4900.0,42780.61,2024-08-21
APP12957,CUST10793,LEN1010,440000.0,390000.0,17.91,60,Vehicle Purchase,2025-09-21,2025-09-25,Approved,,Website,9750.0,9884.35,2025-09-25
APP12958,CUST10822,LEN1002,670000.0,540000.0,24.94,48,Education,2025-11-29,2025-12-01,Approved,,Branch,10800.0,17886.78,2025-12-01
APP12959,CUST11157,LEN1016,560000.0,540000.0,16.49,12,Debt Consolidation,2024-12-10,2024-12-15,Approved,,Mobile App,15120.0,49119.96,2024-12-18
APP12960,CUST11399,LEN1002,135000.0,110000.0,18.35,6,Business Expansion,2025-08-10,2025-08-14,Approved,,Branch,2200.0,19326.96,2025-08-15
APP12961,CUST11187,LEN1013,500000.0,410000.0,11.5,6,Wedding,2024-06-28,2024-06-29,Approved,,Website,9840.0,70643.56,2024-06-29
APP12962,CUST11226,LEN1008,240000.0,210000.0,13.61,24,Home Renovation,2024-06-24,2024-06-25,Approved,,Website,4200.0,10044.06,2024-06-25
APP12963,CUST10868,LEN1019,460000.0,410000.0,12.88,60,Personal Expenses,2025-06-06,2025-06-10,Approved,,Branch,12300.0,9303.59,2025-06-10
APP12964,CUST10290,LEN1020,210000.0,200000.0,20.24,60,Business Expansion,2024-08-24,2024-08-25,Approved,,Branch,7000.0,5325.52,2024-08-25
APP12965,CUST10009,LEN1014,140000.0,120000.0,25.6,12,Business Expansion,2025-05-06,2025-05-09,Approved,,Mobile App,2280.0,11440.27,2025-05-10
APP12966,CUST11414,LEN1012,165000.0,,,12,Medical Emergency,2024-02-18,,Pending,,Website,,,
APP12967,CUST10182,LEN1005,860000.0,745000.0,18.86,12,Education,2025-08-08,2025-08-13,Approved,,Mobile App,16762.5,68606.88,2025-08-16
APP12968,CUST11160,LEN1019,165000.0,135000.0,16.29,12,Business Expansion,2025-04-09,2025-04-09,Approved,,Branch,4050.0,12267.2,2025-04-12
APP12969,CUST11433,LEN1001,105000.0,105000.0,16.19,18,Vehicle Purchase,2025-04-07,2025-04-09,Approved,,Branch,2625.0,6609.36,2025-04-09
APP12970,CUST10266,LEN1009,320000.0,,,48,Vehicle Purchase,2024-12-03,,Rejected,Low Credit Score,Mobile App,,,
APP12971,CUST10804,LEN1009,750000.0,665000.0,23.84,12,Business Expansion,2024-09-01,2024-09-01,Approved,,Mobile App,11970.0,62830.65,2024-09-04
APP12972,CUST10827,LEN1015,120000.0,105000.0,17.59,48,Vehicle Purchase,2024-01-10,2024-01-12,Approved,,Mobile App,3412.5,3061.93,2024-01-15
APP12973,CUST11386,LEN1008,765000.0,645000.0,21.97,48,Wedding,2024-02-15,2024-02-19,Approved,,Mobile App,12900.0,20310.92,2024-02-22
APP12974,CUST11480,LEN1015,165000.0,,,60,Wedding,2024-12-14,,Rejected,Low Credit Score,Website,,,
APP12975,CUST10001,LEN1010,405000.0,,,36,Personal Expenses,2024-11-06,,Pending,,Branch,,,
APP12976,CUST11436,LEN1015,285000.0,,,12,Medical Emergency,2024-04-04,,Pending,,Branch,,,
APP12977,CUST10706,LEN1013,180000.0,,,18,Debt Consolidation,2025-05-10,,Pending,,Mobile App,,,
APP12978,CUST10106,LEN1015,400000.0,385000.0,23.13,60,Business Expansion,2024-11-02,2024-11-02,Approved,,Branch,12512.5,10882.11,2024-11-02
APP12979,CUST10221,LEN1002,365000.0,,,36,Wedding,2024-11-10,,Rejected,Insufficient Monthly Income,DSA / Partner,,,
APP12980,CUST10742,LEN1010,300000.0,250000.0,12.2,18,Vehicle Purchase,2025-04-17,2025-04-20,Approved,,Website,6250.0,15268.75,2025-04-21
APP12981,CUST10341,LEN1013,295000.0,,,12,Debt Consolidation,2024-12-11,,Rejected,KYC Verification Failed,Branch,,,
APP12982,CUST11394,LEN1001,920000.0,,,36,Personal Expenses,2025-06-03,,Rejected,KYC Verification Failed,Branch,,,
APP12983,CUST11404,LEN1013,395000.0,345000.0,12.27,18,Vehicle Purchase,2025-03-20,2025-03-24,Approved,,Mobile App,8280.0,21082.1,2025-03-25
APP12984,CUST11332,LEN1014,135000.0,120000.0,19.35,36,Home Renovation,2025-07-15,2025-07-18,Approved,,DSA / Partner,2280.0,4419.99,2025-07-21
APP12985,CUST10935,LEN1015,400000.0,365000.0,25.48,24,Personal Expenses,2024-07-29,2024-08-01,Approved,,Direct Telecall,11862.5,19568.62,2024-08-02
APP12986,CUST10771,LEN1008,665000.0,540000.0,12.86,36,Home Renovation,2025-03-30,2025-03-30,Approved,,Direct Telecall,10800.0,18158.34,2025-04-02
APP12987,CUST10489,LEN1012,165000.0,155000.0,10.6,36,Vehicle Purchase,2024-07-10,2024-07-14,Approved,,Mobile App,3875.0,5045.19,2024-07-15
APP12988,CUST10589,LEN1007,195000.0,165000.0,29.58,12,Education,2024-05-26,2024-05-27,Approved,,Mobile App,4537.5,16051.31,2024-05-29
APP12989,CUST10574,LEN1013,65000.0,,,24,Personal Expenses,2025-08-02,,Rejected,KYC Verification Failed,DSA / Partner,,,
APP12990,CUST11450,LEN1008,185000.0,170000.0,11.07,6,Vehicle Purchase,2024-12-18,2024-12-21,Approved,,Branch,3400.0,29255.15,2024-12-24
APP12991,CUST10662,LEN1005,920000.0,,,6,Home Renovation,2024-12-17,,Rejected,High Debt-to-Income Ratio,Branch,,,
APP12992,CUST10988,LEN1002,100000.0,,,24,Debt Consolidation,2025-06-27,,Pending,,Website,,,
APP12993,CUST11139,LEN1011,210000.0,175000.0,23.94,24,Business Expansion,2024-04-19,2024-04-23,Approved,,Mobile App,3850.0,9247.2,2024-04-23
APP12994,CUST10525,LEN1006,250000.0,215000.0,20.89,18,Home Renovation,2024-01-07,2024-01-10,Approved,,Branch,6450.0,14016.24,2024-01-12
APP12995,CUST10271,LEN1012,480000.0,435000.0,24.22,6,Wedding,2025-03-10,2025-03-13,Approved,,Branch,10875.0,77706.78,2025-03-16
APP12996,CUST10057,LEN1006,150000.0,125000.0,26.54,48,Home Renovation,2024-05-05,2024-05-08,Approved,,Mobile App,3750.0,4252.73,2024-05-08
APP12997,CUST10191,LEN1020,300000.0,295000.0,20.01,18,Vehicle Purchase,2024-08-01,2024-08-06,Approved,,DSA / Partner,10325.0,19106.56,2024-08-07
APP12998,CUST11106,LEN1016,290000.0,260000.0,25.15,60,Wedding,2025-06-15,2025-06-20,Approved,,Mobile App,7280.0,7654.23,2025-06-20
APP12999,CUST10516,LEN1006,230000.0,210000.0,17.1,36,Business Expansion,2024-06-26,2024-07-01,Approved,,DSA / Partner,6300.0,7497.53,2024-07-04
APP13000,CUST10635,LEN1010,140000.0,,,6,Education,2024-07-06,,Pending,,Mobile App,,,
